id,title,published_at,source.name,url,language,category.primary,keywords,entities,content.text
30d98afbb0e1466cbc2931de1c08a0e2,Những chính sách mới đáng chú ý về tiền lương năm 2026,2026-02-26T12:05:00+00:00,24h,https://www.24h.com.vn/tin-tuc-trong-ngay/nhung-chinh-sach-moi-dang-chu-y-ve-tien-luong-nam-2026-c46a1740260.html,vi,trang-chu,tiền lương,,Lưu bài viết thành công Bạn có thể xem lại bài viết đã lưu ở trangTin bài đã lưu Nguồn: [Link nguồn]Nguồn: [Link nguồn]
62155d55599b4feb4b28159c2938c67f,Tổng Bí thư Tô Lâm nói về cuộc gặp gỡ với Tổng thống Mỹ Donald Trump,2026-02-26T17:01:00+00:00,24h,https://www.24h.com.vn/tin-tuc-trong-ngay/tong-bi-thu-to-lam-noi-ve-cuoc-gap-go-voi-tong-thong-my-donald-trump-c46a1740419.html,vi,trang-chu,Tổng Bí thư Tô Lâm|bầu cử|đại biểu Quốc hội,,"Lưu bài viết thành công Bạn có thể xem lại bài viết đã lưu ở trangTin bài đã lưu Hội nghị được tổ chức trực tuyến từ phường Hoàn Kiếm tới các phường Ba Đình, Ngọc Hà, Giảng Võ, Cửa Nam, Đống Đa, Kim Liên, Văn Miếu - Quốc Tử Giám, Láng và Ô Chợ Dừa. Đơn vị bầu cử số 1 TP Hà Nội gồm 5 ứng cử viên: Tổng Bí thư Tô Lâm, Bí thư Quân ủy Trung ương; bà Vũ Lan Phương, chuyên viên văn phòng HĐND, UBND phường Cửa Nam; Thiếu tướng Lưu Nam Tiến, Chính ủy Bộ Tư lệnh Thủ đô Hà Nội; ông Nguyễn Hoàng Trường, Bí thư Đảng ủy, Chủ tịch HĐND phường Cửa Nam; bà Trương Thị Kim Vân, chuyên viên Phòng Văn hóa Xã hội phường Đống Đa. Trước khi vào hội nghị tiếp xúc với cử tri, Tổng Bí thư Tô Lâm kiểm tra công tác chuẩn bị bầu cử tại trụ sở UBND phường Hoàn Kiếm Cử tri đã nghe tiểu sử tóm tắt, chương trình hành động của những người ứng cử và trao đổi ý kiến với những người ứng cử. Tại hội nghị, trả lời câu hỏi của cử tri về triển khai đường lối đối ngoại, Tổng Bí thư cho biết đối ngoại toàn diện là sự nghiệp của toàn Đảng, toàn dân, phát huy vai trò của cả ba kênh đối ngoại: đối ngoại Đảng, ngoại giao Nhà nước, đối ngoại nhân dân; đồng thời huy động sự tham gia của đối ngoại Quốc hội, các bộ, ban, ngành, địa phương và người dân. Đối ngoại cần được triển khai với phương châm: đa phương hóa, đa dạng hóa quan hệ, là bạn, là đối tác tin cậy, là thành viên có trách nhiệm trong cộng đồng quốc tế. Đối ngoại Việt Nam tiếp tục phát triển, tiếp thu những tinh hoa, tri thức và phương pháp của ngoại giao hiện đại, thấm nhuần tư tưởng ngoại giao của Chủ tịch Hồ Chí Minh là “dĩ bất biến, ứng vạn biến"". Nghị quyết Đại hội 14 xác định đối ngoại và hội nhập quốc tế phải là nhiệm vụ “trọng yếu, thường xuyên”. Đây là bước phát triển quan trọng về tư duy. Theo đó, đối ngoại, hội nhập quốc tế là một trong những nhiệm vụ chủ yếu, có tầm quan trọng hàng đầu; phải được tiến hành thường xuyên, chủ động, nhạy bén, kịp thời và hiệu quả cao. Tổng Bí thư cho rằng sự kiện Việt Nam tham gia Hội nghị Hòa bình về Gaza với tư cách là thành viên sáng lập vừa diễn ra tại thủ đô Washington D.C của Mỹ (19/2) là một minh chứng cho sự chủ động chiến lược trong chính sách đối ngoại của nước ta. Dư luận trong nước và quốc tế đánh giá cao vai trò của Việt Nam trong sự kiện này, thể hiện phần nào sự lớn mạnh và trưởng thành trong chính sách đối ngoại của Đảng. Việt Nam ủng hộ các giải pháp cụ thể nhằm chấm dứt xung đột, tái lập hòa bình, an ninh, tái thiết, bảo đảm cuộc sống cho người dân ở Dải Gaza Tổng Bí thư chia sẻ, khi Mỹ đặt vấn đề tham dự Hội đồng Hòa bình về Gaza thì Việt Nam là một trong những quốc gia của châu Á đầu tiên tham gia. Tổng Bí thư nói về cuộc gặp với Tổng thống Mỹ Donald Trump, buổi tiếp xúc là cơ hội để thúc đẩy quan hệ Việt Nam - Mỹ, trong đó trọng tâm là giải quyết vấn đề thuế đối ứng. Trong khuôn khổ chuyến công tác, Tổng Bí thư và lãnh đạo các bộ, địa phương đã có hơn 30 cuộc tiếp xúc, gặp gỡ. Tổng Bí thư cũng nêu về định hướng đối ngoại trong thời gian tới, trong đó năm 2027 Việt Nam sẽ là chủ nhà của Tuần lễ cấp cao APEC. Tổng Bí thư Tô Lâm phát biểu tại hội nghị Trả lời câu hỏi của cử tri về đổi mới căn bản, toàn diện giáo dục, Tổng Bí thư nêu rõ giáo dục, đào tạo được xác định là quốc sách hàng đầu, là đột phá chiến lược về con người, quyết định trực tiếp chất lượng nguồn nhân lực và tương lai phát triển của đất nước. Đây là nhiệm vụ của toàn hệ thống chính trị, toàn xã hội. Trong suốt chặng đường cách mạng, giáo dục nước ta đã đạt nhiều thành tựu quan trọng, góp phần nâng cao dân trí, đào tạo nhân lực cho sự nghiệp xây dựng và bảo vệ Tổ quốc. Tuy nhiên, Tổng Bí thư cho rằng cần nhìn thẳng vào thực tế là giáo dục đào tạo vẫn còn những hạn chế, bất cập, chưa thực sự trở thành động lực mạnh mẽ cho phát triển nhanh và bền vững. Bộ Chính trị, Chính phủ và các cơ quan liên quan đã tích cực triển khai một loạt chính sách mới như xây dựng các trường tiểu học và trung học cơ sở liên cấp nội trú cho các xã biên giới đất liền; hỗ trợ bữa ăn trưa cho các cháu tiểu học, xây dựng phòng học STEM để học và thực hành phải gắn liền với nhau. Tất cả những cố gắng đó đã bước đầu tạo ra sự chuyển biến tích cực trong giáo dục, đào tạo. Ngành giáo dục của Hà Nội phải đảm bảo tất cả các học sinh được đến trường. Mục tiêu cuối cùng là chất lượng thật; thầy cô yên tâm dạy học, học sinh học tốt hơn, gia đình bớt lo hơn, qua đó chuẩn bị nguồn nhân lực đủ năng lực, đạo đức và bản lĩnh để xây dựng Thủ đô Hà Nội, đất nước trong giai đoạn mới. Tổng Bí thư hoan nghênh khi Hà Nội đã đi đầu trong việc miễn học phí và hỗ trợ bữa ăn trưa cho học sinh. Theo Tổng Bí thư, trường học không chỉ là nơi học chữ mà là nơi học làm người. Học sinh nên được học âm nhạc, hội họa, thể thao; phải đảm bảo các cháu học hết lớp 12 để khi bước vào đời có đủ kiến thức để tiếp tục học nghề, học cao hơn. Nêu mục tiêu đến năm 2045, khi đất nước trở thành nước phát triển có thu nhập cao nên thế hệ sinh ra năm nay sẽ là chủ nhân tương lai. Vì vậy, theo Tổng Bí thư, ngay từ bây giờ phải tập trung bồi dưỡng dinh dưỡng, trí tuệ, thể chất và văn minh cho nguồn nhân lực này. Liên quan đến việc xây dựng và hoàn thiện chính sách, pháp luật về bảo vệ môi trường, theo Tổng Bí thư, Văn kiện Đại hội 14 đã xác định rõ: bảo vệ môi trường là nhiệm vụ trung tâm, ngang hàng với phát triển kinh tế và bảo đảm an sinh xã hội. Tổng Bí thư Tô Lâm và 4 người ứng cử đại biểu Quốc hội tại đơn vị bầu cử số 1 TP Hà Nội Cách tiếp cận hiện nay là chuyển mạnh từ tư duy ứng phó sang tư duy kiến tạo, phòng ngừa từ sớm, từ xa. Tổng Bí thư nêu về ba trọng tâm hành động: tiếp tục hoàn thiện chính sách, pháp luật về bảo vệ môi trường theo hướng thúc đẩy chuyển đổi xanh, kinh tế tuần hoàn và công khai thông tin để nhân dân tham gia giám sát; tăng cường kỷ luật, kỷ cương trong thực thi pháp luật. Nơi nào để xảy ra ô nhiễm nghiêm trọng, kéo dài thì phải làm rõ trách nhiệm người đứng đầu, xử lý nghiêm, không có vùng cấm; đặt người dân ở trung tâm của chính sách môi trường, bởi bảo vệ môi trường trước hết là bảo vệ sức khỏe và đời sống của nhân dân, nhất là các nhóm yếu thế. Tổng Bí thư nhấn mạnh bảo vệ môi trường không phải trách nhiệm của Nhà nước mà là trách nhiệm của mỗi doanh nghiệp, người dân. Khi môi trường được bảo vệ, chất lượng cuộc sống được nâng cao, thì đó là nền tảng của phát triển. Bảo vệ môi trường hôm nay là bảo vệ tương lai của con cháu mai sau. Đây không chỉ là một cam kết chính sách, mà là cam kết chính trị trước nhân dân, trước cử tri cả nước. Bộ trưởng Ngoại giao Lê Hoài Trung, Đặc phái viên của Tổng Bí thư Tô Lâm, hội kiến Chủ tịch Đảng Nước Nga Thống nhất và Chủ tịch Đảng Cộng sản Nga. Nguồn: [Link nguồn]Nguồn: [Link nguồn]"
c8952578edc336db151e552145457f63,Xử phạt chủ bãi xe chặt chém ở lễ hội,2026-02-26T15:00:00+00:00,24h,https://www.24h.com.vn/tin-tuc-trong-ngay/xu-phat-chu-bai-xe-chat-chem-o-le-hoi-c46a1740403.html,vi,trang-chu,bãi giữ xe|chùa Phật Tích|xử phạt|chặt chém|lễ hội|giá gửi xe,,"Lưu bài viết thành công Bạn có thể xem lại bài viết đã lưu ở trangTin bài đã lưu Ngày 26/2, thông tin từ công an xã Phật Tích cho biết đơn vị đã xác minh, xử lý 2 cá nhân có hành vi trông giữ xe trái quy định trong thời gian diễn ra lễ hội trên địa bàn. Qua kiểm tra, lực lượng chức năng xác định ông N.H.V (SN 1965) và bà N.T.C (SN 1975), cùng trú tại thôn Ngô Xá, có hoạt động tổ chức trông giữ xe và thu tiền không đúng quy định. Cụ thể, khoảng 9h30 ngày 21/2, ông N.H.V tự ý dựng lán, lập điểm trông giữ xe trên lòng đường, vỉa hè khi chưa được cơ quan có thẩm quyền cấp phép. Trong quá trình hoạt động đến 11h30 cùng ngày, ông V không phát vé cho khách, trực tiếp thu tiền cao hơn mức quy định. Khi bị kiểm tra, ông đã tự giác tháo dỡ lán trại, chấm dứt hành vi vi phạm. Công an xã Phật Tích làm việc với ông V. Ảnh: Báo và Phát thanh, Truyền hình Bắc Ninh. Đối với bà N.T.C, dù trước đó đã được ban tổ chức lễ hội tuyên truyền, nhắc nhở, song vẫn tổ chức trông giữ xe tự phát và tự ý nâng giá. Cụ thể, bà C thu 15.000 đồng/lượt/ máy và 30.000 đồng/lượt/ô tô, cao hơn mức niêm yết lần lượt 6.000 đồng và 9.000 đồng/lượt. Hành vi này vi phạm quy định trong lĩnh vực quản lý giá. Căn cứ tính chất, mức độ vi phạm, cơ quan công an đã ra quyết định xử phạt vi phạm hành chính đối với ông N.H.V số tiền 12,5 triệu đồng, bà N.T.C 20 triệu đồng theo quy định của pháp luật. Trao đổi với phóng viên Tiền Phong, một lãnh đạo công an phường Phật Tích cho biết thêm ngày 25/2, công an xã Phật Tích có thông báo về việc tìm người làm chứng, người biết việc. Theo đó, để có căn cứ xử lý các đối tượng có hành vi thu tiền trông giữ xe quá quy định của ban tổ chức lễ hội chùa Phật Tích đề ra, công an xã Phật Tích đề nghị các tổ chức, cá nhân đến chùa Phật Tích và ngày 21/2 (tức ngày mùng 5 tháng Giêng) thông tin đến công an xã. Trẩy hội đầu năm để cầu an nhưng nhiều người rơi vào cảnh kiệt sức, ám ảnh vì phải chen chúc, chôn chân trong ""biển người"" tại các điểm du lịch tâm... Nguồn: [Link nguồn]Nguồn: [Link nguồn]"
77e6bc19a2cfcf0ca0e9ecbd39cf195c,Giành lại sự sống cho bé trai rơi xuống hầm chứa nước thải chăn nuôi heo,2026-02-26T14:05:00+00:00,24h,https://www.24h.com.vn/tin-tuc-trong-ngay/gianh-lai-su-song-cho-be-trai-roi-xuong-ham-chua-nuoc-thai-chan-nuoi-heo-c46a1740401.html,vi,trang-chu,cứu sống bé trai|hầm chứa nước thải|sơ cấp cứu|an toàn cho trẻ nhỏ|Tây Ninh|nuôi heo,,"Lưu bài viết thành công Bạn có thể xem lại bài viết đã lưu ở trangTin bài đã lưu Tối 26-2, thông tin từ UBND xã Tân Thành, tỉnh Tây Ninh cho biết trên địa bàn vừa xảy ra một vụ đuối nước hy hữu, may mắn nạn nhân đã được cứu sống kịp thời nhờ sự dũng cảm của một người dân. Cứu sống bé trai rơi xuống hầm chứa nước thải chăn nuôi heo Trước đó, vào khoảng 15 giờ ngày 25-2, trong lúc người thân sơ ý, một cháu bé 1 tuổi không may rơi xuống hầm chứa nước thải chăn nuôi heo của gia đình. Khi phát hiện, cháu bé đã được đưa lên mặt đất trong tình trạng tím tái, ngưng tim, ngưng thở hoàn toàn. Nghe tiếng tri hô thất thanh, anh Nguyễn Hoàng Duy (SN 1997; ngụ ấp 2, xã Tân Thành) đang làm việc gần đó đã tức tốc lao đến ứng cứu. Dù tình trạng cháu bé rất nguy kịch, anh Duy vẫn giữ bình tĩnh thực hiện liên hoàn các thao tác sơ cấp cứu, ép tim và hà hơi thổi ngạt. Sau gần 20 phút kiên trì ""đấu trí"" với tử thần, phép màu đã xuất hiện khi cơ thể cháu bé ấm dần và có dấu hiệu hồi tỉnh. Ngay sau đó, nạn nhân được chuyển đến bệnh viện để tiếp tục theo dõi y tế. Cảm kích trước hành động nghĩa hiệp của anh Duy, đại diện Ban Quản lý ấp 4 và gia đình cháu bé đã trực tiếp gửi lời cảm ơn sâu sắc, đồng thời coi anh là người ""sinh ra cháu lần thứ hai"". Qua sự việc này, chính quyền địa phương đặc biệt lưu ý các hộ dân, nhất là các hộ có trang trại chăn nuôi, cần rà soát và xây dựng rào chắn an toàn, nắp đậy kiên cố cho ao hồ, hầm chứa nước thải. Phụ huynh tuyệt đối không lơ là trong việc giám sát trẻ nhỏ để tránh những tai nạn đáng tiếc tương tự. Liên quan đến vụ cháy cửa hàng điện nước khiến 4 người tử vong, bé trai 26 ngày tuổi được người cha ôm vào lòng, trốn vào nhà tắm may mắn thoát chết. Nguồn: [Link nguồn]Nguồn: [Link nguồn]"
7c62e9199f7321d787242895f3a50670,"Người đàn ông nhiều lần trói, đánh đập con, vợ đang mang thai trong ngày Tết",2026-02-26T07:15:00+00:00,24h,https://www.24h.com.vn/an-ninh-xa-hoi/nguoi-dan-ong-nhieu-lan-troi-danh-dap-con-vo-dang-mang-thai-trong-ngay-tet-c51a1740305.html,vi,trang-chu,cơ quan điều tra|công an tỉnh|cơ quan công an|hành hạ|tỉnh Bắc Ninh|đánh đập vợ con,,"Lưu bài viết thành công Bạn có thể xem lại bài viết đã lưu ở trangTin bài đã lưu Ngày 26-2, Cơ quan Cảnh sát điều tra, Công an tỉnh Bắc Ninh, cho biết đang tạm giữ hình sự Phan Văn Minh (32 tuổi, trú tại tổ dân phố Xuân Đông, phường Tân Tiến, tỉnh Bắc Ninh) để điều tra về hành vi ngược đãi, hành hạ vợ, con. Những vết thương trên người cháu M. do bố đánh đập Trước đó, ngày 24-2, Công an phường Tân Tiến, tỉnh Bắc Ninh tiếp nhận tin báo về việc cháu P.T.M.T. (13 tuổi) bị bố đẻ là Phan Văn Minh có hành vi trói cháu T. và dùng tay, chân, chổi quét nhà đánh gây thương tích, bầm tím nhiều chỗ trên cơ thể. Ngay sau khi tiếp nhận tin báo, Công an phường Tân Tiến, tỉnh Bắc Ninh đã khẩn trương điều tra, xác minh. Ngày 25-2, Cơ quan Công an đã làm rõ hành vi của Phan Văn Minh về tội ""Ngược đãi hoặc hành hạ vợ, con"". Tại cơ quan Công an, đối tượng Phan Văn Minh khai nhận trong khoảng thời gian từ ngày 19-2 đến ngày 22-2 đã 4 lần đánh, hành hạ con và vợ đang mang thai là chị N.T.T. (33 tuổi). Vết bầm tím trên chân cháu M. do bị bố đánh Được biết, đối tượng Phan Văn Minh là đối tượng có tính côn đồ, khi vợ và con làm trái ý với mình là đánh đập, hành hạ. Hiện, Cơ quan điều tra Công an tỉnh Bắc Ninh đang hoàn tất hồ sơ xử lý đối tượng theo quy định của pháp luật. Những ngày cuối năm 2025, đầu năm 2026, khi dòng người hối hả ngược xuôi về quê đón Tết, các cán bộ chiến sĩ Công an phường Bình Phước, tỉnh Đồng Nai... Nguồn: [Link nguồn]Nguồn: [Link nguồn]"
6158e5a1581481dd73690e1446976bb5,Con gái Chủ tịch Triều Tiên Kim Jong Un gây xôn xao với chiếc áo khoác,2026-02-26T10:00:00+00:00,24h,https://www.24h.com.vn/tin-tuc-quoc-te/con-gai-chu-tich-trieu-tien-kim-jong-un-gay-xon-xao-voi-chiec-ao-khoac-c415a1740361.html,vi,trang-chu,Triều Tiên|Kim Jong Un|Kim Ju Ae|Đại hội Đảng Triều Tiên,,"Lưu bài viết thành công Bạn có thể xem lại bài viết đã lưu ở trangTin bài đã lưu Chủ tịch Triều Tiên Kim Jong Un và con gái Ju Ae tại lễ diễu binh. (Ảnh: KCNA) Cô bé Ju Ae xuất hiện nổi bật trong loạt ảnh được truyền thông nhà nước Triều Tiên đăng tải ngày 26/2, nhân dịp bế mạc đại hội của Đảng Lao động cầm quyền. Hai cha con nhà lãnh đạo mặc áo khoác da giống nhau khi theo dõi cuộc duyệt binh quân sự quy mô lớn. Phu nhân Ri Sol Ju cũng đứng bên cạnh với trang phục tương tự. Giới phân tích bên ngoài từ lâu đã coi cô bé Ju Ae là người kế nhiệm tiềm năng. Nhận định đó càng được củng cố sau nhiều dịp cô bé xuất hiện công khai gần đây. Theo nhà phân tích Lim Eul-chul ở Hàn Quốc, áo khoác da vốn là trang phục quen thuộc của ông Kim, đặc biệt trong các dịp quan trọng. “Trong biểu tượng chính trị của Triều Tiên, hình ảnh đó mang ý nghĩa lớn - gắn liền với hình tượng nhà lãnh đạo đóng vai trò bảo đảm tối cao cho an ninh quốc gia và thịnh vượng tương lai. Vì vậy, khi bộ trang phục mang tính biểu tượng ấy được khoác lên con gái nhỏ của ông, thật khó để coi đó là sự trùng hợp”, ông Lim nhận định. Những bức ảnh khác từ cuộc duyệt binh cho thấy Ju Ae bước trên thảm đỏ cạnh cha mình, khi ông nhận lời chào từ các tướng lĩnh cấp cao của quân đội Triều Tiên. Đầu tháng này, Cơ quan Tình báo quốc gia Hàn Quốc cho biết Ju Ae đã được “chỉ định rõ ràng là người kế nhiệm”. Ông Leif-Eric Easley, một chuyên gia về bán đảo Triều Tiên, cho rằng sự xuất hiện mới nhất của Ju Ae cho thấy vị thế của cô đã được nâng cao. “Tuy nhiên, cô bé vẫn xuất hiện với tư cách con gái của nhà lãnh đạo. Có lẽ cô vẫn chưa đủ tuổi để tham gia đại hội với một chức danh chính thức trong đảng”, ông nói. Ju Ae lần đầu được giới thiệu công khai vào năm 2022, khi cô tháp tùng cha tới thị sát một vụ phóng tên lửa đạn đạo xuyên lục địa. Bình Nhưỡng chưa bao giờ xác nhận tuổi của Ju Ae, nhưng giới phân tích bên tin rằng cô đang ở độ tuổi thiếu niên. Ju Ae cũng gây chú ý với gu thời trang cao cấp, từng xuất hiện với kính râm Gucci và đeo đồng hồ Cartier. Trong một số dịp, cô xuất hiện với phong cách giống cha mình, mặc áo khoác da đồng điệu và đeo kính tối màu. KCNA đưa tin người em gái quyền lực của nhà lãnh đạo Triều Tiên Kim Jong-un được thăng chức trong cơ cấu Ủy ban Trung ương đảng Lao động Triều Tiên... Nguồn: [Link nguồn]Nguồn: [Link nguồn]"
e78593354eae258f27ec70e0963898e1,Xác minh vụ ô tô lao vào nhóm người tại cây xăng ở Đà Lạt,2026-02-26T13:55:00+00:00,24h,https://www.24h.com.vn/tin-tuc-trong-ngay/xac-minh-vu-o-to-lao-vao-nhom-nguoi-tai-cay-xang-o-da-lat-c46a1740402.html,vi,trang-chu,ở Đà Lạt|Lâm Đồng|xe ô tô|cây xăng,,"Lưu bài viết thành công Bạn có thể xem lại bài viết đã lưu ở trangTin bài đã lưu Chiều 26/2, một lãnh đạo phường Xuân Hương – Đà Lạt (Lâm Đồng) xác nhận trên địa bàn vừa xảy ra vụ ô tô con lao vào nhóm người đứng tại cây xăng. Theo vị lãnh đạo này, phường đã chỉ đạo Công an phối hợp các đơn vị liên quan xác minh, điều tra làm rõ vụ việc. Ô tô lao vào nhóm người tại cây xăng ở Đà Lạt Ô tô con lao vào nhóm người ở cây xăng bến xe liên tỉnh Đà Lạt. (Ảnh cắt từ camera) Vụ việc được xác định xảy ra chiều 25/2 tại cây xăng trước cổng Bến xe liên tỉnh Đà Lạt, thuộc phường Xuân Hương – Đà Lạt. Trước đó, mạng xã hội lan truyền clip ghi lại cảnh ô tô 4 chỗ biển số 49H-035.59 do một thanh niên điều khiển lao thẳng vào nhóm người đang đứng phía sau cây xăng. Cú tông khiến một người bị đẩy ngã, những người còn lại kịp thời né tránh. Chiếc xe sau đó tiếp tục lao về phía trước, tông vào bàn ghế làm việc của nhân viên cây xăng. Clip khác ghi lại cảnh một thanh niên liên tục la hét, chỉ tay về phía một người khác. Nhiều người xung quanh can ngăn và giữ người này lại. Hai clip thu hút sự quan tâm của dư luận. Rất nhiều người nêu ý kiến đề nghị cơ quan chức năng sớm điều tra, xử lý nghiêm hành vi nguy hiểm, coi thường pháp luật và tính mạng con người này. Cơ quan chức năng đang tiếp tục điều tra, làm rõ sự việc trên. Tuyến cao tốc Vân Phong - Nha Trang ùn tắc sau khi xảy ra vụ tai nạn liên hoàn, khiến 3 ô tô bốc cháy dữ dội vào rạng sáng 6-12 Nguồn: [Link nguồn]Nguồn: [Link nguồn]"
e65df97627c6737b44dd9f5db3ed74aa,Phí sử dụng đường bộ trên 5 tuyến cao tốc Bắc-Nam được tính cụ thể thế nào?,2026-02-26T13:30:00+00:00,24h,https://www.24h.com.vn/tin-tuc-trong-ngay/phi-su-dung-duong-bo-tren-5-tuyen-cao-toc-bac-nam-duoc-tinh-cu-the-the-nao-c46a1740392.html,vi,trang-chu,cao tốc bắc nam|phí đường bộ,,"Lưu bài viết thành công Bạn có thể xem lại bài viết đã lưu ở trangTin bài đã lưu Quyết định này được đưa ra dựa trên đề nghị của Cục Đường bộ Việt Nam và căn cứ theo các Nghị định của Chính phủ về thu phí sử dụng đường bộ cao tốc đối với tài sản công do Nhà nước trực tiếp quản lý. Theo đó, 5 tuyến cao tốc được áp dụng mức phí mới bao gồm: Mai Sơn - Quốc lộ 45, Quốc lộ 45 - Nghi Sơn, Nghi Sơn - Diễn Châu, Vĩnh Hảo - Phan Thiết và Phan Thiết - Dầu Giây. Bộ Xây dựng giao Cục Đường bộ Việt Nam căn cứ mức phí đã được phê duyệt để thực hiện công khai mức thu, phương thức thu và tổ chức triển khai thu phí theo đúng quy định pháp luật. Tuyến cao tốc Nghi Sơn - Diễn Châu được chia thành 4 chặng thu phí. Theo đó, mức 1 là 1.300 đồng/km đối với xe tiêu chuẩn, áp dụng cho các tuyến cao tốc đáp ứng đầy đủ điều kiện (4 làn xe, có làn dừng khẩn cấp liên tục) là tuyến Phan Thiết-Dầu Giây. Mức 2 là 900 đồng/km, áp dụng với các tuyến chưa đáp ứng đầy đủ yêu cầu kỹ thuật (4 làn xe, làn dừng khẩn cấp không liên tục) gồm: Mai Sơn-Quốc lộ 45, Quốc lộ 45-Nghi Sơn, Nghi Sơn-Diễn Châu, Vĩnh Hảo-Phan Thiết. Cụ thể, cao tốc Mai Sơn-Quốc lộ 45 có chiều dài tính phí thực tế là 61,02 km, với mức phí cao nhất với xe nhóm 1 (xe dưới 12 chỗ, xe tải có tải trọng dưới 2 tấn, các loại xe buýt chở khách công cộng) là 54.909 đồng; mức phí cao nhất với xe nhóm 5 (xe tải có tải trọng từ 18 tấn trở lên, xe chở container 40 feet trở lên) là 219.636 đồng. Cao tốc Quốc lộ 45-Nghi Sơn có chiều dài tính phí là 45,018km, sẽ có mức phí cao nhất với xe nhóm 1 là 40.516 đồng, xe nhóm 5 là 162.065 đồng. Cao tốc Nghi Sơn-Diễn Châu chiều dài tính phí 50,45km, sẽ có mức phí cao nhất với xe nhóm 1 là 45.405 đồng, xe nhóm 5 là 181.620 đồng. Cao tốc Vĩnh Hảo-Phan Thiết có chiều dài tính phí 100,618km, sẽ có mức phí cao nhất với xe nhóm 1 là 90.555 đồng, xe nhóm 5 là 362.225 đồng. Cao tốc Phan Thiết-Dầu Giây có chiều dài tính phí 99km, sẽ có mức phí cao nhất với xe nhóm 1 là 128.700 đồng, xe nhóm 5 là 518.800 đồng. Các trạm thu phí trên 5 đoạn tuyến cao tốc trên sẽ thực hiện thu phí điện tử không dừng (ETC) với số tiền tính theo số km xe lăn bánh thực tế. Theo Bộ Xây dựng, việc triển khai thu phí nhằm đảm bảo nguồn kinh phí để quản lý, bảo trì và tái đầu tư cho hệ thống kết cấu hạ tầng giao thông đường bộ cao tốc của cả nước. Bộ Xây dựng cũng yêu cầu Cục Đường bộ Việt Nam căn cứ mức phí được duyệt, thực hiện công khai mức thu, phương thức thu, đối tượng nộp, miễn, giảm và tổ chức thu phí theo quy định của pháp luật phí, lệ phí. Trước đó, Cục Đường bộ Việt Nam có đề xuất việc thu phí trên được áp dụng từ ngày 1/3/2026. Tuy nhiên, theo các văn bản liên quan về vấn đề thu phí mới nhất được Bộ Xây dựng ban hành chưa thấy nhắc đến thời điểm thu phí. Camera ghi cảnh xe khách giường nằm bất ngờ lao nhanh tông 4 ôtô chạy cùng chiều trên cao tốc Phan Thiết - Dầu Giây, khiến nhiều phương tiện hư hỏng,... Nguồn: [Link nguồn]Nguồn: [Link nguồn]"
30571a4aac6b217b474dbe1e4023ac3b,Thủ tướng yêu cầu xử lý nghiêm sai phạm liên quan đến dự án sân bay Long Thành,2026-02-26T12:47:00+00:00,24h,https://www.24h.com.vn/tin-tuc-trong-ngay/thu-tuong-yeu-cau-xu-ly-nghiem-sai-pham-lien-quan-den-du-an-san-bay-long-thanh-c46a1740390.html,vi,trang-chu,Thủ tướng|sân bay Long Thành|Thủ tướng Phạm Minh Chính,,"Lưu bài viết thành công Bạn có thể xem lại bài viết đã lưu ở trangTin bài đã lưu Văn phòng Chính phủ vừa ban hành Thông báo số 89 kết luận của Thủ tướng Phạm Minh Chính tại phiên họp lần thứ 23 Ban Chỉ đạo Nhà nước các công trình, dự án quan trọng quốc gia, trọng điểm ngành Giao thông Vận tải. Thủ tướng đánh giá, bên cạnh các kết quả đạt được, vẫn còn một số nhiệm vụ liên quan đến lập và trình phê duyệt chủ trương đầu tư, công tác giải phóng mặt bằng chưa đáp ứng tiến độ yêu cầu. Các bộ, ngành, địa phương có liên quan cần nghiêm túc rút kinh nghiệm, trong thời gian tới cần nỗ lực, quyết tâm hơn nữa để đẩy nhanh tiến độ thực hiện. Thủ tướng Phạm Minh Chính kiểm tra, đôn đốc, động viên các lực lượng tham gia dự án Cảng hàng không quốc tế Long Thành hồi tháng 12/2025. (Ảnh: VGP) Với dự án Cảng hàng không quốc tế Long Thành giai đoạn 1, Thủ tướng yêu cầu các bộ, cơ quan, nhất là ACV khẩn trương rà soát khối lượng công việc còn lại, xây dựng kế hoạch chi tiết, tổ chức thi công hợp lý, khoa học, bảo đảm hoàn thành dự án trong nửa đầu năm 2026; chịu trách nhiệm trước Đảng, Chính phủ, Thủ tướng và Nhân dân về tiến độ, chất lượng, an toàn của dự án. ""Nguyên tắc là xử lý nghiêm sai phạm theo pháp luật và không để ách tắc trong quá trình triển khai dự án"", Thủ tướng quán triệt. Với các dự án đường bộ cao tốc đã hoàn thành, thông xe kỹ thuật dịp 19/12/2025, Thủ tướng yêu cầu TP.HCM và các tỉnh Lạng Sơn, Cao Bằng, Tuyên Quang, Khánh Hòa, Đắk Lắk, Đồng Nai, Đồng Tháp, Cần Thơ, An Giang, Tây Ninh xác định việc hoàn thành các dự án là nhiệm vụ chính trị hàng đầu trong chỉ đạo điều hành. Các địa phương cần quyết liệt chỉ đạo các chủ đầu tư, nhà thầu huy động tối đa nguồn lực tài chính, xe máy, thiết bị, bổ sung dây chuyền thi công, khắc phục điều kiện thời tiết, tổ chức thi công ""3 ca 4 kíp"" để hoàn thành các dự án đã thông xe kỹ thuật sớm nhất có thể. Thủ tướng giao Bộ Xây dựng chỉ đạo các chủ đầu tư, nhà thầu tổ chức thi công ""3 ca 4 kíp"" để hoàn thành đồng bộ các hạng mục còn lại (đường gom, trạm dừng nghỉ, trạm thu phí, kiểm soát tải trọng xe, ITS…) tại các dự án cao tốc Bắc - Nam phía Đông và dự án đã thông xe kỹ thuật để đưa vào khai thác, phục vụ nhu cầu đi lại của người dân. Về các công trình, dự án phục vụ APEC, Thủ tướng yêu cầu TP Hà Nội và tỉnh Bắc Ninh đẩy nhanh tiến độ phê duyệt Báo cáo nghiên cứu khả thi dự án Đường nối sân bay Gia Bình trong tháng 2 để sớm triển khai thi công, đáp ứng tiến độ theo kế hoạch. Tỉnh An Giang được yêu cầu chỉ đạo nhà đầu tư kiểm soát chặt chẽ chất lượng, an toàn lao động, tổ chức thi công hợp lý để đẩy nhanh tiến độ triển khai dự án mở rộng, nâng cấp Cảng hàng không Phú Quốc, sớm hoàn thành đưa vào khai thác sử dụng. Bộ Công an, Bộ Xây dựng cần chỉ đạo nhà đầu tư dự án khẩn trương hoàn thiện thủ tục phê duyệt Báo cáo nghiên cứu khả thi dự án trong tháng 2 để sớm triển khai thực hiện dự án Sân bay Gia Bình đáp ứng tiến độ theo kế hoạch. Với các dự án đang chuẩn bị đầu tư, Thủ tướng giao Bộ Xây dựng chủ trì phối hợp với các địa phương liên quan, VEC và các chủ đầu tư rà soát, đề xuất phương án đầu tư, nâng cấp hoàn thiện các tuyến đường bộ cao tốc đã và đang đầu tư theo quy mô phân kỳ theo đúng chỉ đạo của Thủ tướng. UBND tỉnh Quảng Trị nghiên cứu rà soát danh mục dự án đề xuất đầu tư bằng vốn trung hạn 2026 - 2030 bảo đảm đúng tiêu chí, nguyên tắc theo hướng dẫn của Bộ Tài chính, trong đó ưu tiên nghiên cứu đầu tư tuyến cao tốc nối từ cảng Mỹ Thủy đến Cửa khẩu Lalay. TP.HCM khẩn trương hoàn thành công tác lựa chọn nhà đầu tư DATP1 dự án TP.HCM - Mộc Bài, hoàn thành trong tháng 4. Với các dự án đang thực hiện đầu tư, Thủ tướng yêu cầu tỉnh Bắc Ninh khẩn trương hoàn thành thủ tục để bàn giao phần mặt bằng còn lại của DATP3 đường Vành đai 4 vùng Thủ đô Hà Nội trong Quý I/2026. TP Hà Nội và các tỉnh Bắc Ninh, An Giang, Đồng Tháp, Vĩnh Long căn cứ quy định của pháp luật để thực hiện ngay việc cấp phép khai thác, nâng công suất mỏ vật liệu xây dựng thông thường theo cơ chế đặc thù để bảo đảm nguồn vật liệu đắp nền đường cho dự án Vành đai 4 vùng Thủ đô Hà Nội, dự án cao tốc Châu Đốc - Cần Thơ - Sóc Trăng và Mỹ Thuận - Cần Thơ bảo đảm không ảnh hưởng tới tiến độ các dự án. Trong công tác triển khai thi công, Thủ tướng lưu ý Bộ Xây dựng chỉ đạo các chủ đầu tư, các nhà thầu tổ chức thi công ""3 ca, 4 kíp"" để hoàn thành các hạng mục còn lại tại các dự án đã thông xe kỹ thuật để đưa vào khai thác, phục vụ nhu cầu đi lại của người dân; tiếp tục chỉ đạo các chủ đầu tư, nhà thầu thi công đẩy nhanh tiến độ thi công dự án còn lại bảo đảm tiến độ yêu cầu. UBND các tỉnh có các dự án cao tốc đi qua phối hợp với Bộ Công an quyết liệt chỉ đạo các cơ quan, đơn vị liên quan đảm bảo an ninh, an toàn, kịp thời có biện pháp ngăn chặn, xử lý nghiêm các hành vi trộm cắp tài sản tại các công trình, dự án. Với các dự án cải tạo, mở rộng các cảng biển quan trọng như cảng Cái Mép - Thị Vải, Lạch Huyện, Liên Chiểu…, Thủ tướng chỉ đạo các địa phương quan tâm, đẩy nhanh công tác giải phóng mặt bằng, các cơ quan chủ quản cần đôn đốc sát sao để sớm hoàn thành các dự án, đưa vào khai thác sử dụng, thúc đẩy phát triển kinh tế. Với các dự án cải tạo, mở rộng cảng hàng, sân bay Quảng Trị, Phù Cát, Côn Đảo, Thổ Chu…, các bộ, ngành, địa phương tập trung chỉ đạo, lãnh đạo để hoàn thành đáp ứng tiến độ theo kế hoạch, sớm đưa vào khai thác, vận hành nhưng phải đảm bảo chất lượng, an toàn bay. Sân bay Long Thành đã đón thành công các chuyến bay kỹ thuật cuối năm 2025. Cùng Tiền Phong nhìn lại quá trình chuẩn bị, đầu tư, xây dựng ""siêu sân... Nguồn: [Link nguồn]Nguồn: [Link nguồn]"
0c7d9468e926d0c926d3c68eee993a71,"Video bóng đá ĐT nữ Malaysia - Thái Lan: Hủy diệt 8 bàn, hẹn đấu Việt Nam (Futsal Đông Nam Á)",2026-02-26T13:36:00+00:00,24h,https://www.24h.com.vn/bong-da/video-bong-da-dt-nu-malaysia-thai-lan-huy-diet-8-ban-hen-dau-viet-nam-futsal-dong-nam-a-c48a1740343.html,vi,trang-chu,kết quả bóng đá|kết quả Futsal Đông Nam Á|Thái Lan|Malaysia,,"Lưu bài viết thành công Bạn có thể xem lại bài viết đã lưu ở trangTin bài đã lưu Đội tuyển futsal nữ Thái Lan sớm chiếm lợi thế ngay đầu trận. Phút thứ 3, từ tình huống phạt góc, Arriya Saetoen dứt điểm ở nhịp đầu tiên nhưng không thắng được thủ môn Rashid. Bóng bật ra và Darika Peanpailun nhanh chóng băng vào đá bồi, mở tỷ số. Đội tuyển futsal nữ Thái Lan hoàn toàn áp đảo Malaysia Sau bàn thắng sớm, Thái Lan tiếp tục tạo sức ép. Chỉ vài phút sau, thủ môn Rashid mắc sai lầm khi cản phá cú sút xa của Paerploy Huajaipetch, bóng bật ra đúng vị trí của Suchanat, người nhanh chân đá bồi thành công, nâng tỷ số lên 2-0 cho đội chủ nhà. Đến phút 11, Thái Lan gia tăng cách biệt lên 3-0. Từ pha phối hợp đẹp mắt, Paerploy Huajaipetch thực hiện đường chuyền dọn cỗ để Arriya Saetoen băng vào dứt điểm cận thành, ghi bàn gia tăng cách biệt. Thái Lan sẽ chạm trán Việt Nam ở bán kết Sang hiệp hai, mành lưới Malaysia thậm chí còn phải rung lên thêm 5 lần nữa. Suchanat hoàn tất cú đúp ở phút 28, trước khi Sangrawee Meekham và Jenjira Bubpha lần lượt điền tên lên bảng tỷ số chỉ trong vòng 1 phút. Cuối trận, Paerploy Huajaipetch ghi liền 2 bàn để khép lại chiến thắng hủy diệt cho Thái Lan. Với kết quả này, Thái Lan giành ngôi nhất bảng A với 6 điểm tuyệt đối, ghi tới 11 bàn và không để thủng lưới. Ở bán kết, các cô gái xứ Chùa vàng sẽ đối đầu đội tuyển futsal nữ Việt Nam diễn ra vào lúc 18h30 ngày 28/2. Tỷ số chung cuộc:Malaysia 0-8 Thái Lan (Hiệp 1: 0-3) Ghi bàn Thái Lan: Darika Peanpailun (3'), Suchanat (5') (28'), Arriya Saetoen (11'), Sangrawee Meekham (32'), Jenjira Bubpha (33'), Paerploy Huajaipetch (37') (40') Đội hình xuất phát Malaysia: Rashid, Abidin, Soberi, Zamri, Zulgafli Thái Lan: Nuengruthai, Huajaipetch, Nattamon, Bubpha, Darika Arsenal - Chelsea 01.03 Dự đoán tỷ số trận đấu.Cơ hội trúng ngay 500.000 đồng!!! (Bảng B futsal nữ Đông Nam Á) ĐT futsal nữ Việt Nam có màn trình diễn đỉnh cao trước Myanmar, đặc biệt trong hiệp hai. Nguồn: [Link nguồn]Nguồn: [Link nguồn]"
69784841472b875f19d9b6faf2835dc7,"Carrick có nhiều lợi thế ngồi ghế HLV chính thức ở MU, hơn hẳn thời Solskjaer",2026-02-26T09:00:00+00:00,24h,https://www.24h.com.vn/bong-da/carrick-co-nhieu-loi-the-ngoi-ghe-hlv-chinh-thuc-o-mu-hon-han-thoi-solskjaer-c48a1740120.html,vi,trang-chu,MU Carrick Solskjaer,,"Lưu bài viết thành công Bạn có thể xem lại bài viết đã lưu ở trangTin bài đã lưu Thời thế ủng hộ Carrick Trước đây, sau trận thứ 6 dẫn dắt MU ở vai trò HLV tạm quyền, Ole Gunnar Solskjaer đã biến bản thân trở thành người nắm chắc vị trí HLV chính thức trong tay. Giờ đây, sau chuỗi 6 trận bất bại (5 thắng, 1 hòa) cùng MU trong thời gian qua, Carrick thể hiện bản thân cũng đang ở vị thế tương tự Solskjaer. Nhưng cách xử lý của Carrick tại sân Old Trafford hiện tại không mang cảm giác “bất thường” như Solskjaer cách đây 7 năm. Tháng trước, MU chưa rơi vào tình trạng nguy kịch về điểm số trên bảng xếp hạngNgoại hạng Anh. Điều thú vị là nhiều cầu thủ phản đối việc sa thải Ruben Amorim. Nội bộ MU không quá loạn lạc khi Carrick tiếp quản vị trí HLV trưởng Trong khi đó, Solskjaer trở lại CLB khi đó bước vào kỷ nguyên cầu thủ nắm giữ quá nhiều quyền lực. Paul Pogba vàAnthony Martialdẫn đầu nhóm ""cừu đen"", chưa kể còn nhiều cái tên khác muốn rời CLB. Chính vì vậy, việc cải thiện kết quả thi đấu của MU một cách ấn tượng chỉ trong vòng 6 tuần dưới thời Carrick có ý nghĩa lớn hơn cả giai đoạn thăng hoa kéo dài của Solskjaer. 5 chiến thắng của MU đều mang phong cách rất khác nhau, điều này cho thấy Carrick sở hữu nhiều “vũ khí” đáng gờm. Chiến thắng trước 1-0 Everton không phải là màn trình diễn đỉnh cao, nhưng Carrick đã có ngày chỉ đạo xuất sắc. Ông chủ động tung Benjamin Sesko vào sân và cầu thủ này trở thành người hùng, đồng thời hạn chế thay người hàng loạt để giữ vững sự ổn định của hàng thủ. Trong quá khứ, mỗi khi MU sa thải HLV, dư luận thường đã có sự đồng thuận rõ ràng về người sẽ hoặc nên thay thế, dù cuối cùng người đó có được bổ nhiệm hay không. Louis Van Gaal, Jose Mourinho và Ruben Amorim đều đã được nhắm đến từ vài tuần cho đến vài tháng trước khi người tiền nhiệm bị sa thải. Như việc sa thải Solskjaer mở ra cuộc đua giữa Mauricio Pochettino và Erik Ten Hag trong vòng 3 tháng. Không ai hơn hẳn Carrick Hiện các cấp quản lý của MU đã thay đổi, nhưng gần như không có bất kỳ tiếng xì xào nào về ứng viên được ưu ái ở sân Old Trafford nhằm thay Carrick. Chính điều đó, tất nhiên hơn cả phong độ và màn trình diễn của MU hiện tại, lại đang là lợi thế lớn nhất cho Carrick. Thomas Tuchel đã gia hạn hợp đồng với Liên đoàn bóng đá Anh. Carlo Ancelotti dự kiến cũng gắn bó lâu dài với ĐT Brazil. Còn Pochettino nếu trở lại Ngoại hạng Anh sau khi dẫn dắt ĐT Mỹ tạiWorld Cup 2026khả năng cao sẽ trở về Tottenham. Ban lãnh đạo MU luôn nhấn mạnh tiêu chí chọn người tốt nhất và rõ ràng Carrick chưa đạt mức đó. Có những HLV giỏi hơn Carrick đang và sẽ sẵn sàng. Xabi Alonso là nhà vô địch Bundesliga, Xavi vô địch LaLiga cùng Barcelona. Thomas Frank và Roberto De Zerbi từng tạo kỳ tích ở Brentford và Brighton. Sean Dyche và Gareth Southgate có kinh nghiệm làm việc ở Anh dày dặn hơn Carrick. Carrick có mối quan hệ tốt với các cầu thủ Nhưng từ góc nhìn khác, nếu đội bóng giành vé dự Cúp C1 mùa tới với lối chơi hấp dẫn dưới sự dẫn dắt của HLV đã ở CLB từ 5-6 tháng, được cầu thủ tôn trọng và người hâm mộ ngưỡng mộ, thì việc giữ chân ông ấy là lựa chọn hợp lý. Bộ phận truyền thông MU cũng luôn muốn có người giống Carrick, khi ông không bao giờ phát ngôn gây sốc trong các cuộc họp báo. Trong khi đó, Amorim trước đây không chỉ gây sóng gió mà gần như lật úp cả con thuyền. Quy trình tìm kiếm HLV trưởng chính thức tiếp theo của MU không cần phải phức tạp. Hiện tại, đội chủ sân Old Trafford nên tiếp tục kiểm tra kỹ lưỡng HLV dày dặn kinh nghiệm hơn Carrick, người có khả năng đưa đội bóng lên tầm cao mới, đồng thời hỗ trợ bằng chính sách chuyển nhượng quyết liệt vào mùa hè 2026. Nhưng cuối cùng, tiêu chí cho HLV trưởng cho MU cần quy về câu hỏi duy nhất: Liệu có thể vẽ ra lộ trình giúp MU vô địch Ngoại hạng Anh hay không? Arsenal - Chelsea 01.03 Dự đoán tỷ số trận đấu.Cơ hội trúng ngay 500.000 đồng!!! MU phải rất vất vả mới đả bại được Everton 1-0 ngay trên sân đối thủ, trả món nợ đã vay ở lượt đi. Trận này, Benjamin Sesko trở thành ngôi sao với pha... Nguồn: [Link nguồn]Nguồn: [Link nguồn]"
3dd68f997f414b2532ff96b6beccb278,"3 đại gia La Liga quyết ngăn NHA làm loạn Cúp C1, Mourinho hết cửa về Real (Clip 1 phút)",2026-02-26T09:18:00+00:00,24h,https://www.24h.com.vn/bong-da/3-dai-gia-la-liga-quyet-ngan-nha-lam-loan-cup-c1-mourinho-het-cua-ve-real-clip-1-phut-c48a1740338.html,vi,trang-chu,clip 1 phút,,"Lưu bài viết thành công Bạn có thể xem lại bài viết đã lưu ở trangTin bài đã lưu Real Madrid đã đánh bại Benfica với tổng tỷ số 3-1 sau 2 lượt trận để vượt qua vòng play-offChampions League. Cùng với Barcelona và Atletico Madrid, ""Đội bóng Hoàng gia"" cũng giúp Tây Ban Nha có 3 đại diện hùng mạnh cho vòng 1/8. Họ sẽ trở thành đối trọng xứng tầm với Ngoại hạng Anh, trong bối cảnh cả 6 đại diện ""Xứ sở sương mù"" đều giành vé đi tiếp, đồng thời thể hiện sức mạnh vượt trội. Liên quan tới Champions League, thất bại trướcReal Madridkhiến hành trình của Benfica và huấn luyện viên JoseMourinhosớm khép lại. Thời gian qua, nhiều nguồn tin cho rằng Mourinho đang trở thành ứng viên hàng đầu tiếp quản ghế huấn luyện viên trưởng chính thức của Real Madrid sau mùa giải này. Dù vậy, khi hào quang rời xa Mourinho, rất khó để Real Madrid dám đặt niềm tin vào ông, và ngày ""Người đặc biệt"" trở lại với đỉnh cao còn rất xa vời. Thông tin đáng chú ý về Champions League và những đội bóng hàng đầu châu Âu sẽ có trong bản tin Clip 1 phút Bóng đá 24H ngày 26/2, mời các bạn đón xem! Arsenal - Chelsea 01.03 Dự đoán tỷ số trận đấu.Cơ hội trúng ngay 500.000 đồng!!! Cuộc chiến tiền thưởng tại Cúp C1 đang nóng lên sau khi xác định được 16 đội lọt vào vòng 1/8. Nguồn: [Link nguồn]Nguồn: [Link nguồn]"
f9eca4658d29708389d17dcc60603161,"AFC phạt Đình Bắc 1.000 USD, cấm thi đấu 2 trận ở đội tuyển Việt Nam",2026-02-26T08:28:00+00:00,24h,https://www.24h.com.vn/bong-da/afc-phat-dinh-bac-1000-usd-cam-thi-dau-2-tran-o-doi-tuyen-viet-nam-c48a1740328.html,vi,trang-chu,U23 Việt Nam|nguyễn đình bắc,,"Lưu bài viết thành công Bạn có thể xem lại bài viết đã lưu ở trangTin bài đã lưu Ngày 25/2, Liên đoàn bóng đá châu Á (AFC) công bố các quyết định kỷ luật trong đó có 2 án phạt liên quan đến bóng đá Việt Nam. Liên đoàn bóng đá Việt Nam bị phạt tiền 1.500 USD theo điều 53 trong Quy chế về Đạo đức và Kỷ luật của Liên đoàn bóng đá châu Á (AFC). Trong trận chung kết môn bóng đá nam SEA Games 33,U22 Việt Namcó 5 cầu thủ bị trọng tài phạt thẻ. Theo quy định, VFF bị phạt 300 USD cho mỗi thẻ phạt, tổng cộng là 1.500 USD. Đình Bắc bị cấm thi đấu 2 trận ở đội tuyển Việt Nam Án phạt tiếp theo đối với bóng đá Việt Nam là trường hợp Nguyễn Đình Bắc. Tiền đạo này bị truất quyền thi đấu bằng thẻ đỏ trực tiếp vì phạm lỗi nguy hiểm trong trận tranh hạng ba giải U23 châu Á 2026 giữa U23 Việt Nam và U23 Hàn Quốc. Đình Bắc bị cấm thi đấu 2 trận và phạt tiền 1.000 USD. Do cầu thủ này không còn đủ điều kiện tham dự giải đấu nào thuộc cấp độ U23 do AFC quản lý, án phạt ""treo giò"" được chuyển sang đội tuyển quốc gia. Điều này đồng nghĩa Đình Bắc không được tham dự 2 trận đấu tiếp theo củađội tuyển Việt Namthuộc các giải đấu do AFC hoặc FIFA quản lý. Như vậy, Đình Bắc chắc chắn không được thi đấu ở trận lượt về vòng loại Asian Cup 2027 giữa độituyển Việt Namvà Malaysia trong tháng 3 tới. Dù kết thúc giải đấu bằng tấm thẻ đỏ, vòng chung kết U23 châu Á 2026 vẫn là màn trình diễn thành công của Nguyễn Đình Bắc. Tiền đạo mang số áo 7 ghi 4 bàn và có 2 pha kiến tạo, góp công lớn giúp U23 Việt Nam giành huy chương đồng. Đình Bắc trở thành cầu thủ Việt Nam đầu tiên trong lịch sử giành danh hiệu vua phá lưới của giải đấu cấp châu lục. ""Điều khiến màn trình diễn của Đình Bắc trở nên đáng nể hơn là việc tiền đạo này chỉ đá chính hai trong tổng số sáu trận của U23 Việt Nam"", Liên đoàn bóng đá châu Á mô tả thành tích của Đình Bắc. Chỉ trong 1 năm, từ một cầu thủ tiềm năng, lắm tài, nhiều tật, Nguyễn Đình Bắc lột xác thành ngôi sao sáng nhất của Bóng đá Việt Nam, có mặt ở mọi... Nguồn: [Link nguồn]Nguồn: [Link nguồn]"
ee6e68db88d79e6bb67439f557335637,Tin mới nhất bóng đá tối 26/2: Salah cam kết tương lai với Liverpool,2026-02-25T22:58:00+00:00,24h,https://www.24h.com.vn/bong-da/tin-moi-nhat-bong-da-sang-26-2-cdv-benfica-dung-do-canh-sat-tai-madrid-c48a1740188.html,vi,trang-chu,Bóng đá 24h,,"Lưu bài viết thành công Bạn có thể xem lại bài viết đã lưu ở trangTin bài đã lưu Salah cam kết tương lai với Liverpool Tương lai của Mohamed Salah tại Liverpool từng là chủ đề gây nhiều đồn đoán trong thời gian qua. Tuy nhiên, theo tiết lộ từ Football Insider, ngôi sao người Ai Cập hoàn toàn sẵn sàng ở lại Anfield và thực hiện trọn vẹn hợp đồng hiện tại. Salah bày tỏ mong muốn gắn bó với Liverpool Bản giao kèo của Salah với Liverpool có thời hạn đến mùa hè năm 2027. Điều đó đồng nghĩa anh có thể tiếp tục cống hiến cho “Lữ đoàn đỏ” thêm vài mùa giải nữa, miễn là không có thỏa thuận chuyển nhượng nào với các CLB tại Saudi Pro League được ký kết vào cuối mùa giải năm nay. Arbeloa phản ứng trước khả năng tái ngộ Man City ở vòng 1/8 Cúp C1 Sau khi vượt qua Benfica đầy căng thẳng, Real Madrid sẽ chạm trán một trong hai đối thủ là Man City hoặc Sporting Lisbon ở vòng 1/8 Champions League. HLV Alvaro Arbeloa chia sẻ: “Mọi người dường như đã quá quen với việc đối đầu Man City, bởi điều đó đã lặp lại suốt sáu hoặc bảy năm qua. Con số ấy là rất nhiều, và tôi tin chúng tôi rồi sẽ lại gặp họ. Đối thủ là ai cũng vậy, bởi đó chắc chắn sẽ là cặp đấu cực kỳ khó khăn, đặc biệt khi chúng tôi phải đá lượt về trên sân khách. Cả hai cái tên đều không dễ bị đánh bại”. Arsenal, Liverpool và Man City theo sát sao trẻ 22 tuổi Theo tiết lộ từ TEAMtalk, trung vệ 22 tuổi Nnamdi Collins của Frankfurt đang lọt vào tầm ngắm của hàng loạt ông lớn Premier League. Nguồn tin này cho biết Arsenal, Liverpool, Man City, Newcastle, Brighton và Brentford đều dành sự quan tâm tới tài năng trẻ người Đức. Collins được đánh giá cao nhờ khả năng thi đấu đa năng nơi hàng phòng ngự, có thể đảm nhiệm nhiều vai trò khác nhau ở tuyến dưới. Barcelona “trói chân” Casado Theo nguồn tin độc quyền của nhà báo Nicolo Schira, tiền vệ trẻ Marc Casado đang tiến rất gần tới việc gia hạn hợp đồng với Barcelona đến năm 2030. Casado đã nhận được những lời tiếp cận từ nhiều CLB ngoài Tây Ban Nha, trong đó các đội bóng Anh tỏ ra đặc biệt sốt sắng. Tuy nhiên, phía Barcelona xác định rõ quan điểm giữ chân tiền vệ trẻ này như một phần trong kế hoạch dài hạn của đội bóng. Osasuna mở cuộc điều tra sau hỗn loạn ở trận thắng Real Madrid Osasuna đã chính thức triển khai các bước điều tra nhằm làm rõ những sự cố nghiêm trọng xảy ra sau trận thắng Real Madrid trên sân nhà El Sadar tại La Liga hôm 22/2. Trận đấu khép lại trong bầu không khí ăn mừng của các CĐV Osasuna. Tuy nhiên, theo các nguồn tin, tình hình bên ngoài sân đã nhanh chóng vượt khỏi tầm kiểm soát. Thông tin từ Mundo Deportivo cho biết lực lượng cảnh sát đã phải can thiệp, dẫn tới 2 vụ bắt giữ và 4 người phải nhập viện để điều trị. Bên cạnh đó, Osasuna cũng nhận được khoảng 20 đơn khiếu nại chính thức từ ban tổ chức La Liga liên quan đến các hành vi bạo lực diễn ra trong buổi tối hôm đó. Rice tiết lộ được Beckham nhắn tin sau cú đúp trước Real Madrid Declan Rice cho biết sau cú đúp đá phạt tung lưới Real Madrid ở tứ kết Champions League mùa trước, anh đã được David Beckham nhắn tin chúc mừng trên Instagram. “Thật điên rồ, vì David có những khoảnh khắc nổi tiếng từ các quả đá phạt và ông ấy với chúng tôi không khác gì một vị thần. Lần đầu tiên tôi gặp Beck là tại Qatar và tất cả chúng tôi đều đổ đến chỉ được nói chuyện cùng Beck”, Rice chia sẻ. Declan Rice tiết lộ được Beckham nhắn tin sau cú đúp sút phạt tung lưới Real Madrid Costacurta so sánh Pasalic với Baresi Sau màn ngược dòng kỳ vĩ của Atalanta trước Dortmund để lọt vào vòng 1/8 Cúp C1, trung vệ huyền thoại Alessandro Costacurta đã bày tỏ sự thán phục trên sóng truyền hình và thậm chí so sánh Mario Pasalic với người đồng đội huyền thoại của ông, Franco Baresi. “Pasalic, tôi phải nêu bật cậu ấy vì đây là một màn trình diễn tôi ít được thấy kể từ khi Baresi thi đấu cho Italia ởWorld Cup1994. Trong giờ phút đội bóng cần nhất, cậu ấy đã nắm tay mọi người và dắt họ tới chiến thắng”, Costacurta nói. Osimhen muốn né Liverpool Sau khi vượt quaJuventusở hiệp phụ, Galatasaray có thể gặp Liverpool hoặc Tottenham ở vòng 1/8 Champions League và người hùng Victor Osimhen đã thẳng thắn nói rằng anh không muốn gặp lại Liverpool, dù anh cùng các đồng đội đã thắng Liverpool ở vòng bảng. “Nếu gặp lại chúng tôi thì đó chẳng khác gì sứ mệnh trả thù cho bọn họ. Chúng tôi vẫn sẽ chiến đấu nếu điều đó xảy ra nhưng chắc chắn sẽ không dễ dàng”, Osimhen nói. Người của MU theo dõi Pape Gueye Báo chí Tây Ban Nha cho biết người của MU đang theo dõi tiền vệ Pape Gueye trong màu áo Villarreal. MU đang xếp Gueye vào danh sách những cầu thủ họ có thể tiếp cận nhằm thay thế Casemiro, nhưng Gueye chơi thiên về bao sân hơn khi cũng có khả năng tham gia tấn công. Gueye đã ghi 3 bàn & 1 kiến tạo mùa này và vừa có bàn thắng quyết định giúp Senegal vô địch CAN. CĐV Benfica đụng độ cảnh sát tại Madrid Theo báo chí Tây Ban Nha, một bộ phận CĐV Benfica đã đụng độ với cảnh sát Madrid trên đường tới sân Bernabeu. Cuộc hỗn chiến xảy ra trước khi trận đấu bắt đầu vài giờ. Nguồn tin cho biết một số người bị thương đã được chuyển tới bệnh viện gần nhất trong khi CĐV Benfica tỏ ra bất bình vì bị tấn công mà không hề có lý do. CĐV Benfica bị cảnh sát Madrid tấn công Declan Rice quyết giành chức vô địch League Cup Trong cuộc phỏng vấn mới đây, Declan Rice bày tỏ sự quyết tâm giành chức vô địch League Cup 2025/26, dù đối thủ trong trận chung kết là Man City. ""Đây là cơ hội đầu tiên để chúng tôi có danh hiệu trong mùa giải này. Đây có thể là bệ phóng để chúng tôi tiếp tục đăng quang tại Ngoại hạng Anh. Trận đấu này rất quan trọng và chúng tôi sẽ quyết giành chiến thắng"". Elliot Anderson nói về tương lai Trong cuộc phỏng vấn mới đây, tiền vệ Elliot Anderson đã thẳng thắn nói về tương lai trước những tin đồn liên quan đến MU và Man City. ""Hiện tại, tôi chỉ muốn tập trung chơi bóng và nỗ lực hết sức để giúp Nottingham Forest. Đó là tất cả những gì trong đầu tôi vào lúc này. Tôi không quan tâm tới báo chí nói gì"". Real Madrid trừng phạt fan quá khích Trước khi trận đấu với Benfica bắt đầu, một số CĐV Real Madrid đã có hành động quá khích khi thực hiện động tác ủng hộ phát xít. Đội bóng hoàng gia Tây Ban Nha nhanh chóng đưa ra thông cáo sẽ xác định danh tính của những CĐV này và đưa ra hình phạt cực nặng. Spaletti giải thích vì sao thay thủ môn Trong cuộc đối đầu với Galatasaray, HLV Spaletti đã quyết định dùng thủ môn Perin thay vì Di Gregorio. Ông thầy người Italia chia sẻ sau đó. ""Đó là kết quả của quá trình đánh giá chi tiết và thận trọng. Tất nhiên, tôi phải tham khảo ý kiến của cầu thủ trước khi đưa ra quyết định. Phản ứng của họ rất quan trọng. Đôi khi bạn cần phải nghỉ ngơi 1-2 trận để lấy lại phong độ"". ĐT Brazil dự kiến không có Neymar trong các trận giao hữu diễn ra trong tháng 3, khi HLV Ancelotti chưa muốn gọi cầu thủ này lên ĐTQG. Nguồn: [Link nguồn]Nguồn: [Link nguồn]"
975eb52fedaedff910edf7a3c18062ea,"Dàn hoa khôi Long An đấu CLB Thái Lan tranh vé bóng chuyền châu Á, thắng set 3 nghẹt thở",2026-02-26T12:50:00+00:00,24h,https://www.24h.com.vn/the-thao/dan-hoa-khoi-long-an-dau-clb-thai-lan-tranh-ve-bong-chuyen-chau-a-thang-set-3-nghet-tho-c101a1740387.html,vi,trang-chu,tin tuc bong chuyen|bong chuyen long an clb thai lan|bong chuyen nu long an|bong chuyen nu vn|hoa khoi bong chuyen|dai chien bong chuyen|bong chuyen long an supreme chonburi|Supreme Chonburi  long an tranh ve chau a,,"Lưu bài viết thành công Bạn có thể xem lại bài viết đã lưu ở trangTin bài đã lưu 🔥Dàn nội binh xuất trận Chiều tối ngày 26/2, VTV Bình Điền Long An đối đầu CLB của Thái Lan là Supreme Chonburi ngay tại thủ đô Bangkok nhằm tranh tấm vé duy nhất tham dự AVC Women’s Champions League Goyang 2026, sân chơi danh giá bậc nhất của bóng chuyền nữ cấp CLB châu Á. Mặc dù VTV Bình Điền Long An gặp rất nhiều bất ngờ về cả thời gian chuẩn bị, địa điểm thi đấu, phong độ lẫn lực lượng, người hâm mộ Việt Nam vẫn hy vọng đội bóng của HLV Nguyễn Thị Ngọc Hoa sẽ tạo nên bất ngờ. Các cô gái CLB Long An không thể làm nên bất ngờ trước đối thủ tới từ Thái Lan Đội nữ Long An ra sân với dàn nội binh quen thuộc như Kim Thanh, Trà My, Kim Thoa, Lan Vy cũng như libero trẻ Võ Thị Thảo Nguyên thay cho Nguyễn Khánh Đang đã gia nhập CLB Hà Nội. Trong khi đó, CLB Supreme Chonburi dù vắng 2 trụ cột là phụ công huyền thoại Pleumjit Thinkaow cùng chủ công Wipawee nhưng vẫn còn đó nhiều cái tên xuất sặc, nổi bật là Warisara Seetaloed và Kuttika Kaewpin. Đây cũng là trận đấu mà các fan còn ví von là đại chiến của những hot girl khi cả hai đội đều sở hữu nhiều gương mặt tài năng và xinh đẹp. 💥Đôi công hấp dẫn, nỗi nhớ Khánh Đang Bước vào trận đấu, các cầu thủ của CLB Supreme Chonburi khai thác tốt khoảng trống đội hình đối phương, thực hiện các pha bỏ nhỏ chính xác để dẫn 8-4. Liền sau đó, Long An với những bài đánh biên hiệu quả, đặc biệt là vị trí của Kim Thanh đã san hòa tỉ số. Mặc dù tạo nên thế trận đôi công hấp dẫn, hàng thủ thi đấu không tốt khiến các học trò của HLV Ngọc Hoa vẫn để thua set đầu 23-25. Thế trận ăn miếng trả miếng tiếp tục được hai đội thể hiện ở đầu set 2. Tuy nhiên, việc thiếu vắng Khánh Đang khiến CLB Long An bộc lộ điểm yếu với rất nhiều pha bắt bước 1 hỏng. CLB Supreme Chonburi tận dụng cơ hội, thắng tiếp 25-16. Gặp bất lợi, các cô gái Long An vẫn chơi đầy nỗ lực khiến đối thủ phải rơi vào thế bám đuổi trong set 3. Sau khi Supreme Chonburi vươn lên vào cuối hiệp, Kim Thanh và đồng đội cứu thành công 2 match point, thắng 28-26 để rút ngắn tỉ số còn 1-2 sau 3 set. Tuy nhiên trong set 4, CLB Supreme Chonburi tiếp tục khai thác điểm yếu nơi bước 1 của Long An để thắng 25-19, qua đó thắng chung cuộc 3-1 sau 4 set đấu. Kết quả này giúp CLB Supreme Chonburi giành suất dự AVC Champions League 2026 duy nhất của Đông Nam Á. ⚡Những khó khăn của VTV Bình Điền Long An Ngay trước thềm kỳ nghỉ Tết Âm lịch, VTV Bình Điền Long An bất ngờ nhận thông báo từ Liên đoàn Bóng chuyền Đông Nam Á (SAVA) về việc tổ chức vòng đấu loại nhằm lựa chọn đại diện duy nhất của khu vực Đông Nam Á tham dự AVC Champions League 2026. Mặc dù đã rút ngắn đáng kể kỳ nghỉ Tết Âm lịch, đoàn quân của HLV Ngọc Hoa có quỹ thời gian cực kỳ ít ỏi để chuẩn bị cho trận đấu cũng như không thể bổ sung lực lượng sau khi một số trụ cột đã chuyển sang khoác áo CLB khác. Điều này chưa kể đến việc cả đội phải di chuyển đến Thái Lan để làm khách. Trong khi đó, Supreme Chonburi lại sở hữu lợi thế khi không chỉ thi đấu trên sân nhà mà giải vô địch quốc gia Thái Lan vẫn đang diễn ra, giúp đội bóng duy trì được nhịp thi đấu ổn định và sớm đạt trạng thái thi đấu tốt nhất. (NLĐO) – Có quá ít thời gian chuẩn bị cho trận đấu quan trọng ở SAVA Club Volleyball Championship, VTV Bình Điền Long An vẫn quyết tâm đánh bại... Nguồn: [Link nguồn]Nguồn: [Link nguồn]"
9193dd4487f0d7b2552c563a442b1a07,"Ronaldo chính thức làm ông chủ CLB Tây Ban Nha, bắt đầu giấc mơ mua lại MU?",2026-02-26T11:53:00+00:00,24h,https://www.24h.com.vn/bong-da/ronaldo-chinh-thuc-lam-ong-chu-clb-tay-ban-nha-bat-dau-giac-mo-mua-lai-mu-c48a1740379.html,vi,trang-chu,Ronaldo|MU|Ronaldo lấn sân làm chủ CLB Tây Ban Nha,,"Lưu bài viết thành công Bạn có thể xem lại bài viết đã lưu ở trangTin bài đã lưu Sau gần một thập kỷ chinh phục La Liga trong màu áo Real Madrid, Cristiano Ronaldo nay tái xuất bóng đá Tây Ban Nha với vai trò hoàn toàn mới ông chủ. Ronaldo trở lại Tây Ban Nha theo cách đặc biệt Sáng thứ năm, siêu sao 41 tuổi xác nhận đã mua 25% cổ phần của UD Almeria thông qua công ty CR7 Sports Investments. Mức phí không được tiết lộ, nhưng đây được xem là bước ngoặt lớn trong hành trình hậu sự nghiệp của cầu thủ từng được định giá có tài sản hơn 1 tỷ bảng. Trong tuyên bố chính thức, đội trưởng của Al Nassr nhấn mạnh: “Đóng góp cho bóng đá, không chỉ trên sân cỏ, luôn là tham vọng lâu nay của tôi. UD Almeria là một câu lạc bộ Tây Ban Nha có nền tảng vững chắc và tiềm năng phát triển rõ rệt. Tôi mong muốn được làm việc cùng ban lãnh đạo để hỗ trợ câu lạc bộ bước vào giai đoạn phát triển tiếp theo”. Thương vụ của Ronaldo diễn ra một năm sau khi Almeria được một tập đoàn đầu tư Ả Rập Xê Út tiếp quản. Chủ tịch CLB, ông Mohamed Al Khereiji, người được cho là có vai trò quan trọng trong việc đưa Ronaldo sang Al Nassr năm 2022 là nhân vật đứng sau hậu trường thương vụ này. Siêu sao 41 tuổi xác nhận đã mua 25% cổ phần của UD Almeria Chia sẻ về sự kiện trên, ông Al Khereiji cho biết: “Chúng tôi rất vui mừng vì Ronaldo đã chọn câu lạc bộ của chúng tôi để đầu tư. Ông ấy được coi là cầu thủ vĩ đại nhất mọi thời đại, ông ấy hiểu rất rõ các giải đấu Tây Ban Nha và nắm bắt được tiềm năng của những gì chúng ta đang xây dựng ở đây, cả về đội bóng lẫn học viện”. Hiện tại, Almeria đang cạnh tranh quyết liệt ở Segunda Division, bám sát nhóm đầu với mục tiêu thăng hạng. Trận đấu đầu tiên của đội bóng trong kỷ nguyên có Ronaldo làm đồng chủ sở hữu sẽ là chuyến làm khách trước Albacete. Với nguồn lực tài chính lẫn hình ảnh từ CR7, tham vọng trở lại La Liga của Almeria rõ ràng được tiếp thêm cú hích lớn. Việc lấn sân làm chủ CLB diễn ra 14 tháng sau khi Ronaldo bóng gió về khả năng sở hữu một đội bóng, thậm chí là “tái thiết” MU. Tại lễ trao giải Dubai Globe Soccer Awards tháng 12/2024, anh thẳng thắn: “GiảiNgoại hạng Anhlà giải đấu khó khăn nhất thế giới. Tất cả các đội đều giỏi, đều chiến đấu hết mình. Bóng đá bây giờ đã khác, không còn trận đấu nào dễ dàng nữa. Vấn đề không phải là huấn luyện viên. Tôi luôn đưa ra ví dụ này, nó giống như một bể cá vậy. Nếu bạn nuôi cá trong nhà và nó bị bệnh, rồi bạn chữa trị cho nó nhưng lại thả nó vào cùng một bể, nó sẽ lại bị bệnh”. Ronaldo nhấn mạnh: “Vấn đề của MU cũng vậy thôi. Không phải lúc nào cũng nằm ở huấn luyện viên. Nếu tôi trở thành chủ sở hữu câu lạc bộ, tôi sẽ làm rõ mọi việc và điều chỉnh những điều không ổn ở đó”. Trước đó, trong cuộc phỏng vấn gây bão với Piers Morgan năm 2021, anh từng chỉ trích gia đình Glazer: “Những người chủ của câu lạc bộ, gia đình Glazer, họ không quan tâm đến câu lạc bộ. MU là một câu lạc bộ marketing. Họ kiếm tiền từ tiếp thị, còn thể thao thì họ không thực sự quan tâm, theo ý kiến của tôi. Có một số vấn đề nội bộ khiến MU không thể đạt đến đẳng cấp cao như Man City, Liverpool và thậm chí cả Arsenal hiện nay, điều này rất phức tạp, rất khó khăn”. Giờ đây, khi đã chính thức bước vào vai trò ông chủ tại Almeria, Ronaldo không chỉ viết tiếp chương mới cho sự nghiệp của mình, mà còn đặt viên gạch đầu tiên cho tham vọng lớn hơn. Một ngày nào đó, trở lại Old Trafford không phải với tư cách cầu thủ mà là người nắm quyền thay đổi vận mệnh CLB. Arsenal - Chelsea 01.03 Dự đoán tỷ số trận đấu.Cơ hội trúng ngay 500.000 đồng!!! Cristiano Ronaldo đã được rút khỏi sân ở phút 57 trong chiến thắng 5-0 của Al Nassr trước Al Najma, khiến nhiều CĐV đùa vui rằng ngôi sao này muốn... Nguồn: [Link nguồn]Nguồn: [Link nguồn]"
cd8dbc54e936257baaf8ef16332fab78,"Bốc thăm thử vòng 1/8 Cúp C1: Arsenal dễ thở, Liverpool vào nhánh tử thần",2026-02-26T11:47:00+00:00,24h,https://www.24h.com.vn/bong-da/boc-tham-thu-vong-1-8-cup-c1-arsenal-de-tho-liverpool-vao-nhanh-tu-than-c48a1740378.html,vi,trang-chu,Cúp C1|Champions League|Arsenal|Liverpool,,"Lưu bài viết thành công Bạn có thể xem lại bài viết đã lưu ở trangTin bài đã lưu Danh tính các đội bóng góp mặt tại vòng 1/8 Champions League đã được xác định sau khi loạt trận play-off cuối cùng khép lại. Những ông lớn châu Âu nhưReal Madridvà PSG đã giành vé đi tiếp, cùng với Galatasaray, Bayer Leverkusen, Newcastle, Atletico Madrid, Atalanta và “hiện tượng” Bodo/Glimt. Nhánh đấu vòng knock-out Champions League Tám đội vượt qua play-off sẽ được bốc thăm gặp một trong những CLB đã giành quyền vào thẳng vòng 16 đội nhờ thành tích ở giai đoạn vòng bảng. Tuy nhiên, trước khi lễ bốc thăm chính thức diễn ra vào ngày mai (18h, 27/2) tại trụ sở của UEFA ở Thụy Sĩ, một phần mềm mô phỏng của Sportbible đã được chạy thử để vẽ ra con đường tới trận chung kết cho từng đội, và kịch bản tạo ra mang đến tin không mấy vui vẻ choLiverpool. Ở vòng 1/8, các cặp đấu tiềm năng thực tế đã được định hình dựa trên vị trí của các đội trong những vòng bốc thăm trước đó. Điều này đồng nghĩa các đội thắng play-off đã được phân sẵn vào một trong hai nhánh, nhánh bạc hoặc nhánh xanh, trên hành trình tới chung kết. Lễ bốc thăm sắp tới chỉ còn quyết định họ sẽ đối đầu đội nào trong nhóm 8 CLB dẫn đầu vòng bảng. Đáng chú ý, không có bất kỳ giới hạn nào ở vòng này. Theo đó, các CLB có thể chạm trán đội bóng cùng quốc gia, hoặc tái ngộ đối thủ từng gặp ở vòng bảng. Điều đó khiến khả năng xuất hiện những đại chiến sớm là hoàn toàn có thể xảy ra. Trong số các đại diện Ngoại hạng Anh, Liverpool bị xem là đội nhận kết quả bất lợi nhất khi rơi vào nhánh bạc và phải chạm trán Galatasaray ở vòng 16 đội. Đội bóng Thổ Nhĩ Kỳ chắc chắn là thử thách không hề dễ dàng cho thầy trò HLV Arne Slot, đặc biệt khi họ từng đánh bại Liverpool ở giai đoạn vòng bảng. Liverpool rơi vào “nhánh tử thần” ở mô phỏng bốc thăm vòng 1/8 Champions League Chưa dừng lại ở đó, nếu vượt qua Galatasaray, Liverpool có thể đối mặt một trận tứ kết khắc nghiệt với đội thắng trong cặp đại chiến giữa PSG vàBarcelona, màn so tài được ví như cuộc đụng độ của hai “gã khổng lồ” châu Âu. Ở phần còn lại của nhánh bạc, Real Madrid gặp Sporting Lisbon, trong khi Atalanta đối đầu Bayern Munich. Hai đội thắng ở các cặp đấu này sẽ chạm trán nhau tại tứ kết, trước khi có khả năng gặp một trong các đội Liverpool, Galatasaray, PSG hoặc Barcelona ở bán kết. Tại nhánh xanh, Newcastle và Chelsea tạo nên cuộc đối đầu nội bộ Ngoại hạng Anh ngay từ vòng 1/8. Đội thắng sẽ gặp CLB đi tiếp trong cặp đấu giữa Atletico Madrid và Tottenham ở tứ kết. Ở một cặp đấu khác, Bodo/Glimt tiếp tục có dịp tái đấu Man City, trong khi Bayer Leverkusen chạm trán Arsenal. Kết quả mô phỏng bốc thăm vòng knock-out Champions League đã mở ra khả năng về cuộc đại chiến giữa Arsenal và Man City ở tứ kết Theo kịch bản mô phỏng, nếu Man City và Arsenal cùng giành chiến thắng như dự đoán, hai ứng viên cạnh tranh chức vô địch Ngoại hạng Anh sẽ phải loại nhau ở tứ kết Champions League. Đội thắng sau đó nhiều khả năng sẽ chạm trán một trong các CLB Newcastle, Chelsea, Atletico Madrid hoặc Tottenham ở bán kết. Kết quả mô phỏng bốc thăm vòng 1/8 Champions League Nhánh bạc (Silver Bracket) PSG - Barcelona Galatasaray - Liverpool Real Madrid - Sporting Lisbon Atalanta - Bayern Munich Nhánh xanh (Blue Bracket) Newcastle - Chelsea Atletico Madrid - Tottenham Bodo/Glimt - Man City Bayer Leverkusen - Arsenal Arsenal - Chelsea 01.03 Dự đoán tỷ số trận đấu.Cơ hội trúng ngay 500.000 đồng!!! Sau khi vòng play-off Champions League khép lại, 16 đội góp mặt ở vòng 1/8 đã xác định được những đối thủ tiềm năng trước lễ bốc thăm diễn ra vào thứ... Nguồn: [Link nguồn]Nguồn: [Link nguồn]"
3ebb67d8bd9e1855f71d6071c546b6a5,MU lợi thế lớn đua top 5 Ngoại hạng Anh: Công lớn nhờ… Amorim,2026-02-26T09:01:00+00:00,24h,https://www.24h.com.vn/bong-da/mu-loi-the-lon-dua-top-5-ngoai-hang-anh-cong-lon-nho-amorim-c48a1740295.html,vi,trang-chu,bóng đá 24h,,"Lưu bài viết thành công Bạn có thể xem lại bài viết đã lưu ở trangTin bài đã lưu Chỉ hơn 3 tháng nữa mùa giải sẽ kết thúc và lúc nàyPremier Leagueđã xác định được rõ các cuộc đua. 2 đội cạnh tranh cho chức vô địch, ít nhất 3 đội phải đua trụ hạng, trong khi những CLB nào không đứng gần khu vực nguy hiểm đều có thể vươn lên khu vực dự Conference League hay thậm chí Europa League. MU đang sở hữu phong độ cao để nắm ưu thế trong cuộc đua top 5 Cuộc đấu cho vé dự Champions League hứa hẹn hấp dẫn nhất, hiện đang là 3 đội cạnh tranh nhưng Aston Villa có thể rớt xuống cuộc đua này nếu họ sảy chân trong những vòng tới. MU, Chelsea và Liverpool đang so kè từng điểm một, và cuối tuần này Chelsea sẽ phải đến thăm Arsenal trong một trận đấu hứa hẹn ảnh hưởng tới 2 cuộc đua một lúc. MU đang là đội phong độ tốt nhất trong năm 2026 từ khi HLV Michael Carrick lên nắm quyền. Sự lạc quan dành cho “Quỷ Đỏ” đang rất lớn bởi Carrick vẫn chưa thua, MU chỉ hòa 1 trận còn lại đều thắng, trong khi Chelsea, Liverpool đều đã có những cú ngã. Đây là một sự chuyển mình sau khi đội bóng tỏ ra kém sức sống trong giai đoạn Ruben Amorim dẫn dắt. Nhưng nói đi cũng phải nói lại, MU đang có lợi thế lớn trong cuộc đua top 4 là nhờ… Amorim, chứ không hẳn vì Carrick. Chúng ta đang chứng kiến một HLV vốn quen dẫn dắt ở cấp độ Championship trở nên mát tay ở Premier League, nhưng Premier League vẫn chỉ là 1 đấu trường. Một HLV trưởng đẳng cấp cao còn phải cầm quân ở nhiều mặt trận khác nhau. Và đó chính là điều chúng ta cần nhắc đến ở đây: Amorim đã, kể cả là vô tình, đơn giản hóa công việc cho Carrick cho đến lúc này. MU hiện chỉ đá ở Premier League. Họ đã không được dự cúp châu Âu, bị Grimsby loại ê mặt ở League Cup và sau đó bị Brighton đánh bại ở FA Cup. Nhờ thế mà mùa này MU chỉ phải đá 40 trận, đây là lịch thi đấu nhẹ nhất trong lịch sử đội bóng kể từ khi Premier League ra đời. Đa số những lợi thế MU đang có là nhờ Ruben Amorim, kể cả là vô tình Lịch thi đấu nhẹ nhàng này không phải đội nào tranh vé châu Âu cũng có, thậm chí có 2 đội đang đua trụ hạng vẫn phải mang quân ra đấu trường châu lục. Chelsea hiện đã có số trận ra sân nhiều hơn tổng số trận MU có thể đá trong mùa này, trong khi Liverpool đã chạm mốc 40 trận còn Aston Villa đã đá 38 trận. Tính riêng về cá nhân cũng thế: Virgil Van Dijk ở tuổi 34 vẫn đang ra sân đều đặn cho Liverpool, anh đã đá hơn 3400 phút mùa này, tức đã hơn tối thiểu 1000 phút so với bất cứ cầu thủ MU nào. Vậy ai đang là cầu thủ đá nhiều nhất của MU? Luke Shaw, 2363 phút. Liverpool đã có 7 cầu thủ đá nhiều phút hơn Shaw, Chelsea là 6 cầu thủ và Aston Villa 4 người. Chưa kể lúc này MU đang có 2 trụ cột thậm chí còn chưa đá đến 1000 phút, đó là trung vệ Harry Maguire và tiền vệ trung tâm Kobbie Mainoo. Vì sao? Vì Amorim không trọng dụng họ. Do đó họ đang có cơ thể khá sung sức, họ cũng được nghỉ nhiều sau mỗi vòng và di chuyển trong lãnh thổ Anh Quốc, chứ không như những cầu thủ Liverpool hay Chelsea mệt mỏi lết qua từng trận ở cả trong lẫn ngoài nước. Thế nên nói Amorim có ""tầm nhìn chiến lược"" để giúp MU sở hữu lợi thế trong cuộc đua top 5 cũng… không sai. Đó là chưa kể nếu chúng ta nghiêm túc nhìn vào hiệu quả lối đá của MU, đừng quên rằng MU mùa này bỗng tốt lên trông thấy từ các pha bóng cố định là nhờ ai chuẩn bị cho đội ở giai đoạn đầu mùa. Đó chắc chắn không phải là Carrick. Michael Carrick Do vậy những lời khen dành cho Carrick vì phong độ của MU lúc này cũng cần được đặt trong một bối cảnh rõ ràng: Công việc của đương kim HLV trưởng tạm quyền của MU đã được nhẹ gánh. Các bài đá phạt đã được Amorim tập sẵn cho các cầu thủ, một số chuyên gia phân tích dữ liệu Carrick đang dùng trong ban huấn luyện MU cũng là Amorim đưa về, còn lịch thi đấu nhẹ nhàng cũng do MU đá không tốt dưới thời người tiền nhiệm mà thành ra vậy. Không ít HLV trưởng đã thể hiện chuyên môn tốt, đưa đội mình ra sân chơi châu Âu, để rồi sang mùa kế tiếp không làm tốt khi có thêm mặt trận phải tham gia và lịch thi đấu dày lên. MU đúng là sáng cửa trở lại Champions League, nhưng với những ý kiến nói Carrick xứng đáng được bổ nhiệm chính thức, lời khuyên cho những người có quan điểm đó là “hãm cái phanh lại”. Arsenal - Chelsea 01.03 Dự đoán tỷ số trận đấu.Cơ hội trúng ngay 500.000 đồng!!! Sau chiến thắng 1-0 trước Everton ở vòng 27 Ngoại hạng Anh, HLV Michael Carrick đứng trước cơ hội lập kỷ lục ấn tượng ở MU. Nguồn: [Link nguồn]Nguồn: [Link nguồn]"
7fb92d140801f017c6b2415074098281,Khởi tố nhóm thanh thiếu niên mang dao tự chế dài 1 mét gây náo loạn đường phố đêm mùng 1 Tết,2026-02-26T12:10:42+00:00,24h,https://www.24h.com.vn/an-ninh-xa-hoi/khoi-to-nhom-thanh-thieu-nien-mang-dao-tu-che-dai-1-met-gay-nao-loan-duong-pho-dem-mung-1-tet-c51a1740391.html,vi,trang-chu,thanh thiếu niên|dao tự chế|náo loạn đường phố,,"Lưu bài viết thành công Bạn có thể xem lại bài viết đã lưu ở trangTin bài đã lưu Ngày 26/2, Công an phường Thanh Khê (TP Đà Nẵng) cho biết, vừa khởi tố nhiều đối tượng trong nhóm thanh thiếu niên mang hung khí gây rối, chém người trên nhiều tuyến đường trung tâm TP Đà Nẵng rạng sáng mùng 1 Tết Nguyên đán Bính Ngọ. Theo điều tra, khoảng 0 giờ ngày 17/02 (tức mùng 1 Tết), Đ.V.N (16 tuổi, trú phường Thanh Khê) rủ khoảng 20 thanh thiếu niên sử dụng 10 xe mô tô, nhiều xe đã tháo biển kiểm soát, chạy thành đoàn với tốc độ cao, rú ga, nẹt pô, di chuyển qua các tuyến Nguyễn Tất Thành, Điện Biên Phủ, Lê Độ, cầu Thuận Phước, Trần Phú, 2 Tháng 9, Duy Tân, Nguyễn Hữu Thọ, Nguyễn Tri Phương. Khi đến khu vực đường Lý Thái Tông, N. lấy 4 dao tự chế dài khoảng 1 mét phát cho H.K.Q (19 tuổi), T.M.T (16 tuổi), N.N.K (18 tuổi) và tự giữ 1 dao. Một số đối tượng khác mang theo bình xịt hơi cay. Các đối tượng tại cơ quan công an. Ảnh: CACC Đến khoảng 2 giờ 30 phút cùng ngày, trên đường Nguyễn Tất Thành, nhóm của N. gặp một nhóm thanh thiếu niên khác. Cho rằng bị “nhìn đểu”, nhóm này quay xe truy đuổi, dùng dao chém H.N.Y (20 tuổi) gây thương tích đứt gân tay phải. Trong lúc bỏ chạy, L.C.T (18 tuổi) điều khiển xe chở T.M.H (18 tuổi) tông vào ô tô đang đỗ bên đường, khiến T. bị gãy một phần xương quay, đứt gân tay phải; H. bị thương ở cổ chân. Cơ quan điều tra đã thu giữ 4 dao tự chế cùng nhiều xe mô tô liên quan. Ngày 23/2, Cơ quan Cảnh sát điều tra Công an TP Đà Nẵng đã khởi tố vụ án, khởi tố bị can đối với H.K.Q và Đ.V.N về tội “Gây rối trật tự công cộng”; thực hiện lệnh bắt tạm giam đối với H.K.Q, còn Đ.V.N bị áp dụng biện pháp cấm đi khỏi nơi cư trú. Ngày 25/2, cơ quan điều tra tiếp tục khởi tố, bắt tạm giam 5 đối tượng từ 19 đến 22 tuổi cùng trú TP Đà Nẵng gồm: L.Đ.D.A, N.V.N, L.T.N.H, P.N.H.D, M.Đ.T. Hiện vụ án đang được tiếp tục điều tra, xử lý theo quy định của pháp luật. Hai nhóm thanh niên xảy ra mâu thuẫn rồi lao vào ẩu đả, truy đuổi nhau trên đường Phương Sài, phường Tây Nha Trang, tỉnh Khánh Hòa gây náo loạn cả khu... Nguồn: [Link nguồn]Nguồn: [Link nguồn]"
9e3cfcbb95c2c6fdcfeda1ad7b24524a,Hành trình phá vụ án giết vợ rồi tung tin bị điện giật,2026-02-26T11:00:00+00:00,24h,https://www.24h.com.vn/an-ninh-xa-hoi/hanh-trinh-pha-vu-an-giet-vo-roi-tung-tin-bi-dien-giat-c51a1740300.html,vi,trang-chu,điện giật|phá án|đồng nai|giết người|điều tra|bắt giữ,,"Lưu bài viết thành công Bạn có thể xem lại bài viết đã lưu ở trangTin bài đã lưu Ngày 26/2, đại diện Công an tỉnh Đồng Nai thông tin về quá trình phá án, tìm ra nguyên nhân người phụ nữ bị điện giật nguy kịch vừa xảy ra tại phường Bình Phước. Trước đó vào ngày 9/2, Công an phường Bình Phước tiếp nhận thông tin từ anh L.M.A. (SN 2006, quê Cà Mau), báo tin mẹ mình là bà Q.T.T. (SN 1980) bị điện giật trọng thương tại phòng trọ ở khu phố Tiến Hưng 3, phường Bình Phước và đang cấp cứu trong tình trạng nguy kịch tại Bệnh viện 175 (TPHCM). Hiện trường người phụ nữ bị điện giật nguy kịch Tiếp nhận tin báo, công an xuống hiện trường để xác minh. Căn phòng trọ nhỏ hẹp đã được dọn dẹp sơ sài vẫn còn vương mùi khét và những vết máu chưa xóa sạch. Cán bộ Kỹ thuật hình sự phát hiện trong chiếc máy giặt ở góc nhà có một đoạn dây điện dài khoảng 2 m đã bị tuốt bỏ lớp vỏ nhựa bảo vệ ở một đầu. Xác định đây không đơn thuần là một vụ tai nạn, Công an tiến hành xác minh, rà soát các mối quan hệ của bà Q.T.T. và biết được thông tin người chồng là Lê Văn Thương (SN 1973), nhân chứng quan trọng nhất đột ngột “biến mất” khỏi bệnh viện sau khi nghe một cuộc điện thoại lạ. Trong khi mọi gia đình đang chuẩn bị cúng ông Táo vào ngày 23 tháng Chạp, một tổ công tác của Công an phường Bình Phước nhận lệnh tức tốc lên đường. Chặng đường hơn 400 km từ Đồng Nai về đến đất mũi Cà Mau những ngày cuối năm lưu lượng phương tiện tham gia giao thông tăng đột biến. “Anh em chỉ kịp ăn vội ổ bánh mì trên xe. Mục tiêu duy nhất là phải tiếp cận đối tượng nhanh nhất có thể, tránh để đối tượng tiếp tục lẩn trốn vào các vùng rừng đước hiểm trở của Cà Mau” - một trinh sát trong tổ công tác kể lại. Sáng 10/2 (ngày 23 tháng Chạp), tổ công tác Công an phường Bình Phước (Đồng Nai) đã phối hợp cùng Công an xã Khánh An (Cà Mau) mời Lê Văn Thương về trụ sở làm việc. Lúc này, Thương vẫn giữ thái độ bình thản, liên tục than thở về việc vợ xui rủi bị tai nạn điện giật và che đậy bằng việc về quê để ""gom"" tiền lo chi phí chữa bệnh cho vợ. Ngay trong ngày, lệnh di lý Lê Văn Thương về phường Bình Phước đã được thực thi. Tại trụ sở Công an phường Bình Phước, cuộc đấu trí với Lê Văn Thương diễn ra căng thẳng. Đối tượng luôn tỏ ra “thật thà”, chỉ lặp lại một kịch bản duy nhất: “Vợ tôi ngủ dậy rồi vô tình chạm vào dây điện cũ của máy giặt bị hở, tôi nghe tiếng nổ nên chạy lại cứu”. Đối tượng đã dùng sự đau khổ giả tạo để né tránh các câu hỏi xoáy sâu vào mâu thuẫn gia đình trước đó. Không khí trong phòng lấy lời khai vô cùng căng thẳng, có lúc rơi vào bế tắc khi đối tượng nhất quyết không nhận tội. Nhận thấy đối tượng đang dùng “vỏ bọc” tình cảm để lấp liếm, che giấu tội ác, đích thân Thượng tá Nguyễn Đức Thành, Trưởng Công an phường Bình Phước trực tiếp vào làm việc với Lê Văn Thương. Với kinh nghiệm dày dạn, những lập luận sắc bén và sự tác động về tâm lý, sau nhiều giờ đấu tranh, Thượng tá Nguyễn Đức Thành đã đánh gục “tâm lý lì lợm” của Lê Văn Thương. Sau một khoảng lặng dài, Thương cúi đầu và bắt đầu khai nhận toàn bộ hành vi tội lỗi. Đối tượng Lê Văn Thương tại cơ quan công an Theo lời khai của Thương: Từ cuối năm 2025, do nghi ngờ Thương có quan hệ ngoài luồng nên 2 vợ chồng thường xuyên xảy ra cãi vã. Dịp Tết Nguyên đán 2026, Thương muốn cả nhà bỏ việc làm công nhân về quê Cà Mau sinh sống nhưng bà Q.T.T. không đồng ý và đòi ly hôn. Sự tức giận âm ỉ lên đến đỉnh điểm vào rạng sáng 8/2. Trong khi vợ và con trai đang ngủ say, Thương thức dậy với ý định sát hại vợ để “không đi được đâu nữa”. Đối tượng lấy một đoạn dây điện cũ, cắm trực tiếp vào ổ điện lưới 220V, tay phải cầm phích cắm, tay trái cầm đầu dây đã tuốt vỏ nhựa tiến về phía người vợ đang còn say giấc với ý định chích điện thẳng vào vùng đầu và cổ vợ. Tuy nhiên, Thương làm rơi sợi dây điện trúng vào vùng đầu và cổ của vợ khiến bà T. bị điện giật. Nghe có tiếng động lớn, L.M.A. đang ngủ trên gác bật đèn sáng thì thấy cha mình đang đỡ mẹ dậy, vùng miệng có máu chảy ra nhiều. L.M.A. lấy xe mô tô chở ông Thương (ngồi sau) ôm bà T. đến Bệnh viện Hoàn Mỹ cấp cứu. Để che giấu hành vi, Thương đã quay về phòng trọ giấu sợi dây điện vào trong máy giặt và tạo dựng hiện trường giả như một vụ tai nạn. Khi nghe người quen gọi điện báo tin bà T. đã tỉnh và nói “không phải điện giật mà bị đánh”, Thương đã sợ hãi bỏ trốn về quê. Trên cơ sở chứng cứ, tài liệu thu thập được, Công an phường Bình Phước đã bàn giao toàn bộ hồ sơ, tang vật và đối tượng Lê Văn Thương cho Cơ quan Cảnh sát điều tra Công an tỉnh Đồng Nai để tiếp tục điều tra theo thẩm quyền. Những ngày cuối năm 2025, đầu năm 2026, khi dòng người hối hả ngược xuôi về quê đón Tết, các cán bộ chiến sĩ Công an phường Bình Phước, tỉnh Đồng Nai... Nguồn: [Link nguồn]Nguồn: [Link nguồn]"
8d7ea4c2e7de0b01e2960b4ee5b266c3,Bắt giữ một nữ quái người Hải Phòng theo lệnh truy nã đặc biệt,2026-02-26T06:26:05+00:00,24h,https://www.24h.com.vn/an-ninh-xa-hoi/bat-giu-mot-nu-quai-nguoi-hai-phong-theo-lenh-truy-na-dac-biet-c51a1740302.html,vi,trang-chu,Hải Phòng|truy nã|ma túy|bắt giữ|tây ninh|Mộc Bài|Công an,,"Lưu bài viết thành công Bạn có thể xem lại bài viết đã lưu ở trangTin bài đã lưu Tổ cảnh sát phòng chống tội phạm – Công an phường Ngô Quyền (TP Hải Phòng) vừa tiến hành bắt giữ đối tượng Hoàng Ngọc Ánh (SN 2002, ở An Lão, Hải Phòng). Hoàng Ngọc Ánh (dấu X) bị cảnh sát bắt giữ khi đang lẩn trốn ở Mộc Bài, tỉnh Tây Ninh. Trước đó, Hoàng Ngọc Ánh bị truy nã theo quyết định truy nã đặc biệt ngày 27/11/2024 của Cơ quan Thi hành án hình sự - Công an thành phố Hải Phòng về tội “Tổ chức sử dụng trái phép chất ma túy”. Trong quá trình lẩn trốn, Hoàng Ngọc Ánh bị phát hiện và bắt giữ tại khu vực cửa khẩu Mộc Bài, tỉnh Tây Ninh. Công an phường Ngô Quyền đang tích cực phối hợp với Phòng Cảnh sát Thi hành án hình sự và Hỗ trợ tư pháp - Công an thành phố Hải Phòng hoàn chỉnh hồ sơ, xử lý vụ việc. Ô tô đậu trước hẻm bất ngờ biến mất, camera ghi lại người đàn ông giống người nước ngoài lái xe rời đi, Công an phường Đà Nẵng đang truy vết. Nguồn: [Link nguồn]Nguồn: [Link nguồn]"
c892a85fca69ac01ce5622080388d6e4,"Ô tô “biến mất trước hẻm nhà, camera ghi lại người nước ngoài nghi vấn",2026-02-26T05:21:48+00:00,24h,https://www.24h.com.vn/an-ninh-xa-hoi/o-to-bien-mat-truoc-hem-nha-camera-ghi-lai-nguoi-nuoc-ngoai-nghi-van-c51a1740299.html,vi,trang-chu,ô tô mất tích|camera ghi hình|Đà Nẵng|điều tra công an|người nước ngoài,,"Lưu bài viết thành công Bạn có thể xem lại bài viết đã lưu ở trangTin bài đã lưu Sáng 26-2, Công an phường An Hải (TP Đà Nẵng) đang vào cuộc điều tra, truy vết chiếc ô tô nghi bị mất cắp trên địa bàn. Camera ghi lại hình ảnh ô tô cùng người đàn ông trước khi mất tích Trước đó, bà D.K., chủ nhân ô tô BKS 43A-101.xx, cho biết đã trình báo Công an phường An Hải về việc xe mình bị mất trộm vào ngày 25-2. Theo bà K., khoảng 9 giờ 30 ngày 25-2, bà tá hỏa phát hiện ô tô của mình đậu trước con hẻm đường Chính Hữu đã ""không cánh mà bay"". Sau khi nhờ hàng xóm trích xuất camera, bà K. phát hiện một người đàn ông giống người nước ngoài đến mở cửa nổ máy, sau đó về hướng đường Phạm Văn Đồng và chạy về hướng Hội An. Sau khi phát hiện ô tô mình bị mất trộm, bà K. đã trình báo Công an phường An Hải nhờ truy tìm thủ phạm. Do cần tiền tiêu xài nên lợi dụng lúc gia đình bà X. đi vắng, gã hàng xóm cậy cửa đột nhập trộm cắp 14 chỉ vàng cùng số tiền 10 triệu đồng rồi bỏ trốn... Nguồn: [Link nguồn]Nguồn: [Link nguồn]"
394d593b2c74dc3cfc4acba76a9e0a28,Tạm giữ đối tượng đâm chết người tình trước mặt trẻ nhỏ ở Đồng Tháp,2026-02-26T02:24:00+00:00,24h,https://www.24h.com.vn/an-ninh-xa-hoi/tam-giu-doi-tuong-dam-chet-nguoi-tinh-truoc-mat-tre-nho-o-dong-thap-c51a1740238.html,vi,trang-chu,giết người tình|Đồng Tháp|vụ án|An Giang|chồng đâm chết vợ|giết người,,"Lưu bài viết thành công Bạn có thể xem lại bài viết đã lưu ở trangTin bài đã lưu Sáng 26-2, Cơ quan Cảnh sát điều tra Công an tỉnh Đồng Tháp đang tạm giữ hình sự đối tượng Nguyễn Việt Thanh (SN 1988; thường trú xã Thoại Sơn, tỉnh An Giang) để điều tra về hành vi giết người. Đối tượng Nguyễn Việt Thanh đang bị tạm giữ hình sự. Ảnh: Công an tỉnh Đồng Tháp Theo điều tra ban đầu, Thanh có quan hệ tình cảm và sống chung như vợ chồng với bà T.T.N. (SN 1983; ngụ xã An Phước, tỉnh Đồng Tháp). Tuy nhiên, khoảng tháng 11-2025, bà N. cắt đứt quan hệ tình cảm nhưng Thanh vẫn thường xuyên liên lạc níu kéo. Thậm chí, Thanh còn thuê nhà trọ sinh sống ở xã Tam Nông, tỉnh Đồng Tháp để thuận lợi trong việc tiếp cận người tình. Khi biết bà N. có mối quan hệ với người đàn ông khác, vào lúc 21 giờ ngày 24-2, Thanh điều khiển xe máy đến gần nhà bà N. rồi đậu xe vào bụi cây và lấy con dao trong cốp xe giấu vào người, sau đó nép vào vách nhà bà N. Đến khoảng 21 giờ 30 phút cùng ngày, khi thấy bà N. đi cùng một người đàn ông lạ về nhà thì Thanh lao ra đâm nhiều nhát vào người bà N. Lúc này, bà N. bỏ chạy ra trước nhà thì bị té ngã. Thanh tiếp tục xông tới đâm nhiều nhát đến khi bà N. bất tỉnh. Sau khi gây án, Thanh đã đến Công an xã An Phước để đầu thú, còn nạn nhân được người dân đưa đi cấp cứu. Tuy nhiên, do vết thương quá nặng nên nạn nhân đã tử vong tại bệnh viện. Trước đó, nhiều trang Fanpage có lượng lớn người theo dõi đã đăng tải thông tin ""Đồng Tháp: Bé khóc van xin ba ơi… đừng xử lý mẹ mà"" kèm theo đoạn clip dài hơn 2 phút. Theo nội dung đoạn clip, một người đàn ông đã dùng hung khí đâm liên tiếp vào người phụ nữ bất chấp sự chống trả của nạn nhân. Tại đây, một cháu bé đã khóc và luôn miệng cầu xin ""ba ơi, đừng xử mẹ mà… con năn nỉ ba đó"". Nguyễn Việt Thanh sát hại người tình trước mặt trẻ nhỏ. Ảnh cắt ra từ clip Đoạn clip trên đã gây ""bão"" mạng xã hội với nhiều bình luận lên án hành vi dã man của người đàn ông bởi đối tượng thản nhiên thực hiện hành vi tội ác trước mặt trẻ nhỏ. Hiện, chưa xác định rõ đứa bé trong clip có phải là con chung của Thanh và bà N. hay không. Cơ quan Cảnh sát điều tra - Công an tỉnh Đồng Tháp đang khẩn trương làm rõ vụ việc một người đàn ông dùng vật giống dao đâm một phụ nữ tại ấp An Thọ,... Nguồn: [Link nguồn]Nguồn: [Link nguồn]"
73a7332bd028de4e7d2cf61235fb6df7,Gu ăn mặc đồng điệu của Kỳ Duyên và Thiên Ân,2026-02-26T15:33:13+00:00,24h,https://www.24h.com.vn/thoi-trang/gu-an-mac-dong-dieu-cua-ky-duyen-va-thien-an-c78a1740362.html,vi,trang-chu,Kỳ Duyên|Thiên Ân|Hoa hậu|thời trang|đồ đôi,,"Lưu bài viết thành công Bạn có thể xem lại bài viết đã lưu ở trangTin bài đã lưu Trong những ngày đầu năm Bính Ngọ, Thiên Ân và Kỳ Duyên được khán giả chú ý khi liên tục đồng hành. Cả hai không chỉ làm việc chung mà còn xuất hiện cùng nhau trong đời sống thường ngày với loạt trang phục đồng điệu. Hôm 17/2, họ ghé thăm công viên Lý Thái Tổ, TP HCM. Cả hai ghi điểm với áo dài hồng đính hoa thủ công của một local brand. Kỳ Duyên và Thiên Ân phối cùng kính đen, túi xách nhỏ và để tóc xõa, tạo tổng thể đồng bộ. Tham gia talkshow của Lương Thùy Linh hôm 18/2, Thiên Ân và Kỳ Duyên lựa chọn áo dài gam pastel nhẹ nhàng đính hoa chỉ mạ vàng và bạc lấp lánh. Hai hoa hậu kết hợp kiểu tóc búi gọn, tôn vẻ nữ tính, thanh lịch. Đôi bạn hội ngộ nhau hôm mùng 6 tết sau thời gian về quê đón xuân cùng gia đình, cả hai cùng diện đồ yếm. Thiên Ân ưu tiên tông hồng nữ tính, Kỳ Duyên gây chú ý với sắc đỏ rực rỡ. Không sử dụng phụ kiện đôi, cả hai ăn ý khi đều lựa chọn túi đến từ Hermès hơn trăm triệu đồng. Trước đó sáng 16/2 (nhằm 29 Tết), cả hai mặc giản dị với sơ mi phối áo thun, đội mũ bảo hiểm đôi, chở nhau đi chợ mua hoa, nguyên liệu nấu ăn chuẩn bị đón năm mới. Đêm giao thừa, hai hoa hậu diện đồ ngủ đôi với phong cách trẻ trung, thoải mái. Trong những khoảnh khắc đời thường, hai người đẹp ưu ái phong cách sporty chic, cùng diện trang phục jeans phối áo thun đen khi đi ăn tối hồi đầu năm. Xuất hiện trong tập đặc biệt của series Kỳ Duyên Fit phát sóng cuối 1, Thiên Ân diện trang phục tập luyện đồng kiểu dáng với Kỳ Duyên, khác biệt ở gam màu để cùng tập yoga. Đôi bạn lựa chọn trang phục đồng màu, kết hợp phụ kiện ánh gold đồng điệu, tạo sự liên kết tinh tế khi cùng tham dự sự kiện mỹ phẩm tại Thái Lan hồi tháng 9/2025. Trước khi sang Philippines dự sự kiện thời trang hồi tháng 10/2025, Kỳ Duyên và Thiên Ân cùng đọ dáng trong các set đồ thun phối denim cá tính thuộc bộ sưu tập H&M x Glenn Martens. Khán giả nhận định sự ăn ý về phong cách mỗi khi xuất hiện của cả hai. Hoa hậu Thanh Thủy và Đoàn Thiên Ân tiếp tục khẳng định gu thẩm mỹ tinh tế và phong thái đẳng cấp khi xuất hiện cùng nhau. Nguồn: [Link nguồn]Nguồn: [Link nguồn]"
b8c2ffa68c73aa2634dce2431b142195,Khánh Vân khóc khi được chồng làm tiệc sinh nhật bất ngờ,2026-02-26T12:00:00+00:00,24h,https://www.24h.com.vn/thoi-trang/khanh-van-khoc-khi-duoc-chong-lam-tiec-sinh-nhat-bat-ngo-c78a1740315.html,vi,trang-chu,Khánh Vân|Nguyễn Long|sao Việt|Showbiz Việt|Vợ chồng Khánh Vân|Chồng Khánh Vân|vợ chồng son,,"Lưu bài viết thành công Bạn có thể xem lại bài viết đã lưu ở trangTin bài đã lưu Khánh Vân diện đầm đỏ tôn vóc dáng quyến rũ, khoe sắc bên ông xã - nhiếp ảnh gia 7X Nguyễn Long - trong ngày cô tròn 31 tuổi. Chồng Hoa hậu Hoàn vũ Việt Nam 2019 nói: ""Em sửa soạn đi, nay anh đưa em đi ăn nhà hàng"". Và người đẹp bất ngờ khi bạn đời tặng bó hoa hồng lớn rồi dắt cô bước vào ""nhà hàng tại gia"". Khánh Vân cười rạng rỡ nhưng không giấu được những giọt nước mắt xúc động. ""Món quà sinh nhật quá bất ngờ với mình, hạnh phúc lắm luôn"", cô bày tỏ. Nguyễn Long tự tay trang trí không gian lãng mạn với nhiều hoa hồng đỏ, chuẩn bị bánh kem đồng điệu và chăm chút từng chi tiết để vợ hài lòng. Anh còn vào bếp trổ tài nấu nướng, chế biến một số món Âu từ nguyên liệu cao cấp. Đĩa cá hồi xốt cam của nhiếp ảnh gia U50 được khán giả nhận xét trông ấn tượng không kém nhà hàng fine dining. Bên cạnh đó, anh còn chế biến steak, cồi sò điệp xốt bơ tỏi và Caesar salad cho buổi hẹn hò tại nhà. ""Quá chuyên nghiệp rồi ạ"", Khánh Vân khen chồng. Nguyễn Long pha chế nước trái cây đặc biệt, hoàn thiện bữa tối ấm cúng. Cặp vợ chồng son nhìn nhau đắm đuối trong không gian mang sắc đỏ chủ đạo. ""Sinh nhật thật đặc biệt và hạnh phúc của Vân. Cảm ơn anh Long Tạp Dề đã tặng em món quà bất ngờ, em rất vui và xúc động! Cảm ơn anh vì luôn yêu thương, đồng hành cùng em"", nàng hậu tri ân bạn đời. Nguyễn Trần Khánh Vân sinh năm 1995 tại TP HCM. Trước khi đăng quang Hoa hậu Hoàn vũ Việt Nam 2019, cô đoạt danh hiệu Miss Áo dài 2013, Á khôi Miss Ngôi Sao 2014, top 10 Hoa hậu Hoàn vũ Việt Nam 2015, giải bạc Siêu mẫu Việt Nam 2018. Người đẹp từng đóng các phim như: Phượng Khấu, Yêu là phải liều, Bệnh viện thần ái... Năm 2021, Khánh Vân vào top 21 Miss Universe, tổ chức tại Mỹ. Cô hiện hoạt động trong làng mốt, mở trung tâm đào tạo người mẫu, catwalk và các kỹ năng sân khấu. Khánh Vân và nhiếp ảnh gia Nguyễn Long tổ chức đám cưới giữa tháng 12/2024. Chồng hoa hậu sinh năm 1978, hơn cô 17 tuổi. Sau hôn lễ, Khánh Vân không ""theo chồng bỏ cuộc chơi"" mà vẫn tích cực tham gia sự kiện showbiz, đi diễn thời trang đều đặn. Bữa tối ngọt ngào của vợ chồng Khánh Vân Hoa hậu Khánh Vân và ông xã - nhiếp ảnh gia Nguyễn Long - nấu các món ngày Tết như bánh chưng, thịt kho trứng. Nguồn: [Link nguồn]Nguồn: [Link nguồn]"
84c07a30455e5f0cb2a8a847f23bc160,Loạt túi da cá sấu bạch tạng tiền tỷ của Đặng Thu Thảo,2026-02-26T10:00:00+00:00,24h,https://www.24h.com.vn/thoi-trang/loat-tui-da-ca-sau-bach-tang-tien-ty-cua-dang-thu-thao-c78a1740219.html,vi,trang-chu,Đặng Thu Thảo|sao Việt|Showbiz Việt|style sao Việt|bóc giá trang phục|trang phục hàng hiệu|khám phá tủ đồ|phụ kiện thời trang|túi xách|Hermes|Louis Vuitton|Dior,,"Lưu bài viết thành công Bạn có thể xem lại bài viết đã lưu ở trangTin bài đã lưu Tham dự một sự kiện, Đặng Thu Thảo chọn phong cách thanh lịch với đầm đen pha cổ trắng và giày cao gót đồng điệu. Lấp ló phía sau cô là tác phẩm Hermes Birkin da cá sấu bạch tạng xa xỉ. Matte Niloticus Crocodile Himalaya Birkin là dòng túi đẳng cấp hàng đầu của nhà mốt Hermes, được làm từ da cá sấu mang gen đột biến albino ở sông Nile (Ai Cập). Ngoài nguyên liệu quý hiếm, món phụ kiện còn có giá trị bởi khâu chế tác vô cùng kỳ công. Tấm da cá sấu phải trải qua quá trình nhuộm phức tạp để tạo nên màu trắng ngà pha nâu, khắc họa hình ảnh đỉnh núi Himalaya phủ đầy tuyết. Mẫu túi không đính kim cương hiện có giá hơn 150.000USD(khoảng 4 tỷ đồng) tại Mỹ, theo Page Six. Trong khi đó, phiên bản cao cấp hơn của thiết kế này được nạm 245 viên kim cương, khóa bằng vàng trắng 18 carat. Cuối tháng 5/2017, nó được đấu giá ở Hong Kong và giúp sàn Christie's thu về 380.000 USD (khoảng 10 tỷ đồng), xác lập kỷ lục là chiếc túi đắt nhất từng được bán ra trên thế giới, theo AP. Dự tiệc trà chiều hồi tháng 12/2023, Đặng Thu Thảo diện trang phục Louis Vuitton thanh lịch và tạo điểm nhấn bằng túi xách cùng hãng, dòng Capucines da cá sấu bạch tạng đắt đỏ. Trước đó hai tháng, món phụ kiện cũng được nàng dâu hào môn phối cùng xiêm y đen trắng trên thảm đỏ. Thiết kế Louis Vuitton Capucines Himalaya Crocodile Niloticus được chế tác thủ công tỉ mỉ, tiêu tốn khoảng 43.000 USD (hơn 1,1 tỷ đồng). Vợ doanh nhân Trung Tín còn bổ sung mẫu túi da cá sấu bạch tạng từ nhà mốt Dior vào bộ sưu tập hàng hiệu xa xỉ. Cô kết hợp nó với đầm hồng xếp nếp nữ tính khi dự đám cưới rich kid Tiên Nguyễn tháng 12/2025. Lady Dior Himalayan Crocodile Niloticus được rao khoảng 40.000 USD (hơn một tỷ đồng) trên 1stDibs, có thể tăng gấp đôi ở thị trường thứ cấp do số lượng sản xuất giới hạn. Ngoài ra, Đặng Thu Thảo còn sắm nhiều mẫu Hermes Birkin và Kelly sang trọng - được xem như biểu tượng của giới thượng lưu. Có giá hơn nửa tỷ đồng mỗi chiếc, Hermes Birkin thường được bà mẹ ba con chọn các gam trung tính, dễ phối đồ, kích thước vừa phải để tiện sử dụng trong nhiều bối cảnh. Hermes Kelly cũng thường xuyên theo chân Đặng Thu Thảo trong các chuyến du lịch, dạo phố hay dự tiệc trà, sự kiện. Người đẹp lên đồ năng động trên đường phố Seoul, Hàn Quốc tháng 9/2023 và đeo chiếc Hermes Kelly Padded khoảng 30.000 USD (gần 790 triệu đồng). Bà Lê Thanh Hòa - vợ bầu Hiển và cũng là mẹ chồng Hoa hậu Đỗ Mỹ Linh - sở hữu túi Hermes Birkin da cá sấu bạch tạng quý hiếm và nhiều thiết kế đắt đỏ khác. Nguồn: [Link nguồn]Nguồn: [Link nguồn]"
3b2b40745a95e58fa9c13cd8bc00a40e,Hòa Minzy phối áo dài với loạt túi hiệu,2026-02-26T08:00:00+00:00,24h,https://www.24h.com.vn/thoi-trang/hoa-minzy-phoi-ao-dai-voi-loat-tui-hieu-c78a1740049.html,vi,trang-chu,Hòa Minzy|túi hiệu,,"Lưu bài viết thành công Bạn có thể xem lại bài viết đã lưu ở trangTin bài đã lưu Đầu năm, Hòa Minzy về quê ở Bắc Ninh đón Tết Bính Ngọ cùng người thân. Khi du xuân, cô chọn áo dài họa tiết sắc màu, phối cùng túi hiệu Hermès Birkin. Điểm nhấn trên túi là dây trang trí hình con ngựa - phụ kiện nổi tiếng của hãng. Màu gold cũng nằm trong sản phẩm được tín đồ thời trang săn lùng. Hòa Minzy chụp ảnh cùng người hâm mộ khi đi lễ ở chùa Bút Tháp, Bắc Ninh. Trong ngày Mùng 1 Tết, cô xách cùng kiểu túi nhưng phối với áo dài kim sa lót ren và lụa. Ca sĩ nhảy theo nhạc Vạn sự như ý - ca khúc gây sốt của Trúc Nhân - khi đón Tết tại nhà. Trong ngày đầu năm mới, cô phối trang phục truyền thống cùng chiếc túi Hermes Birkin khác màu. Theo Vogue, dòng Hermes Birkin được mệnh danh ""thời trang của giới thượng lưu"" hay ""mang tính biểu tượng toàn cầu"". Khi phối đồ với phụ kiện xa xỉ, Hòa Minzy chọn phong cách trang điểm và làm tóc tự nhiên. Hòa Minzy xách túi Lady Dior làm điểm nhấn khi mặc áo dài hồng fuchsia. Thiết kế kinh điển của nhà mốt Pháp có giá 5.500USD(gần 137 triệu đồng) cho cỡ mini. Mẫu túi tương tự được cô xách du xuân vào năm 2025. Sở thích dùng túi hiệu của Hòa Minzy khiến khán giả chú ý trong hai năm trở lại đây. Cô sở hữu hàng chục chiếc đa dạng kích cỡ, màu sắc của các thương hiệu đình đám như Chanel, Dior, Gucci, Louis Vuitton. Cô hiện là một trong những giọng ca trẻ đắt show, có thu nhập ổn định. Hòa Minzy, 31 tuổi, tên thật là Nguyễn Thị Hòa, từng đoạt giải quán quân chương trình Học viện Ngôi sao năm 2014. Rời cuộc thi, cô bước vào con đường ca hát chuyên nghiệp, lần lượt có các hit như Rời bỏ (Vũ Huy Hoàng), Không thể cùng nhau suốt kiếp (Mr Siro), Bật tình yêu lên (Tăng Duy Tân), Nỗi đau giữa hòa bình (Nguyễn Văn Chung). Năm 2025, cô tạo cơn sốt với MV Bắc Bling, hiện hút gần 300 triệu lượt xem trên YouTube, đoạt 30 chiếc cúp và bằng khen tại các giải thưởng, chương trình vinh danh. Ngày 1/2, cô tổ chức concert đầu tiên kỷ niệm chặng đường 12 năm làm nghề, hút gần 8.000 khán giả ở TP HCM. Ca sĩ Hòa Minzy phấn khích khoe túi Chanel Flap Bag trị giá gần 200 triệu đồng tậu dịp sinh nhật. Nguồn: [Link nguồn]Nguồn: [Link nguồn]"
77bdb70734fb82d5e51dd3bf357b7f12,Isaac diện cây đồ bảnh bao lên đường dự Milan Fashion Week,2026-02-26T07:13:00+00:00,24h,https://www.24h.com.vn/thoi-trang/isaac-dien-cay-do-banh-bao-len-duong-du-milan-fashion-week-c78a1740312.html,vi,trang-chu,Isaac|thời trang sân bay|Milan Fashion Week|tuần lễ thời trang,,"Lưu bài viết thành công Bạn có thể xem lại bài viết đã lưu ở trangTin bài đã lưu Isaac có mặt ở sân bay Tân Sơn Nhất hôm 24/2. Anh chuẩn bị tham dự Tuần lễ Thời trang Milan 2026 với vai trò khách mời Việt Nam duy nhất của một thương hiệu thời trang nam. Ca sĩ lên đồ thoải mái nhưng vẫn thanh lịch ở phi trường. Anh chọn blazer tông xám trung tính, phối cùng sơ mi và quần trắng có phom dáng gọn gàng. Giọng ca 37 tuổi kết hợp cùng ba lô vải canvas và dây thắt lưng cùng chất liệu để hoàn thiện độ trẻ trung. Isaac cho biết đây là chuyến công tác đầu năm của anh, sau kỳ nghỉ Tết bên gia đình. Lần đầu tham dự Milan Fashion Week, Isaac bày tỏ sự háo hức. 'Đây là cơ hội để tôi học hỏi, quan sát cách vận hành của một sự kiện thời trang tầm cỡ và gặp gỡ những nghệ sĩ, người nổi tiếng từ nhiều quốc gia', anh nói. Isaac sẽ tham dự show diễn của thương hiệu vào 26/2. Sự kiện năm nay quy tụ dàn khách mời đình đám toàn cầu, trong đó có David Beckham, S.Coups - trưởng nhóm nhạc Seventeen, diễn viên Thái Lan Mew Suppasit... Sau khi kết thúc lịch trình ở Milan Fashion Week, Isaac sẽ nhanh chóng về Việt Nam để tiếp tục đi diễn phục vụ khán giả. Anh mong chờ sẽ có một năm bứt phá. Nối tiếp London Fashion Week, Hoa hậu Lương Thuỳ Linh xuất hiện nổi bật, thần thái đầy thu hút tại Milan Fashion Week cùng nhà mốt Fendi. Nguồn: [Link nguồn]Nguồn: [Link nguồn]"
bf0d541fc219f438a756dda0abe09b56,Dâu hào môn Phanh Lee gây chú ý với khí chất quý cô Hà thành,2026-02-26T04:00:00+00:00,24h,https://www.24h.com.vn/thoi-trang/dau-hao-mon-phanh-lee-gay-chu-y-voi-khi-chat-quy-co-ha-thanh-c78a1740126.html,vi,trang-chu,Phanh Lee|áo dài Hà Nội|quý cô Hà thành|thời trang cổ điển|khí chất phụ nữ|sắc vóc Phanh Lee,,"Lưu bài viết thành công Bạn có thể xem lại bài viết đã lưu ở trangTin bài đã lưu Mới đây, Phanh Lee (Lê Phương Anh) tiếp tục ghi điểm khi tung loạt ảnh mang phong vị cổ điển, khắc họa rõ nét vẻ đẹp chuẩn “quý cô Hà thành” khiến nhiều người không khỏi xuýt xoa. Nữ diễn viên lựa chọn áo dài xanh pastel nhẹ nhàng, phom dáng kín đáo nhưng tinh tế. Chất liệu mềm rũ cùng họa tiết hoa lá được xử lý khéo léo giúp tổng thể vừa cổ điển, vừa mang hơi thở hiện đại. Không cần những thiết kế cầu kỳ hay đường cắt táo bạo, nữ diễn viên vẫn nổi bật nhờ thần thái dịu dàng, sang trọng đúng chất phụ nữ Hà Nội xưa. Điểm nhấn của tạo hình còn nằm ở cách ""nàng dâu hào môn"" lựa chọn phụ kiện là vòng ngọc trai, hoa tai ánh vàng, kiểu tóc uốn sóng bồng bềnh. Tổng thể tạo hình của Phanh Lee gợi nhớ hình ảnh những thiếu nữ Hà thành thanh lịch của thập niên cũ. Không gian chụp ảnh được lựa chọn kỹ lưỡng với bối cảnh phố cổ, cửa gỗ cũ, những vật dụng quen thuộc như tờ báo, ly trà, giỏ hoa… Từng chi tiết nhỏ đều góp phần kể câu chuyện về một Hà Nội trầm mặc, hoài niệm. Ngay sau khi loạt ảnh được đăng tải, người hâm mộ để lại bình luận khen ngợi nhan sắc và khí chất của nữ diễn viên. Nhiều ý kiến cho rằng, ở Phanh Lee có sự giao thoa hài hòa giữa nét đẹp hiện đại và vẻ duyên dáng cổ điển. Không cần phô trương hay gây sốc, hình ảnh của cô vẫn đủ sức thu hút nhờ sự tinh tế và gu thẩm mỹ ổn định. Phanh Lee từng được biết đến qua nhiều vai diễn trên màn ảnh nhỏ với hình tượng nhẹ nhàng, nữ tính. Ngoài diễn xuất, cô còn gây ấn tượng bởi phong cách sống kín tiếng, ít scandal. Sau khi lập gia đình, nữ diễn viên dần rút khỏi các hoạt động nghệ thuật sôi nổi, dành nhiều thời gian hơn cho cuộc sống cá nhân. Tuy nhiên, mỗi lần xuất hiện, cô vẫn nhận được sự quan tâm đặc biệt từ công chúng. Từ khi kết hôn với doanh nhân tập đoàn nghìn tỷ, Phanh Lee khiến công chúng trầm trồ với nhan sắc ngày càng rạng rỡ, thần thái quý phái và gu thời... Nguồn: [Link nguồn]Nguồn: [Link nguồn]"
5f3e35fe200eeffb8d210f8744b2172e,Chốt giá vàng hôm nay ngày 26/2 giảm rất mạnh trong vía Thần Tài,2026-02-26T14:31:00+00:00,24h,https://www.24h.com.vn/kinh-doanh/chot-gia-vang-hom-nay-ngay-26-2-giam-rat-manh-trong-via-than-tai-c161a1740400.html,vi,trang-chu,giá vàng hôm nay|giá vàng|giá vàng nhẫn|giá vàng miếng|giá vàng SJC|giá vàng trong nước|giá vàng thế giới,,"Lưu bài viết thành công Bạn có thể xem lại bài viết đã lưu ở trangTin bài đã lưu Tin tức giá vàng hôm nay, ngày 26/2, có xu hướng như thế nào? Cập nhật mới nhất giá vàng trong nước và giá vàng thế giới hôm nay sẽ cung cấp thêm thông tin cho độc giả. Giá vàng ngày 26/2 giảm giá vàng miếng xuống mức 184 triệu đồng/lượng bán ra tại một số thương hiệu vàng lớn, trong ngày vía Thần Tài mùng 10 tháng Giêng năm Bính Ngọ. Theo cập nhật giá vàng hôm nay mới nhất tính đến tối 26/2, giá vàng trong nước ngày 26/2/2026 được niêm yết cụ thể bởi nhiều doanh nghiệp kinh doanh vàng bạc, đá quý. Theo đó, giá vàng SJC hôm nay ở khu vực Hà Nội và Đà Nẵng đang là 181 triệu đồng/lượng mua vào và 184 triệu đồng/lượng bán ra. Tại TPHCM, giá vàng SJC ngày 26/2 đang mua vào và bán ra mức tương tự so với khu vực Hà Nội và Đà Nẵng. Như vậy, so với chốt phiên trước, giá vàng giảm 1,3 triệu đồng/lượng cả hai chiều mua vào và bán ra. Giá vàng Doji hôm nay tại khu vực Hà Nội đang là 181 triệu đồng/lượng mua vào và 184 triệu đồng/lượng bán ra, giảm 1,3 triệu đồng/lượng cả hai chiều mua vào và bán ra so với chốt phiên trước. Giá vàng Doji ngày 26/2 ở TPHCM đang mua vào và bán ra tương tự so với khu vực Hà Nội. Giá vàng PNJ niêm yết ở mức 181 triệu đồng/lượng mua vào và 184 triệu đồng/lượng bán ra, giảm 1,3 triệu đồng/lượng cả hai chiều mua vào và bán ra so với chốt phiên trước. Giá vàng Bảo Tín Minh Châu được doanh nghiệp giao dịch ở mức 181 triệu đồng/lượng mua vào và 184 triệu đồng/lượng bán ra, giảm 1,3 triệu đồng/lượng cả hai chiều mua vào và bán ra so với chốt phiên trước. Như vậy, giá vàng trong nước hôm nay, ngày 26/2, giảm mạnh cả hai chiều mua vào và bán ra ở một số thương hiệu vàng lớn. Giá vàng hôm nay, ngày 26/2 - ngày vía Thần Tài, giảm mạnh giá vàng nhẫn và giá vàng miếng. Giá vàng nhẫn hôm nay, ngày 26/2, giảm mạnh ở một số thương hiệu vàng. Cụ thể, giá vàng nhẫn tròn 9999 Hưng Thịnh Vượng tại Doji niêm yết ở ngưỡng 180,9 –183,9 triệu đồng/lượng (mua vào - bán ra), giảm 1,3 triệu đồng/lượng cả hai chiều mua vào và bán ra so với chốt phiên giao dịch trước. Công ty Vàng bạc đá quý Sài Gòn (SJC) niêm yết giá vàng nhẫn SJC loại 1-5 chỉ ở mức 181 – 184 triệu đồng/lượng (mua vào – bán ra), giảm 800.000 đồng/lượng cả hai chiều mua vào và bán ra so với chốt phiên giao dịch trước. Bảo Tín Minh Châu niêm yết giá nhẫn tròn trơn ở ngưỡng 181 – 184 triệu đồng/lượng (mua vào – bán ra), giảm 500.000 đồng/lượng cả hai chiều mua vào và bán ra so với chốt phiên giao dịch trước. Theo cập nhật giá vàng thế giới tính đến tối 26/2 (giờ Việt Nam), giá vàng thế giới ngày 26/2 giữ ổn định với giá vàng giao ngay tăng 2USD/ounce, lên mức 5.185 USD/ounce. Giá vàng giao tháng 4/2026 trên sàn Comex New York ở mức 5.204 USD/ounce. Thị trường vàng thế giới tiếp tục xu hướng tăng giá, tiến gần mốc 5.200 USD/ounce. Dự báo về xu hướng giá vàng thế giới, các chuyên gia nhận định, dù giá vàng tiếp tục duy trì trên vùng cao sau khi vượt mốc 5.100 USD/ounce thiết lập từ tháng 2, tuy nhiên các tín hiệu kỹ thuật cho thấy thị trường đang bước vào giai đoạn nhạy cảm, tiềm ẩn rủi ro điều chỉnh mạnh. Việc kim loại quý giữ được trên ngưỡng 5.100 USD/ounce thời gian qua được xem là yếu tố củng cố xu hướng tăng trung hạn. Dù vậy, áp lực cản đang xuất hiện rõ nét khi giá tiến sát vùng 5.200 - 5.300 USD/ounce, khu vực từng nhiều lần chặn đứng các nhịp tăng trong quá khứ. Với giá vàng trong nước đồng loạt giảm mạnh và giá vàng thế giới niêm yết tại Kitco ở mức 5.185 USD/ounce (tương đương khoảng 164,2 triệu đồng/lượng quy đổi theo tỷ giá Vietcombank, chưa thuế, phí), chênh lệch giá vàng ngày 26/2 giữa thị trường vàng trong nước và thế giới là khoảng 19,8 triệu đồng/lượng. Cập nhật giá vàng hôm nay mới nhất của giá vàng thế giới và giá vàng trong nước ngày 26/2, giá vàng ngày 27/2, giá vàng ngày Thần Tài sẽ được thông tin đầy đủ, chính xác, nhanh chóng đến độc giả. Trong khi giá vàng thế giới tăng thì giá vàng trong nước lại bất ngờ quay đầu giảm trong ngày vía Thần Tài, nhiều cửa hàng bán vàng không giới hạn số... Nguồn: [Link nguồn]Nguồn: [Link nguồn]"
d2291e94ebec389c2b2f5c27fcc93959,Bất ngờ số lãi về tay khi gửi tiết kiệm 300 triệu đồng kỳ hạn 12 tháng,2026-02-26T12:00:00+00:00,24h,https://www.24h.com.vn/kinh-doanh/bat-ngo-so-lai-ve-tay-khi-gui-tiet-kiem-300-trieu-dong-ky-han-12-thang-c161a1740340.html,vi,trang-chu,lãi suất tiết kiệm 2026|gửi tiết kiệm 300 triệu|lãi suất ngân hàng|lãi suất 12 tháng|tiền lãi nhận được,,"Lưu bài viết thành công Bạn có thể xem lại bài viết đã lưu ở trangTin bài đã lưu Vietcombank cũng vừa thông báo cộng thêm lãi suất huy động cho người gửi tiền. Sau VietinBank, một ngân hàng thuộc nhóm Big4 là Vietcombank cũng vừa thông báo cộng thêm lãi suất huy động cho người gửi tiền. Theo đó, khách hàng gửi tiết kiệm tại Vietcombank từ ngày 23/2 đến 18/3/2025 sẽ được ngân hàng ""lì xì"" lãi suất thêm 0,2%/năm. Mức lãi suất cộng thêm được Vietcombank áp dụng với các kỳ hạn 6 tháng, 9 tháng, 12 tháng, 24 tháng. Sau khi tăng lãi suất huy động trước Tết Nguyên đán, hiện lãi suất huy động theo niêm yết của Vietcombank là 5,5%/năm, áp dụng với các kỳ hạn từ 6 – 24 tháng. Như vậy, lãi suất tiết kiệm thực nhận khi gửi kỳ hạn 6 tháng, 9 tháng, 12 tháng và 24 tháng sau khi cộng thêm sẽ lên đến 6,5%/năm. Tuy nhiên, Vietcombank cho biết lãi suất sau khi cộng thêm có thể lên đến 6,8%/năm. Đây không chỉ là mức lãi suất tiền gửi hấp dẫn nhất trong nhóm ngân hàng Big4 mà còn là mức lãi suất hấp dẫn trên thị trường nói chung. Trước đó, một ngân hàng trong nhóm Big4 là VietinBank thông báo cộng thêm lãi suất cho khách hàng khi gửi tiết kiệm thông thường, kéo lãi suất huy động kỳ hạn 6 - 11 tháng lên 5,5%/năm, thậm chí lên tới 6,8%/năm. Theo đó, VietinBank cho biết lãi suất sẽ được cộng thêm từ 0,9%-2,65%/năm so với niêm yết cho khách hàng gửi tiết kiệm kỳ hạn 1-2 tháng; từ 1%-2,35%/năm với kỳ hạn 3-5 tháng. Với mức lãi suất tiền gửi được cộng thêm như trên, lãi suất thực nhận sẽ chạm trần 4,75%/năm theo quy định của Ngân hàng Nhà nước (NHNN) về lãi suất tiền gửi có kỳ hạn dưới 6 tháng. VietinBank còn cộng thêm lãi suất từ 1% - 2,3%/năm so với lãi suất ngân hàng niêm yết kỳ hạn 6 - 11 tháng. Hiện ngân hàng niêm yết lãi suất huy động 4,5%/năm cho các kỳ hạn này. Như vậy, lãi suất tiết kiệm thực tế kỳ hạn 6 - 11 tháng tại VietinBank được đẩy lên 5,5% - 6,8%/năm sau khi được cộng thêm. Trong khi đó, lãi suất huy động kỳ hạn 12 tháng đang được niêm yết là 5,2%/năm, nhưng có thể tăng lên 6%/năm khi ngân hàng cộng thêm cho kỳ hạn này là 0,8%/năm. Đối với các kỳ hạn tiền gửi từ 13-18 tháng, VietinBank niêm yết lãi suất huy động cao nhất là 5,3%/năm. Tuy nhiên, lãi suất ngân hàng cộng thêm cho người gửi từ 0,1 - 0,8%/năm. Do đó, lãi suất huy động cao nhất có thể lên đến 6,1%/năm. Tương tự, ngân hàng công bố lãi suất cộng thêm cho tiền gửi thông thường kỳ hạn 24 - 36 tháng là 0,8%/năm nên lãi suất tiền gửi cao nhất các kỳ hạn này cũng có thể lên đến 6,1%/năm. Trong khi khối ngân hàng thương mại nhà nước chạy đua huy động tiền gửi, ngay cả ""ông lớn"" thuộc khối ngân hàng tư nhân cũng không thể khoanh tay đứng nhìn. Sau khi giảm lãi suất 0,2%/năm tại tất cả các kỳ hạn tiền gửi trực tuyến vào trước Tết Nguyên đán, Techcombank vừa tăng lãi suất trở lại với mức tăng bằng đúng với mức lãi suất đã giảm trước đó. Theo đó, lãi suất huy động trực tuyến các kỳ hạn từ 1 – 36 tháng sau khi vừa được Techcombank tăng thêm 0,2%/năm như sau: Kỳ hạn 1 – 2 tháng 4,35%/năm, kỳ hạn 3 – 5 tháng 4,65%/năm, kỳ hạn 6 – 11 tháng 5,85%/năm, kỳ hạn 12 – 36 tháng 5,95%/năm. Tuy nhiên, Techcombank tiếp tục duy trì chính sách ưu đãi lãi suất dành cho khách hàng gửi tiết kiệm số tiền lớn. Theo đó, ngân hàng cộng thêm lãi suất 1%/năm khi gửi tăng thêm từ 20 triệu đồng trở lên với kỳ hạn 3, 6, 12 tháng. Như vậy, lãi suất ngân hàng các kỳ hạn 6 và 12 tháng sau khi cộng thêm lần lượt là 6,85%/năm và 6,95%/năm. Tuy nhiên, lãi suất huy động cao nhất khi gửi tiết kiệm trực tuyến tại Techcombank lên đến 7,1%/năm nếu khách hàng đáp ứng đủ điều kiện hưởng ưu đãi lãi suất và đặc quyền hội viên cao nhất hiện hành. Riêng lãi suất ngân hàng kỳ hạn 3 tháng sẽ là 4,75%/năm theo quy định về trần lãi suất đối với tiền gửi có kỳ hạn 6 tháng do NHNN ban hành. Lãi suất PVcomBank hiện ở mức cao nhất thị trường, lên đến 9% cho kỳ hạn 12 tháng với số tiền gửi tối thiểu 2.000 tỉ đồng. Ở điều kiện thường, PVcomBank niêm yết lãi suất 12 tháng cao nhất ở mức 6,1% khi khách hàng gửi tiền online và 5,8% khi gửi tiền tại quầy. Theo sau, HDBank với mức lãi suất 7,7% cho kỳ hạn 12 tháng, điều kiện duy trì số dư tối thiểu 500 tỉ đồng. Ở điều kiện thường, HDBank niêm yết lãi suất 12 tháng cao nhất ở mức 5,8% khi khách hàng gửi tiền online và 5,7% khi gửi tiền tại quầy. Top những ngân hàng có lãi suất cao khi gửi tiết kiệm 12 tháng ở điều kiện thường có thể kể đến như: PGBank, Cake by VPBank, Vikki Bank, BacABank... PGBank đang niêm yết lãi suất cao nhất kỳ hạn 12 tháng ở mức 7,2%/năm khi khách hàng lĩnh lãi cuối kỳ. Cake by VPBank đang niêm yết lãi suất cao nhất kỳ hạn 12 tháng ở mức 7,1%/năm khi khách hàng lĩnh lãi cuối kỳ. Khách hàng lĩnh lãi đầu kỳ, theo tháng, theo quý nhận lãi suất lần lượt là: 6%; 6,27%; 6,31%. Hiện Cake by VPBank niêm yết lãi suất cao nhất là 7,3% ở kỳ hạn 6 tháng. BAC A BANK đang niêm yết lãi suất cao nhất kỳ hạn 12 tháng ở mức 6,85% khi khách hàng cá nhân gửi tiền online, lĩnh lãi cuối kỳ. Hiện BAC A BANK đang niêm yết lãi suất cao nhất ở mức 6,9%/năm ở kỳ hạn từ 18-36 tháng. Vikki Bank đang niêm yết lãi suất cao nhất kỳ hạn 12 tháng ở mức 6,6% khi khách hàng cá nhân gửi tiền online, lĩnh lãi cuối kỳ. Hiện Vikki Bank đang niêm yết lãi suất cao nhất ở mức 6,7%/năm ở kỳ hạn 13 tháng. Bạn có thể tham khảo cách tính tiền lãi để biết số tiền lãi nhận được sau khi gửi tiết kiệm là bao nhiêu. Để tính tiền lãi, bạn có thể áp dụng công thức: Tiền lãi = tiền gửi x lãi suất %/12 x số tháng gửi Ví dụ, người dân gửi 300 triệu đồng vào Ngân hàng A, kỳ hạn 12 tháng và hưởng lãi suất 7,3%/năm, số tiền lãi nhận được như sau: 300 triệu đồng x 7,3%/12 x 12 = 21,9 triệu đồng. Ví dụ, người dân gửi 400 triệu đồng vào Ngân hàng A, kỳ hạn 12 tháng và hưởng lãi suất 7,3%/năm, số tiền lãi nhận được như sau: 400 triệu đồng x 7,3%/12 x 12 = 29,2 triệu đồng. * Thông tin về lãi suất chỉ mang tính chất tham khảo và có thể thay đổi trong từng thời kì. Vui lòng liên hệ điểm giao dịch ngân hàng gần nhất hoặc hotline ‎để được tư vấn cụ thể. Thời kỳ “tiền rẻ” đã chính thức khép lại khi mặt bằng lãi suất tại Việt Nam bước vào chu kỳ nhích lên trên cả thị trường huy động lẫn cho vay. Trong... Nguồn: [Link nguồn]Nguồn: [Link nguồn]"
4dea060a6d9a50b5ed5b6d1e2a0b2508,"Giá vàng hôm nay 26/2 mới nhất: Quay đầu giảm mạnh, cảnh tượng trái ngược ở phố vàng Hà Nội",2026-02-26T09:27:00+00:00,24h,https://www.24h.com.vn/kinh-doanh/gia-vang-hom-nay-26-2-moi-nhat-quay-dau-giam-manh-canh-tuong-trai-nguoc-o-pho-vang-ha-noi-c161a1740330.html,vi,trang-chu,giá vàng hôm nay|giá vàng nhẫn|giá vàng miếng|giá vàng|mua vàng|bán vàng|mua vàng thần tài|ngày vía thần tài,,"Lưu bài viết thành công Bạn có thể xem lại bài viết đã lưu ở trangTin bài đã lưu Hôm nay, ngày 26/2, tức ngày mùng 10 tháng Giêng – ngày vía Thần Tài, giá vàng trong nước bất ngờ quay đầu giảm, mặc dù giá vàng thế giới tăng hàng chụcUSDso với chốt phiên hôm qua. Ghi nhận của phóng viên trên phố vàng Trần Nhân Tông (Hà Nội) vào trưa ngày 26/2, hàng nghìn người đã “đổ về” các cửa hàng kinh doanh vàng để mua vàng. Trước cửa các cửa hàng kinh doanh vàng, hàng chục nhân viên mặc quần áo đóng giả Thần Tài đứng mời khách. Nhiều cửa hàng còn chuẩn bị trống hội và múa lân để chào đón khách hàng đến mua vàng trong ngày này khiến cả dãy phố trở nên nhộn nhịp và náo nhiệt hiếm thấy. Mặc dù thời tiết hôm nay có mưa nhỏ nhưng hàng trăm người vẫn ngồi thành hàng chờ vào mua vàng trong ngày vía Thần Tài để lấy may. Bên trong cửa hàng cũng đông không kém. Tại cửa hàng của Bảo Tín Mạnh Hải, ngoài vàng nhẫn, linh vật ngựa hay vàng trang sức, nhiều người còn khá thích thú khi đặt mua bộ tứ quý Tùng – Cúc – Trúc – Mai bản 0,1 chỉ và 1 chỉ. Để phục vụ tối đa khách mua vàng trong ngày này, cửa hàng đã sắp xếp hàng chục quầy thu ngân, tiếp đón khách hàng. Do lượng khách quá đông, đến khoảng 11h30, cửa hàng thông báo hết vàng nhẫn 0,5 chỉ, khách hàng vui lòng đặt mua các sản phẩm khác. Một cửa hàng vàng lớn khác ở Hà Nội hôm nay cho khách hàng mua thỏa thích, không giới hạn số lượng vàng tích trữ, thay vì giới hạn số lượng như những ngày trước đây. Càng về giữa trưa, lượng khách đến mua vàng ngày một đông. Trong đó, niều người là nhân viên văn phòng, tranh thủ giờ nghỉ trưa để đi mua vàng. Cửa hàng chuẩn bị sẵn bánh, sữa, kẹo, khoai lang cho khách ăn cho đỡ đói. Tranh thủ giờ nghỉ trưa ra xếp hàng mua vàng, chị Thu (Hà Nội) cho biết, khoảng hơn chục năm nay, ngày vía Thần Tài năm nào chị cũng xếp hàng mua vàng lấy may. “Không biết may hay không nhưng mua được là được, cảm giác vui lắm. Một chỉ năm ngoái tôi mua khoảng 8,4 triệu, giờ lên gần 18,5 triệu rồi, lãi cả chục triệu là may rồi còn gì”, chị Thu cười nói. Theo quan sát, trước một cửa hàng lớn trên phố này có tổng cộng 12 hàng ghế, mỗi hàng từ 5-10 người ngồi. Khi nhân viên gọi đến hàng nào, hàng đó sẽ vào giao dịch. Đến 12 giờ trưa đã có 63 hàng được xếp trong buổi sáng 26/2. Tuy nhiên, khách hàng chỉ tập trung đông ở các cửa hàng kinh doanh vàng có thương hiệu. Ngược lại, các cửa hàng nhỏ lẻ khác trên dãy phố này khá thưa vắng. Một số cửa hàng có những lúc không có một bóng khách nào vào mua bán. Thậm chí, nhân viên đông hơn khách tạo ra cảnh tượng trái ngược trên phố vàng trong ngày vía Thần Tài năm nay. Lúc 14h ngày 26/2, giá vàng miếng SJC được các đơn vị kinh doanh niêm yết ở mức 182-185 triệu đồng/lượng (mua – bán), giảm 500 nghìn đồng/lượng so với chốt phiên hôm qua. Vàng nhẫn cũng được các đơn vị điều chỉnh giảm từ 300-800 nghìn đồng/lượng so với chốt phiên hôm qua, tùy thương hiệu. Trong đó, Bảo Tín Mạnh Hải niêm yết giá vàng nhẫn ép vỉ Kim Gia Bảo ở mức 181,8-184,8 triệu đồng/lượng (mua – bán), giảm 400 nghìn đồng/lượng ở cả hai chiều so với chốt phiên hôm qua. Bảo Tín Minh Châu niêm yết giá vàng nhẫn Vàng Rồng Thăng Long của đơn vị này ở mức 181,8-184,8 triệu đồng/lượng (mua – bán), giảm 500 nghìn đồng/lượng ở cả hai chiều so với chốt phiên hôm qua. Riêng Doji điều chỉnh tăng giá vàng nhẫn thêm 200 nghìn đồng/lượng so với hôm qua khi niêm yết giá vàng nhẫn Hưng – Thịnh – Vượng ở mức 182,4-185,4 triệu đồng/lượng (mua – bán). Cùng thời điểm, giá vàng thế giới giao dịch quanh mức 5.184,4USD/ounce, tăng 20,3 USD/ounce so với chốt phiên Mỹ đêm qua. Quy đổi theo tỷ giá USD tại ngân hàng Vietcombank, giá vàng thế giới tương đương 164,4 triệu đồng/lượng, thấp hơn giá vàng trong nước khoảng 20-21 triệu đồng/lượng. Nguồn: [Link nguồn]Nguồn: [Link nguồn]"
0d2ec14e7fa83031c669a0dc54a7df1c,"Trúng độc đắc 8 tỉ đồng xổ số miền Nam, 2 người phụ nữ liền mở sổ tiết kiệm",2026-02-26T10:00:00+00:00,24h,https://www.24h.com.vn/kinh-doanh/trung-doc-dac-8-ti-dong-xo-so-mien-nam-2-nguoi-phu-nu-lien-mo-so-tiet-kiem-c161a1740354.html,vi,trang-chu,xổ số miền Nam|trúng độc đắc|vé số Vũng Tàu|xổ số|xổ số hôm nay|xổ số ngày 26-2|xổ số miền Nam ngày 26-2|kết quả xổ số|kết quả xổ số hôm nay|kết quả xổ số ngày 26-2|trúng số|TPHCM|KQXS|XSMN|XSKT|xổ số kiến thiết|trực tiếp xổ số|xổ số ba miền,,"Lưu bài viết thành công Bạn có thể xem lại bài viết đã lưu ở trangTin bài đã lưu Chiều 26-2, liên quan kết quả xổ số miền Nam, anh Lê Du – đại diện đại lý vé số Mỹ Hạnh ở xã Bà Điểm, TPHCM – thông tin với phóng viên Báo Người Lao Động về 2 chủ nhân may mắn trúng giải độc đắc vé số Vũng Tàu. 2 nữ khách hàng trúng độc đắc 8 tỉ đồng vé số Vũng Tàu. Theo đó, vé số Vũng Tàu, do Công ty TNHH Một thành viên Xổ số kiến thiết Bà Rịa – Vũng Tàu mở thưởng chiều 24-2, giải độc đắc (dãy số 329713) được xác định trúng tại tỉnh Tây Ninh và TPHCM. Một khách hàng đầu tiên trúng độc đắc 6 vé Vũng Tàu đã đến đại lý vé số Lan Hùng Tú ở phường Thanh Điền, tỉnh Tây Ninh để đổi thưởng 12 tỉ đồng (chưa trừ thuế). Đến tối 25-2, một khách hàng may mắn trúng độc đắc 2 vé Vũng Tàu đã đến đại lý vé số Mỹ Hạnh ở xã Bà Điểm, TPHCM đổi thưởng 4 tỉ đồng (chưa trừ thuế). Trưa 26-2, thêm một khách hàng đến đại lý vé số Mỹ Hạnh ở xã Bà Điểm để đổi thưởng 2 vé Vũng Tàu trúng giải độc đắc. ""Hai chủ nhân trúng giải độc đắc là nữ. Họ nhận một ít tiền mặt, còn lại gửi tiết kiệm"" – anh Lê Du thông tin. Như vậy, hiện còn 6 vé Vũng Tàu trúng giải độc đắc nhưng chưa lộ diện khách hàng may mắn. Thời gian gần đây, rất nhiều phụ nữ ở miền Tây, TPHCM và tỉnh Tây Ninh đã trúng giải độc đắc. Trong đó, có người trúng 1-2 vé nhưng cũng có người trúng nguyên lốc (14-16 vé). Xổ số miền Nam hôm nay (22-2) sẽ tiếp tục mở thưởng đối với vé số Xuân Bính Ngọ 2026 của 3 đài là Tiền Giang, Kiên Giang và Đà Lạt Nguồn: [Link nguồn]Nguồn: [Link nguồn]"
452e91e1615ba53dff653d3b420f68ed,Thủ tướng: Phát triển phân khúc nhà ở cho người thu nhập từ 20 triệu đồng/tháng,2026-02-26T05:00:00+00:00,24h,https://www.24h.com.vn/kinh-doanh/thu-tuong-phat-trien-phan-khuc-nha-o-cho-nguoi-thu-nhap-tu-20-trieu-dong-thang-c161a1740267.html,vi,trang-chu,bất động sản|Thủ tướng|nhà chung cư|Thủ tướng Phạm Minh Chính,,"Lưu bài viết thành công Bạn có thể xem lại bài viết đã lưu ở trangTin bài đã lưu Sáng 26/2, phát biểu khai mạc phiên họp thứ 6 của Ban Chỉ đạo Trung ương về chính sách nhà ở và thị trường bất động sản, Thủ tướng Phạm Minh Chính nhấn mạnh, quyền có chỗ ở là quyền cơ bản của công dân. Mỗi người dân đều có quyền tiếp cận bình đẳng, công khai, minh bạch về nhà ở phù hợp với thu nhập và điều kiện phát triển kinh tế - xã hội của đất nước, đảm bảo hài hoà lợi ích của Nhà nước, người dân, doanh nghiệp. Thủ tướng Phạm Minh Chính. (Ảnh: VGP) ""Việc phát triển nhà ở cần đa dạng phân khúc, bao gồm nhà ở thương mại, nhà ở xã hội, song dù phân khúc nào thì hạ tầng đều phải đầy đủ, đồng bộ, bình đẳng, toàn diện, bao trùm"", Thủ tướng quán triệt. Thủ tướng cho biết, năm 2025, Chính phủ đã chỉ đạo rất quyết liệt, đưa ra những chính sách, tháo gỡ khó khăn, vướng mắc để phát triển nhà ở, nhất là nhà ở xã hội. Theo đó, đã hoàn thành hơn 100.000 căn nhà xã hội, hướng tới hoàn thành 1 triệu căn nhà ở xã hội vào năm 2028, sớm hơn dự kiến 2 năm. Tuy vậy, thực tiễn đặt ra yêu cầu mới, đặc biệt là nhu cầu về nhà ở đối với các đối tượng thu nhập trung bình từ 20 triệu đồng/tháng. Vì vậy, Thủ tướng yêu cầu tại phiên họp này, Ban Chỉ đạo Trung ương và các địa phương, các đại biểu cần tập trung thảo luận, thống nhất tư duy, bàn giải pháp về phát triển phân khúc nhà ở cho người có thu nhập trung bình, tăng nguồn cung về nhà ở cho nhiều đối tượng khác nhau, đảm bảo quyền bình đẳng trong tiếp cận nhà ở của mỗi người dân. Trong đó, cần bàn về các chính sách nhằm tăng cường quỹ đất dành cho các dự án nhà ở thương mại có giá phù hợp với người dân có thu nhập trung bình; đẩy nhanh quy hoạch sử dụng đất, quy hoạch chung xây dựng, trong đó nghiên cứu ưu tiên bố trí quỹ đất làm nhà ở thương mại có giá phù hợp; tăng cường phát triển đô thị theo định hướng giao thông đô thị TOD nhằm tối ưu hoá việc sử dụng đất, giảm ùn tắc giao thông, nâng cao chất lượng sử dụng đất. Đồng thời, Thủ tướng yêu cầu dành nguồn tín dụng ưu đãi cho các dự án nhà ở thương mại có giá trị phù hợp mà người dân có nhu cầu mua nhà. Thủ tướng lưu ý mục đích cuối cùng là tăng nguồn cung bất động sản, phù hợp với nhiều đối tượng, góp phần giảm giá thành bất động sản để các đối tượng có nhu cầu nhà ở được tiếp cận bình đẳng, công khai, minh bạch, tránh phiền hà, tiêu cực. Thủ tướng nhấn mạnh tinh thần ""không lãng phí một ngày; không chậm trễ một tuần; không bỏ lỡ cơ hội trong một tháng; không để bị động trong một năm"", khẩn trương có chính sách đáp ứng yêu cầu thực tiễn trong lĩnh vực này. Hiện tại, khu tập thể 3 tầng đã xuống cấp trầm trọng, trong đó nhiều hạng mục kết cấu và bộ phận công trình xuất hiện dấu hiệu hư hỏng, bong tróc lớp... Nguồn: [Link nguồn]Nguồn: [Link nguồn]"
c980fde7340e094d23f4d019fccbad26,"Vàng lập đỉnh, tranh cãi bùng lên về chu kỳ kế tiếp",2026-02-26T13:00:00+00:00,24h,https://www.24h.com.vn/kinh-doanh/vang-lap-dinh-tranh-cai-bung-len-ve-chu-ky-ke-tiep-c161a1740192.html,vi,trang-chu,vàng|thị trường vàng|giá vàng|dự báo giá vàng,,"Lưu bài viết thành công Bạn có thể xem lại bài viết đã lưu ở trangTin bài đã lưu Giá vàng vừa bước vào vùng cao lịch sử nhưng điều khiến thị trường bất ngờ hơn là một dự báo dài hạn đang gây tranh luận mạnh: vàng có thể tiến tới mốc 8.000USD/ouncevào năm 2028. Theo thông tin được đăng tải trên The Economic Times, các nhà phân tích tại tập đoàn tài chính đa quốc gia JPMorgan Chase cho rằng trong kịch bản thuận lợi, giá vàng có thể tăng gấp đôi trong vài năm tới, tương đương vùng giá khoảng 8.000 USD/ounce. Đây là một trong những nhận định táo bạo nhất về kim loại quý kể từ sau đại dịch. Con số này lập tức thu hút sự chú ý của giới đầu tư toàn cầu bởi nó không đơn thuần là dự báo ngắn hạn mà là một giả định về “chu kỳ lớn” của vàng. Khác với các đợt tăng mạnh giai đoạn 2008-2011 hay thời kỳ đại dịch, lần này vàng đi lên trong một môi trường phức tạp hơn nhiều. Lạm phát không còn bùng phát như trước nhưng rủi ro hệ thống lại lan rộng theo cách âm ỉ hơn: nợ công toàn cầu tăng cao, căng thẳng địa chính trị dai dẳng, hệ thống tài chính chịu áp lực tái cấu trúc. Giá vàng liên tục lập đỉnh mới, trong khi JPMorgan Chase dự báo kịch bản dài hạn có thể đưa kim loại quý này lên tới 8.000 USD/ounce vào năm 2028. Ảnh minh họa: Baidu Theo JPMorgan, động lực quan trọng nhất là sự thay đổi mang tính cấu trúc trong cách phân bổ tài sản toàn cầu. Nếu chỉ một tỷ lệ nhỏ dòng vốn quốc tế dịch chuyển thêm sang vàng như tài sản phòng hộ chiến lược, mức giá hiện tại có thể được “định giá lại” ở mặt bằng cao hơn nhiều. Một yếu tố khác là hoạt động mua vàng của ngân hàng trung ương. Trong hai năm gần đây, lượng mua ròng toàn cầu liên tục ở mức cao nhất nhiều thập kỷ. Đây là dòng tiền dài hạn, ít mang tính đầu cơ, và thường không bán ra khi giá điều chỉnh nhẹ. Ngoài ra, triển vọng lãi suất toàn cầu hạ nhiệt trong trung hạn cũng được xem là lực đẩy tiềm năng. Khi mặt bằng lãi suất giảm, chi phí cơ hội nắm giữ vàng thấp hơn, tạo điều kiện cho giá tăng. Kết hợp các yếu tố này, JPMorgan xây dựng kịch bản mà trong đó vàng có thể tăng gấp đôi từ mức hiện tại trước năm 2028. Dù triển vọng dài hạn được vẽ ra khá hấp dẫn nhưng thị trường vàng không miễn nhiễm với điều chỉnh. Lịch sử cho thấy mỗi chu kỳ tăng mạnh đều đi kèm những giai đoạn giảm sâu 10-20% trong thời gian ngắn. Nếu kinh tế toàn cầu phục hồi tốt hơn dự kiến, lợi suất trái phiếu tăng trở lại hoặc dòng tiền chuyển dịch mạnh sang cổ phiếu và tài sản rủi ro, vàng có thể chịu áp lực. Ngoài ra, bất kỳ thay đổi đột ngột nào trong chính sách tiền tệ cũng có khả năng gây biến động mạnh. Điểm khác biệt hiện nay là nền tảng hỗ trợ có vẻ rộng hơn so với các chu kỳ trước. Thay vì phụ thuộc chủ yếu vào một yếu tố như lạm phát, đà tăng của vàng đang nhận lực đẩy từ nhiều hướng: chiến lược dự trữ, phòng hộ rủi ro và tái cơ cấu danh mục đầu tư toàn cầu. Dù vậy, không phải mọi tổ chức tài chính đều đưa ra mức dự báo cao như vậy. Nhiều nhà phân tích khác đặt mục tiêu ở vùng 4.500 - 5.500USDtrong vài năm tới, cho rằng đà tăng vẫn bền vững nhưng khó bùng nổ quá nhanh. Sự khác biệt này phản ánh điều quan trọng: thị trường vàng đang ở điểm nhạy cảm. Một bên tin rằng thế giới đang bước vào giai đoạn bất ổn kéo dài, khiến vàng trở thành trụ cột phòng thủ chiến lược. Bên còn lại cho rằng tốc độ tăng hiện tại có thể chững lại nếu điều kiện kinh tế cải thiện. Hiện tại, vàng vẫn duy trì được lực cầu ổn định ngay cả khi thị trường trải qua các đợt điều chỉnh ngắn hạn. Sự kiên định của dòng tiền cho thấy kim loại quý này đang được nhìn nhận vượt ra ngoài vai trò chống lạm phát truyền thống. Nếu xu hướng tích lũy chiến lược tiếp tục mở rộng và sự bất định toàn cầu chưa hạ nhiệt, khả năng vàng đạt những mốc giá chưa từng có không thể bị loại trừ. Mức cao nhất của giá vàng trong năm 2026 được dự báo lên 6.200 USD/ounce nhờ lực cầu từ nhà đầu tư cá nhân và tổ chức, rủi ro địa chính trị... Nguồn: [Link nguồn]Nguồn: [Link nguồn]"
fdf829dfa991e16c9e77f769018cf9c5,"Con thịt ngọt như nước ninh xương, có 3 cặp râu dài, nuôi ở Việt Nam, bán cho nhà giàu Trung Quốc, thu 900 triệu USD",2026-02-26T13:30:00+00:00,24h,https://www.24h.com.vn/thi-truong-tieu-dung/con-thit-ngot-nhu-nuoc-ninh-xuong-co-3-cap-rau-dai-nuoi-o-viet-nam-ban-cho-nha-giau-trung-quocthu-900-trieu-usd-c52a1740393.html,vi,trang-chu,tôm hùm|việt nam|thịt ngọt|râu dài|nhà giàu|Trung Quốc|900,,"Lưu bài viết thành công Bạn có thể xem lại bài viết đã lưu ở trangTin bài đã lưu Theo số liệu của Hiệp hội Chế biến và Xuất khẩu thủy sản Việt Nam (VASEP), năm 2025, xuất khẩu tôm hùm Việt Nam sang Trung Quốc bùng nổ mạnh mẽ, lập kỷ lục 858 triệu USD, tăng 208% so với năm 2024. Trong đó, tôm hùm xanh Việt Nam loại 150–300 gram/con – sản phẩm đang được ưa chuộng tại thị trường tỷ dân. Bà Lê Hằng, Phó Tổng thư ký VASEP cho hay, người tiêu dùng Trung Quốc ngày càng ưa chuộng các sản phẩm thủy sản chất lượng cao, an toàn, truy xuất nguồn gốc và sẵn sàng chi trả giá cao cho trải nghiệm ẩm thực đặc biệt. Thay vì tập trung vào các loại tôm đông lạnh giá rẻ, họ chuyển sang phân khúc cao cấp như tôm cỡ lớn, tôm hùm sống/tươi và các sản phẩm chế biến sâu phục vụ nhà hàng, khách sạn. Sự dịch chuyển thị hiếu này tạo lực đẩy lớn cho mặt hàng tôm hùm Việt Nam – vốn được đánh giá cao về chất lượng và phù hợp với nhu cầu phân khúc cao cấp. Nhu cầu tôm hùm tại Trung Quốc cũng tăng đột biến vào dịp Tết Nguyên đán, khi người dân chuẩn bị cho mùa lễ hội cuối năm. Tôm hùm Việt Nam được ưa chuộng trong các bữa tiệc và cỗ Tết ở Trung Quốc nhờ hình thức bắt mắt, màu sắc đỏ tươi tượng trưng cho may mắn. Đặc biệt, cỡ tôm hùm nhỏ (150–300 gram/con) rất được ưa thích tại các nhà hàng buffet hải sản đang thịnh hành ở Trung Quốc. Cũng theo bà Hằng, sau khi Trung Quốc mở cửa trở lại hậu COVID-19, thu nhập người dân cải thiện và chính phủ triển khai các chính sách thúc đẩy tiêu dùng nội địa, nhu cầu đối với thực phẩm cao cấp như tôm hùm càng tăng. Trong năm 2025, thương mại điện tử và chuỗi bán lẻ hiện đại tại Trung Quốc phát triển mạnh, giúp tôm hùm nhập khẩu tiếp cận rộng rãi người tiêu dùng hơn. Nhờ thị trường tỷ dân sẵn sàng “mở hầu bao”, tổng lượng tôm hùm Trung Quốc nhập khẩu 3 quý đầu 2025 đạt gần 49.900 tấn, tăng 13% so với cùng kỳ. Nhu cầu tăng mạnh này tạo cơ hội lớn cho các nhà cung ứng như Việt Nam. Bên cạnh đó, quan hệ thương mại Việt–Trung trong lĩnh vực nông thủy sản có nhiều bước tiến tích cực gần đây. Các tỉnh ven biển miền Trung của Việt Nam, đặc biệt là các tỉnh Phú Yên, Bình Định, Khánh Hòa, Ninh Thuận (trước đây) nuôi được cả 3 loại tôm hùm gồm tôm hùm bông, tôm hùm xanh, tôm hùm tre. Trung Quốc đã phê duyệt nhập khẩu chính ngạch nhiều mặt hàng nông sản Việt Nam thông qua việc ký kết các Nghị định thư song phương, mở rộng cửa cho nông sản, thủy sản Việt. Đáng chú ý, các sản phẩm thủy sản chủ lực của Việt Nam như tôm hùm, tôm sú, cá tra... đều đã được phía Trung Quốc miễn thuế nhập khẩu theo các hiệp định thương mại tự do (ACFTA, RCEP). Nhờ lợi thế thuế quan 0% (không bị áp thuế trừng phạt), tôm hùm Việt Nam có giá bán cạnh tranh hơn hẳn so với tôm hùm từ Mỹ, Canada (đang chịu thuế nhập khẩu lần lượt tương đương 17% và 32%). Năm 2025, xuất khẩu tôm hùm Việt Nam sang Trung Quốc bùng nổ hiếm thấy, lập kỷ lục 858 triệu USD, tăng 208% so với năm 2024. Trong ảnh là người dân nuôi tôm hùm Cam Ranh, tỉnh Khánh Hòa thu hoạch tôm hùm. Ảnh: Công Tâm Ngoài ra, vị trí địa lý gần giúp rút ngắn thời gian vận chuyển tôm hùm sống sang Trung Quốc, giảm hao hụt và chi phí logistics. Những yếu tố này tạo lợi thế thương mại rõ rệt, khuyến khích Trung Quốc tăng mua tôm hùm từ Việt Nam. Năm 2023, sau khi tạm ngừng nhập khẩu tôm hùm bông từ Việt Nam, đã khiến xuất khẩu tôm hùm Việt Nam đầu năm 2023 bị đình trệ, kim ngạch 8 tháng đầu năm 2023 chỉ đạt 76 triệu USD, giảm 42% so với cùng kỳ 2022. Tuy nhiên, phía Việt Nam và Trung Quốc đã tích cực phối hợp tháo gỡ. Trung Quốc đồng ý xem xét cơ chế đặc biệt cho tôm hùm bông nuôi, tiến hành kiểm tra trực tuyến các cơ sở nuôi và sẽ công bố danh sách trang trại đủ điều kiện xuất khẩu. Bộ NN&PTNT Việt Nam cũng khuyến cáo ngư dân chuyển hướng sang nuôi tôm hùm xanh (Panulirus homarus) – loài được phép nhập khẩu và đang được thị trường Trung Quốc ưa chuộng nhất. Nhờ những nỗ lực trên, đến năm 2025, hoạt động xuất khẩu tôm hùm sang Trung Quốc đã diễn ra theo kênh chính ngạch ổn định hơn. Hiện Việt Nam có 46 cơ sở đóng gói thủy sản sống (chủ yếu là tôm hùm) được phía Trung Quốc phê duyệt mã số để xuất khẩu. Các doanh nghiệp đã tuân thủ chặt chẽ yêu cầu truy xuất nguồn gốc, gắn tem cho tôm hùm thí điểm ở Phú Yên, và nâng cao kiểm soát chất lượng theo tiêu chuẩn phía bạn. Nhờ đó, hàng rào kiểm dịch không còn là trở ngại lớn, phía Trung Quốc tiếp tục nhập khẩu mạnh tôm hùm xanh từ Việt Nam, trong khi tôm hùm bông tạm thời tiêu thụ nội địa. Tôm hùm nuôi ở vùng biển Việt Nam, dù là tôm hùm bông, tôm hùm xanh, hay tôm hùm tre đều có đặc điểm chung là thịt tôm giàu protein, thịt tôm ngọt như nước ninh xương. Con đặc sản thuộc loài giáp xác to bự có 3 cặp râu dài này là con đặc sản đắt tiền... Đến cuối 2024, Trung Quốc vẫn cấm nhập tôm hùm bông và chỉ cho phép tôm hùm xanh, giúp định hướng rõ ràng cho người nuôi Việt Nam tập trung vào loài được phép. Lãnh đạo hải quan Trung Quốc cũng cho biết hai nước đang hợp tác chặt chẽ về nông thủy sản, và các quy trình kiểm dịch sẽ được đơn giản hóa khi doanh nghiệp tuân thủ tiêu chuẩn chất lượng chuỗi sản xuất. (Lưu ý: Trung Quốc dự kiến áp dụng Lệnh 280 từ giữa 2026 với yêu cầu khắt khe hơn về đăng ký cơ sở xuất khẩu qua cơ quan thẩm quyền. Dù vậy, trong năm 2025, các quy định hiện tại vẫn tạo điều kiện thuận lợi để tôm hùm Việt Nam thâm nhập mạnh vào thị trường Trung Quốc). Theo Hiệp hội Chế biến và Xuất khẩu Thủy sản Việt Nam (VASEP), năm 2025, Việt Nam vươn lên dẫn đầu xuất khẩu tôm hùm vào Trung Quốc, với 24.067 tấn, chiếm khoảng 34,5%, trong khi Canada giảm còn 15.355 tấn, thị phần khoảng 22%. Hoa Kỳ đạt 9.931 tấn (khoảng 14,2%), còn Australia tăng mạnh lên 6.950 tấn (xấp xỉ 10%). Trước đây, Úc là nhà cung cấp tôm hùm hàng đầu cho Trung Quốc, chiếm tới 50% thị phần nhập khẩu vào 2019. Tuy nhiên, từ 2020 Trung Quốc áp lệnh cấm tôm hùm đá Úc, tạo ra khoảng trống lớn trên thị trường. Trong khi đó, Mỹ và Canada là hai nguồn cung tôm hùm lớn cho Trung Quốc những năm gần đây, đặc biệt cung cấp loại tôm hùm Alaska/Maine (có càng). Tuy nhiên, chiến tranh thương mại Mỹ–Trung khiến Trung Quốc áp thuế cao lên tôm hùm Bắc Mỹ. Năm 2025, lượng tôm hùm nhập từ Canada giảm 39% do gánh nặng thuế quan tổng cộng tới 32%, từ Mỹ cũng giảm 10% do chịu thuế 17% và cạnh tranh khốc liệt. Nguồn cung từ hai nước này chưa đủ lấp đầy khoảng trống Úc để lại. Nhờ vậy, tôm hùm Việt Nam nổi lên hưởng lợi lớn nhất, không chỉ miễn thuế mà còn giao hàng nhanh hơn (hàng sống được vận chuyển đường bộ/ngắn ngày thay vì đường hàng không xuyên đại dương). Thực tế cho thấy năm 2025 Trung Quốc giảm nhập từ Bắc Mỹ và tăng mạnh nhập từ Việt Nam, giúp Việt Nam củng cố vị thế trên phân khúc tôm hùm cao cấp. Để đáp ứng nhu cầu khổng lồ từ Trung Quốc, ngành tôm hùm Việt Nam đã mở rộng quy mô nuôi trong những năm gần đây. Các vùng nuôi trọng điểm (như vịnh Xuân Đài – Phú Yên, Cam Ranh – Khánh Hòa) đã phục hồi sản lượng tốt, tạo nền tảng tăng nguồn cung xuất khẩu. Theo Hiệp hội VASEP, Việt Nam hiện có nguồn cung tôm hùm xanh dồi dào – đây là lợi thế giúp nhanh chóng tăng xuất khẩu khi Trung Quốc “khát hàng”. Số liệu cho thấy Trung Quốc đã nhập tới 17.365 tấn tôm hùm từ Việt Nam trong 3 quý đầu 2025 (gấp gần 3 lần cùng kỳ 2024), đạt giá trị 556 triệu USD. Sản lượng này vượt xa mục tiêu đề án ngành (3.000 tấn vào năm 2025) và phản ánh sự tăng trưởng “nóng” để đáp ứng thị trường. Diện tích mặt nước nuôi tôm hùm và số lượng lồng nuôi loài động vật giáp xác to bự có 3 cặp râu dài, thịt ngọt như nước ninh xương này cũng tăng nhanh: riêng khu vực Sông Cầu (Phú Yên) có trên 27.000 lồng nuôi – một trong những thủ phủ tôm hùm lớn nhất cả nước. Nhờ mở rộng quy mô nuôi và đầu tư công nghệ, Việt Nam đủ khả năng cung ứng khối lượng lớn tôm hùm cho Trung Quốc trong năm 2025. Theo bà Lê Hằng, trước đây, phần lớn tôm hùm Việt Nam xuất sang Trung Quốc theo đường tiểu ngạch qua biên giới, tiềm ẩn nhiều rủi ro về ách tắc và ép giá nông dân. Hiện nay, hai nước đều chú trọng chuẩn hóa thương mại và giảm phụ thuộc các kênh không chính thức. Các địa phương và doanh nghiệp Trung Quốc muốn nhập khẩu trực tiếp tôm hùm-con thịt ngọt như nước ninh xương từ Việt Nam thay vì qua trung gian, nhiều doanh nghiệp Trung Quốc đã sang Việt Nam tìm kiếm cơ hội đầu tư chuỗi cung ứng nông sản tại chỗ. Về phía Việt Nam, cơ quan quản lý siết chặt việc cấp chứng thư xuất khẩu và kiểm soát chất lượng đồng đều cho hàng xuất sang Trung Quốc, nhằm nâng uy tín sản phẩm và đảm bảo cạnh tranh công bằng. Quan hệ thương mại hai nước được nâng tầm thông qua các diễn đàn hợp tác nông sản thường niên và tận dụng lợi thế liền kề biên giới để tăng tốc luân chuyển hàng hóa. Nhờ sự phối hợp này, xuất khẩu tôm hùm nói riêng và nông sản Việt Nam nói chung sang Trung Quốc trong năm 2025 đạt mức kỷ lục. Năm nay, ngoài cá lóc nướng, nhiều gia đình chuộng mâm hải sản có tôm hùm, cua Cà Mau giá 340.000-400.000 đồng, khiến phân khúc bình dân này ""cháy... Nguồn: [Link nguồn]Nguồn: [Link nguồn]"
777383e2a3f57fd755019068764f5eb0,"Con 10 chân vẫn nổi dày như mọi năm, dân nơi này ở Đà Nẵng cứ khênh sọt lớn sọt nhỏ nặng lặc lè mà cục tiền cầm nhẹ đi",2026-02-26T12:00:00+00:00,24h,https://www.24h.com.vn/thi-truong-tieu-dung/con-10-chan-van-noi-day-nhu-moi-nam-dan-noi-nay-o-da-nang-cu-khenh-sot-lon-sot-nho-nang-lac-le-ma-cuc-tien-cam-nhe-di-c52a1740374.html,vi,trang-chu,con ruốc|đà nẵng,,"Lưu bài viết thành công Bạn có thể xem lại bài viết đã lưu ở trangTin bài đã lưu Những ngày này, bãi biển Thọ Quang (TP Đà Nẵng) rộn ràng hơn thường lệ khi ngư dân liên tục trúng đậm ruốc biển. Từng thúng ruốc đỏ au, tươi rói được đưa vào bờ từ lúc tinh mơ, tạo nên khung cảnh mua bán nhộn nhịp. Tuy nhiên, niềm vui “được mùa” lại không trọn vẹn khi giá ruốc giảm sâu so với các năm trước, khiến thu nhập của người dân bị ảnh hưởng đáng kể. Theo ghi nhận, từ khoảng 4-5 giờ sáng, khi trời còn lờ mờ, nhiều ngư dân đã tất bật chèo thúng ra khơi cách bờ vài hải lý để thả lưới. Ngư dân được mùa ruốc biển. Ảnh: D.B Chỉ sau vài giờ, những mẻ lưới đầy ắp ruốc được kéo lên. Trên bãi cát, thương lái và người dân địa phương đứng chờ sẵn, chuẩn bị rổ, thùng xốp để thu mua. Không khí mua bán diễn ra nhanh chóng, khẩn trương vì ruốc là mặt hàng tươi sống, cần tiêu thụ ngay trong ngày. Nhiều ngư dân cho hay, năm nay ruốc xuất hiện dày và sản lượng cao hơn hẳn so với cùng kỳ. Có thuyền mỗi chuyến đánh bắt được vài tạ, thậm chí gần một tấn ruốc. Biển êm, thời tiết thuận lợi là yếu tố giúp các chuyến ra khơi đạt hiệu quả cao. Từ tờ mờ sáng, ngư dân đã tất bật chèo thúng ra khơi để thả lưới, thu hoạch ruốc. Ảnh: D.B Thế nhưng, trái với sản lượng tăng mạnh, giá ruốc lại giảm đáng kể. Ruốc tươi loại đẹp hiện chỉ dao động khoảng 20.000–25.000 đồng/kg; ruốc nhỏ, kém tươi bán làm mắm hoặc sấy khô chỉ còn 7.000–10.000 đồng/kg. So với những mùa trước, mức giá này thấp hơn khá nhiều. Mùa ruốc năm nay được đánh giá có sản lượng cao. Ảnh: D.B Ngư dân cho biết, sau khi trừ chi phí xăng dầu, công lao động và các khoản phát sinh, mỗi chuyến biển lãi không đáng kể. Trung bình mỗi ngày, thu nhập của một thuyền chỉ đạt từ vài trăm nghìn đến khoảng một triệu đồng nếu trúng đậm. Ông Hùng (45 tuổi, ngư dân phường Thọ Quang) cho hay, năm nay ruốc xuất hiện dày, sản lượng cao hơn hẳn so với cùng kỳ năm trước. Tuy nhiên, giá ruốc năm nay giảm đáng kể. “Trừ chi phí xăng dầu, công bạn thuyền thì mỗi chuyến lãi không bao nhiêu. Được mùa mà giá thấp nên cũng chưa vui trọn vẹn”, ông chia sẻ. Những con ruốc đỏ au vừa được đánh bắt lên bờ. Ảnh: D.B Theo các tiểu thương, nguyên nhân ruốc rớt giá là do nguồn cung tăng đột biến trong thời gian ngắn. Bên cạnh đó, một số cơ sở chế biến tạm ngưng hoạt động hoặc giảm công suất, khiến nhu cầu thu mua chững lại. Trong khi đó, ruốc khó bảo quản lâu, buộc phải bán nhanh nên người dân chấp nhận giá thấp. “Mỗi sáng hàng chục thuyền cập bờ cùng lúc, ruốc đưa lên rất nhiều. Cung vượt cầu nên giá buộc phải hạ”, một tiểu thương nói. Dù đối mặt với tình trạng “được mùa mất giá”, ngư dân vẫn kiên trì bám biển. Với họ, mỗi chuyến thuyền đầy ruốc cập bờ trong những ngày đầu xuân vẫn là niềm hy vọng. Thương lái mua tại bờ để phân phối vào các các chợ trên địa bàn. Ảnh: D.B Hình ảnh người dân tất bật kéo lưới, cân ruốc, trả giá… tạo nên bức tranh sinh động về nhịp sống lao động của cư dân miền biển Đà Nẵng ngày đầu năm mới. Nhiều ngư dân bày tỏ mong muốn thời gian tới thị trường tiêu thụ khởi sắc hơn để giá ruốc ổn định, giúp bà con có thêm thu nhập, trang trải chi phí sinh hoạt hằng ngày. Con ruốc (hay còn gọi là con tép biển, con moi, con khuyếc) là loại động vật giáp xác mười chân (giống con tôm), kích thước rất nhỏ sống ven biển, thường được dùng làm mắm ruốc, phơi khô hoặc xào Những ngày này, dọc bờ biển Hà Tĩnh xuất hiện dày đặc ốc tép dạt vào bờ, tạo nên khung cảnh trắng xóa hiếm gặp. Người dân cùng nhau cào gom “lộc biển”... Nguồn: [Link nguồn]Nguồn: [Link nguồn]"
5dd52d6623088dc0039964842376c036,"Bán xôi Thần Tài cạnh tiệm vàng, tiểu thương ở Hà Tĩnh thu hàng chục triệu đồng chỉ trong buổi sáng",2026-02-26T10:30:00+00:00,24h,https://www.24h.com.vn/thi-truong-tieu-dung/ban-xoi-than-tai-canh-tiem-vang-tieu-thuong-o-ha-tinh-thu-hang-chuc-trieu-dong-chi-trong-buoi-sang-c52a1740358.html,vi,trang-chu,thần tài|hà tĩnh|vía thần tài|xôi thần tài|xôi tam sên|vàng|giá vàng,,"Lưu bài viết thành công Bạn có thể xem lại bài viết đã lưu ở trangTin bài đã lưu Khoảng 7h sáng ngày 26/2 (mùng 10 tháng Giêng), tuyến đường Nguyễn Công Trứ (phường Thành Sen) nơi được mệnh danh là “phố vàng bạc” của tỉnh Hà Tĩnh đã tấp nập người dân đến mua vàng trong ngày vía Thần Tài với mong muốn cầu may, đón lộc đầu năm. Dọc vỉa hè đường Nguyễn Công Trứ, nhiều phụ nữ kê bàn, ghế nhựa, bày bán xôi “Thần Tài” phục vụ khách mua lễ trong ngày vía Thần Tài. Xôi ""Thần Tài"" hay còn gọi là ""xôi tam sên"" tại Hà Tĩnh bao gồm thịt lợn quay, trứng luộc, tôm, xôi. Mâm cỗ cúng Thần Tài năm nay có giá 50.000 đồng/lạng thịt, 30.000 đồng/đĩa xôi, 3 quả trứng luộc 20.000 đồng và tôm giá 20.000 đồng/con. Chị Lê Thị Phương (SN 1974, trú phường Hà Huy Tập) cho biết, ngày thường chị buôn bán hoa quả, riêng dịp vía Thần Tài chuyển sang nấu và bán xôi “Thần Tài” phục vụ khách. Công việc này chị đã duy trì suốt 3 năm qua. Chị Phương cho biết, từ 2h sáng đã tất bật đồ xôi “Thần Tài”, đến khoảng 5h thì bày bán. Năm nay, chị chuẩn bị 50kg xôi gấc, 240 con tôm, 400 quả trứng cùng 5 yến thịt quay để phục vụ khách làm lễ. Theo chị, nhờ thời tiết thuận lợi, sức mua trong ngày vía Thần Tài tăng cao; chỉ sau hơn hai giờ mở bán, lượng hàng tiêu thụ đã đạt mức đáng kể. Theo quan niệm dân gian, mâm cỗ ngày vía Thần Tài thường có “tam sên” là ba lễ vật tượng trưng cho ba môi trường sinh tồn khác nhau, gồm: loài sống trên mặt đất (Thổ), loài dưới nước (Thủy) và loài thuộc về bầu trời (Thiên), hàm ý cầu mong sự hài hòa, đủ đầy và may mắn trong năm mới. Chị Nguyễn Thị Phượng (phường Thành Sen) cho biết, các thực phẩm dùng làm mâm cỗ cúng ngày vía Thần Tài đều được lựa chọn kỹ lưỡng, đảm bảo tươi ngon và vệ sinh an toàn thực phẩm. Các gian hàng bán xôi và mâm cúng Thần Tài thu hút đông đảo người đi đường ghé mua. Vào giờ cao điểm, nhiều khách phải xếp hàng chờ đến lượt. Theo các tiểu thương, chỉ trong một buổi sáng đã tiêu thụ hết lượng xôi “Thần Tài” chuẩn bị sẵn; sau khi trừ chi phí, mỗi sạp có thể thu lãi hàng chục triệu đồng. Chị Hồ Thị Việt Hà (áo đỏ, trú phường Hà Huy Tập) cho biết, nhiều năm nay, cứ đến ngày vía Thần Tài, chị đều mua 1 chỉ vàng với mong muốn cầu may mắn, công việc hanh thông suốt cả năm. Ngoài xôi ""Thần Tài"" và vàng, nhiều người dân cũng lựa chọn mua thêm vé xổ số để cầu mong may mắn đầu năm. Do lưu lượng phương tiện tăng đột biến, lực lượng chức năng đã có mặt để điều tiết giao thông, đồng thời nhắc nhở người dân dừng, đỗ xe đúng quy định, đảm bảo trật tự và an toàn trên tuyến phố. Đông người dân đã đến phố Bùi Hữu Nghĩa, Phan Văn Trị (phường An Đông, TP.HCM) để chờ mua heo quay, vịt quay trong ngày vía Thần Tài (mùng 10 tháng... Nguồn: [Link nguồn]Nguồn: [Link nguồn]"
a4cf35107acaabfc9828f1e7ccb2d1f3,Giá xăng dầu đồng loạt tăng,2026-02-26T09:14:00+00:00,24h,https://www.24h.com.vn/thi-truong-tieu-dung/gia-xang-dau-dong-loat-tang-c52a1740342.html,vi,trang-chu,xăng dầu|giá xăng|thị trường thế giới|tăng giá|giá nhiên liệu|xăng RON95|dầu diesel,,"Lưu bài viết thành công Bạn có thể xem lại bài viết đã lưu ở trangTin bài đã lưu Liên Bộ Công Thương - Tài chính vừa quyết định tăng giá xăng dầu trong nước, phản ánh diễn biến tăng của giá thành phẩm xăng dầu thế giới những ngày qua. Theo đó, giá xăng E5RON92 ở mức 19.523 đồng/lít, tăng 889 đồng/lít so với kỳ trước; xăng RON95-III ở mức 20.151 đồng/lít, tăng 999 đồng/lít. Như vậy, xăng RON95 đã chính thức vượt mốc 20.100 đồng/lít, trong khi chênh lệch giá giữa E5RON92 và RON95-III duy trì ở mức 628 đồng/lít nhằm khuyến khích tiêu dùng nhiên liệu sinh học. Các mặt hàng dầu cũng tăng mạnh trong kỳ điều hành này. Dầu diesel 0,05S tăng 754 đồng/lít, lên mức 19.279 đồng/lít; dầu hỏa tăng 854 đồng/lít, lên 19.469 đồng/lít. Riêng dầu mazut giảm nhẹ 173 đồng/kg, về mức 15.689 đồng/kg. Tại kỳ điều hành này, liên bộ tiếp tục không trích lập và không chi sử dụng Quỹ Bình ổn giá đối với tất cả các mặt hàng xăng dầu. Giá xăng dầu tăng từ 15h chiều 26/2. Theo cơ quan điều hành, đợt tăng giá lần này chủ yếu xuất phát từ diễn biến tăng của giá xăng dầu thành phẩm trên thị trường thế giới trong kỳ tính giá từ 20-25/2, trong bối cảnh nhiều yếu tố địa chính trị và thị trường cùng lúc tác động. Bình quân giá xăng RON95 trên thị trường thế giới tăng hơn 6,4% so với kỳ trước, dầu diesel tăng hơn 4,4%, trong khi dầu hỏa tăng trên 5%. Cùng với đó, biến động tỷ giá cũng tạo thêm áp lực lên mặt bằng giá trong nước. Tính từ đầu năm đến nay, giá xăng dầu đã trải qua nhiều kỳ tăng liên tiếp, đẩy mặt bằng giá bán lẻ trong nước lên vùng cao hơn so với cuối năm 2025. Liên bộ cho biết, sẽ tiếp tục theo dõi sát diễn biến giá xăng dầu thế giới và tình hình cung cầu trong nước, đồng thời tăng cường kiểm tra, giám sát trách nhiệm bảo đảm nguồn cung của các doanh nghiệp đầu mối, xử lý nghiêm các hành vi vi phạm nhằm giữ ổn định thị trường xăng dầu. Giá xăng dầu hôm nay ngày 25/2, thị trường giao dịch dầu thô thế giới tiếp tục phiên suy giảm thứ 3 liên tiếp. Nguồn: [Link nguồn]Nguồn: [Link nguồn]"
f7d601e96ce64787147c74e449a906e0,"Loại rau mọc như cỏ dại chả cần chăm bón mà là thần dược cho sức khỏe, giá lại rẻ bèo",2026-02-26T08:30:00+00:00,24h,https://www.24h.com.vn/thi-truong-tieu-dung/loai-rau-moc-nhu-co-dai-cha-can-cham-bon-ma-la-than-duoc-cho-suc-khoe-gia-lai-re-beo-c52a1740320.html,vi,trang-chu,Rau má trị bệnh|rau má mọc hoang|công dụng rau má|rau má,,"Lưu bài viết thành công Bạn có thể xem lại bài viết đã lưu ở trangTin bài đã lưu Rau má có tên khoa học là Centella asiatica, là một loại cây thân thảo mọc bò, thường phát triển ở những khu vực ẩm ướt với đất mùn tơi xốp. Đây là loại cây phổ biến tại các vùng nhiệt đới nhờ khả năng sinh trưởng mạnh mẽ và dễ thích nghi. Rau má có màu xanh lục hoặc ánh đỏ, rễ màu trắng kem với rễ chùm mọc từ gốc và rễ đốt phát triển từ thân. Lá rau má có hình thận, gân lá hình chân vịt và cuống lá dài đặc trưng. Không chỉ là một loại rau ăn thông thường, rau má còn được đánh giá cao trong y học cổ truyền nhờ vào công dụng đa dạng. Loại cây này có khả năng kháng khuẩn, kháng virus và tiêu diệt ký sinh trùng hiệu quả, giúp hỗ trợ điều trị nhiễm trùng. Ngoài ra, rau má còn được biết đến với tác dụng giảm mệt mỏi, tăng cường trí nhớ và hỗ trợ điều trị các bệnh lý liên quan đến hệ thần kinh như trầm cảm, rối loạn tâm thần hoặc Alzheimer. Trong y học dân gian, rau má còn được sử dụng để thúc đẩy quá trình chữa lành vết thương, tăng cường lưu thông máu và làm mát cơ thể khi say nắng. Đặc biệt, rau má còn giúp hỗ trợ điều trị nhiều bệnh lý như viêm amidan, viêm màng phổi, viêm gan, vàng da, đau dạ dày, tiêu chảy, hen suyễn và tiểu đường. Với giá trị dinh dưỡng cao và công dụng phong phú, rau má không chỉ là một thực phẩm bổ dưỡng mà còn là một giải pháp tự nhiên giúp chăm sóc sức khỏe toàn diện. Rau má có màu xanh lục hoặc ánh đỏ, rễ màu trắng kem với rễ chùm mọc từ gốc và rễ đốt phát triển từ thân. Rau má không chỉ là một loại thực phẩm quen thuộc mà còn là dược liệu quý giúp hỗ trợ sức khỏe và làm đẹp. Ngoài tác dụng thanh nhiệt, giải độc và giảm phù nề, rau má còn có khả năng kiểm soát huyết áp và hỗ trợ điều trị nhiều bệnh lý. Các dưỡng chất trong rau má như flavonoid, vitamin C và chất chống oxy hóa góp phần giảm cảm giác nóng trong, nổi mụn hay táo bón – những vấn đề thường gặp sau Tết. Một trong những cách phổ biến nhất để dùng rau má thải độc là uống nước rau má tươi. Rau má sau khi rửa sạch, xay nhuyễn và lọc lấy nước có thể uống nguyên chất hoặc pha loãng với nước lọc. Để dễ uống hơn, có thể thêm một chút đường phèn hoặc mật ong nhưng không nên cho quá nhiều để tránh phản tác dụng. Uống nước rau má 2-3 lần mỗi tuần giúp cơ thể được làm mát và hỗ trợ quá trình trao đổi chất. Rau má cũng có thể được sử dụng trong các món ăn hàng ngày như rau má trộn, rau má ăn kèm thịt luộc hoặc nấu canh. Việc kết hợp rau má vào bữa ăn giúp tăng lượng chất xơ, hỗ trợ tiêu hóa và giảm cảm giác ngán khi ăn nhiều món giàu đạm trong dịp Tết. Cách này phù hợp với những người không quen uống nước rau má sống nhưng vẫn muốn tận dụng lợi ích của loại rau này. Tuy nhiên, việc dùng rau má để thải độc cũng cần có chừng mực. Không nên uống quá nhiều hoặc uống liên tục trong thời gian dài, vì có thể gây lạnh bụng hoặc ảnh hưởng đến hệ tiêu hóa ở một số người. Quan trọng hơn, rau má chỉ đóng vai trò hỗ trợ, không thể thay thế cho lối sống lành mạnh. Kết hợp sử dụng rau má hợp lý với chế độ ăn cân bằng, uống đủ nước và vận động nhẹ nhàng sẽ giúp cơ thể nhanh chóng phục hồi và khỏe mạnh hơn sau dịp Tết. Uống nước rau má 2-3 lần mỗi tuần giúp cơ thể được làm mát và hỗ trợ quá trình trao đổi chất. Rau má không chỉ là thực phẩm giàu dinh dưỡng mà còn mang lại nhiều lợi ích cho sức khỏe. Loại rau này thường được sử dụng trong các món ăn hàng ngày như rau sống, rau luộc, rau xào, canh rau hoặc chế biến thành nước ép giải nhiệt. Trong y học cổ truyền, rau má được biết đến với khả năng hỗ trợ điều trị nhiều bệnh lý nhờ đặc tính kháng khuẩn, kháng virus và chống ký sinh trùng. Loại thảo dược này thường được dùng để hỗ trợ chữa: Nhiễm trùng đường tiết niệu (UTI). Các bệnh do vi khuẩn và virus như bệnh zona, phong, tả và lỵ. Các bệnh lây truyền qua đường tình dục như giang mai. Bệnh cúm thông thường, H1N1 (cúm lợn) và lao. Bệnh do ký sinh trùng như bệnh sán máng. Bên cạnh đó, rau má còn giúp cải thiện các vấn đề liên quan đến sức khỏe tâm thần, bao gồm giảm mệt mỏi, lo lắng, trầm cảm và hỗ trợ điều trị rối loạn tâm thần. Đặc biệt, loại rau này còn được ứng dụng để tăng cường trí nhớ và làm chậm tiến triển của bệnh Alzheimer. Rau má có khả năng thúc đẩy quá trình chữa lành các vết thương, chấn thương và cải thiện lưu thông máu. Loại cây này được dùng để hỗ trợ điều trị giãn tĩnh mạch, giảm thiểu nguy cơ hình thành cục máu đông ở chân và tăng cường sức khỏe mạch máu. Trong dân gian, rau má được sử dụng để hỗ trợ chữa say nắng, viêm amidan, viêm màng phổi và các bệnh lý về gan như viêm gan và vàng da. Ngoài ra, rau má còn có tác dụng hỗ trợ điều trị lupus ban đỏ hệ thống, đau dạ dày, tiêu chảy, khó tiêu và viêm loét dạ dày. Một số trường hợp khác, rau má còn được áp dụng để giảm triệu chứng của động kinh, hen suyễn và tiểu đường. Rau má là loại thảo dược tự nhiên mang lại nhiều lợi ích cho sức khỏe nếu sử dụng đúng cách. Tuy nhiên, việc ăn hoặc uống rau má cũng cần được thực hiện hợp lý để tránh những tác dụng không mong muốn. Mỗi ngày, bạn nên giới hạn lượng rau má tiêu thụ khoảng 40g, tương đương với một cốc nước rau má. Đối với những người gặp vấn đề về tuần hoàn máu, đặc biệt là suy giãn tĩnh mạch ở chân, có thể sử dụng chiết xuất rau má với liều từ 60 – 180mg mỗi ngày để hỗ trợ cải thiện tình trạng bệnh. Tuy nhiên, việc sử dụng liên tục rau má trong thời gian dài không được khuyến khích. Tốt nhất, bạn không nên sử dụng rau má quá 6 tuần liên tiếp nếu không có sự hướng dẫn cụ thể từ bác sĩ. Đặc biệt, những người có tiền sử mắc các bệnh về gan, tổn thương da hoặc ung thư nên tránh sử dụng rau má bởi các hợp chất trong loại thảo dược này có thể làm gia tăng nguy cơ ảnh hưởng xấu đến sức khỏe. Liều lượng rau má có thể khác nhau tùy thuộc vào độ tuổi, tình trạng sức khỏe và mục đích sử dụng của mỗi người. Vì vậy, trước khi thêm rau má vào chế độ ăn uống hàng ngày hoặc sử dụng với mục đích hỗ trợ điều trị, bạn nên tham khảo ý kiến từ bác sĩ hoặc chuyên gia y tế để đảm bảo liều dùng phù hợp và an toàn. Việc sử dụng rau má đúng cách sẽ giúp phát huy tối đa lợi ích sức khỏe của loại thảo dược này, đồng thời ngăn ngừa các rủi ro tiềm ẩn khi lạm dụng. Với những nguyên liệu đơn giản, món gỏi rau má thịt bò toát lên được sức hấp dẫn. Chỉ cần xào sơ thịt bò, rồi trộn cùng rau má và nước sốt, thế là thưởng thức được. Giờ đây, những ngày ăn chay sẽ trở nên thú vị hơn bởi đã có món gỏi rau má chay giúp bạn có thêm những niềm vui nho nhỏ trên mâm cơm. Chỉ cần nấm ớt và dầu trộn là xong. Món gỏi rau má tôm thịt. Sau khi trộn tôm thịt rau má, rắc thêm ít mè rang là món ăn đã trở nên quá ngon. Tất cả các nguyên liệu đều thấm đậm vị chua chua ngọt ngọt, đặc biệt rau má giòn giòn, cùng tôm và thịt ba chỉ tươi ngon. Tô canh rau má nóng hổi quá là kích thích, nước dùng nhờ được ninh từ xương heo nên ngọt thanh vô cùng, đã thế từng viên thịt băm săn chắc, quyện với rau má giòn giòn. Ăn cùng cơm trắng nữa là hết chỗ chê. Nói đến sự thanh mát của rau má, thì để cảm nhận rõ ràng nhất đó chính là qua món canh rau má tôm khô này. Chỉ vài bước đơn giản, món rau má xào tỏi đã thưởng thức được rồi. Điểm đặc biệt của món ăn đó chính là thịt dê sau khi được ướp đậm đà gia vị, thì xào lên rồi bày biện ra cùng rau má. Như vậy sẽ rau má sẽ giữ được toàn bộ sự thanh mát, thơm ngon mà không hề mất đi. Bên cạnh hương thơm thoang thoảng của món ăn lan tỏa thật khó cưỡng, thì thịt dê săn chắc tươi ngon, kết hợp cùng rau má giòn giòn, rắc ít mè rang nữa để càng trọn vị hơn. Canh rau má tôm tươi. Nước dùng được hầm từ gà, đã thế còn nấu cùng tôm tươi săn chắc cho nên về độ ngon ngọt phải nói là ""vô địch"", ngoài ra rau má còn giòn giòn thanh mát. Canh rau má nấu nấm. Tuy rằng chỉ có nấm rơm và rau má nhưng phần nước dùng cũng khiến mọi người thật vấn vương. Nấm rơm thì mềm mềm tươi ngon, quyện với rau má xanh mướt, thanh mát. Rau má xào thịt ngan. Món xào này lại chỉ mất có vài bước đơn giản chế biến mà thôi! Sau khi hoàn thành, hương thơm thoang thoảng của món ăn lan tỏa khắp nơi, thịt ngan mềm mềm đậm vị, kết hợp cùng rau má tươi xanh giòn giòn. Bất kể khi nào cơ thể cảm thấy nóng bức, món rau má đậu xanh sẽ lập tức đánh tan ngay những điều bực bội ấy đi. Chỉ từ rau má, đậu xanh và sữa đặc mà ly rau má thanh mát đã khiến bao người say đắm. Từ những lá và cọng rau má đem phơi khô, rồi nấu lên cùng nước, thưởng thức ngay khi còn nóng thì bạn sẽ cảm nhận ngay hương vị tươi mát mà nó đem lại. Món trà rau má này cực xuất sắc trong việc giúp đỡ chúng ta thanh nhiệt cơ thể. Từng là cây rau mọc hoang trong rừng hay ven suối, trước khi chẳng được ưa chuộng, chỉ dành cho gia súc. Thế nhưng, ngày nay nó lại trở thành đặc sản,... Nguồn: [Link nguồn]Nguồn: [Link nguồn]"
4dc05d32d09f628f521d13901ace154a,"Đội mưa, xếp hàng dài mua heo quay, vịt quay ngày vía Thần Tài",2026-02-26T07:30:00+00:00,24h,https://www.24h.com.vn/thi-truong-tieu-dung/doi-mua-xep-hang-dai-mua-heo-quay-vit-quay-ngay-via-than-tai-c52a1740310.html,vi,trang-chu,TP.HCM|ngày vía Thần Tài|vía Thần Tài|heo quay,,"Lưu bài viết thành công Bạn có thể xem lại bài viết đã lưu ở trangTin bài đã lưu Người dân TP.HCM xếp hàng dài mua heo quay, vịt quay ngày Thần Tài. Sáng nay 26/2 (ngày mùng 10 tháng Giêng), người dân đến phố Bùi Hữu Nghĩa, Phan Văn Trị để xếp hàng từ sớm. Ai cũng kiên nhẫn chờ đến lượt. Bên trong quầy vịt quay, các nhân viên liên tay chặt vịt để phục vụ khách. Giá vịt quay trong ngày vía Thần Tài vẫn bằng giá ngày thường, 350.000 đồng/con, giá heo quay là 400.000 đồng/kg. Sáng nay, TP.HCM xuất hiện mưa trái mùa, khiến việc mua bán có phần bị ảnh hưởng. Chị Minh Hạnh (ngụ phường Bảy Hiền) cho hay: ""Năm nào tôi cũng ghé mua heo quay để về cúng vía Thần Tài. Nó như nét văn hóa tâm linh, mong một năm thuận buồm xuôi gió, làm ăn gặp may mắn. Cho nên mưa gió tôi cũng chạy xe qua tiệm để mua"". Dòng người xếp hàng dưới mưa chờ tới lượt mua hàng phía ngoài tiệm. Bên trong, các nhân viên liên tục lên đơn giao cho khách. Vịt được làm sạch, sơ chế, sẵn sàng vào lò quay. Chị Thúy Hạnh, ngụ đường An Dương Vương (phường An Đông), mua 790.000 đồng vịt quay và heo quay. Ngoài mua lẻ theo ký, khu vực heo quay nguyên con cũng rất tập nập khách. (Ảnh: Đại Việt) Cả trăm ký dưa leo rửa sạch, sẵn sàng cho khách mua heo quay, vịt quay. Hầu hết các tiệm heo quay, vịt quay trên đường Bùi Hữu Nghĩa, Phan Văn Trị đều rất đông khách trong ngày vía Thần Tài. Đến khoảng 11h, lượng khách đã bắt đầu thưa dần. (Ảnh: Đại Việt) TP HCM - Việc cúng cá lóc nướng trong ngày vía Thần Tài bắt nguồn từ sự giao thoa tín ngưỡng trong quá trình hình thành vùng đất phương Nam. Nguồn: [Link nguồn]Nguồn: [Link nguồn]"
09846ffc9a9b76d2db2386066c3fb6f9,Càng gần Rằm tháng Giêng càng đỏ: 4 con giáp hút tài lộc mạnh nhất đầu xuân,2026-02-26T17:01:00+00:00,24h,https://www.24h.com.vn/ban-tre-cuoc-song/cang-gan-ram-thang-gieng-cang-do-4-con-giap-hut-tai-loc-manh-nhat-dau-xuan-c64a1740271.html,vi,trang-chu,con giáp|12 con giáp|tử vi 12 con giáp,,"Lưu bài viết thành công Bạn có thể xem lại bài viết đã lưu ở trangTin bài đã lưu Giai đoạn này, con giáp Tuất dễ nhận lộc liên quan đến bất động sản, khoản thưởng đến muộn hoặc lợi nhuận từ các khoản đầu tư trước đó. Ảnh minh họa Tử vi cho thấy, từ nay đến Rằm tháng Giêng, tuổi Tuất là một trong những con giáp có vận khí mạnh nhất nhờ cục diện Tam Hợp Dần – Ngọ – Tuất. Hỏa khí của năm tương sinh với bản mệnh Thổ giúp dòng tiền trở nên ổn định, tài lộc tích tụ bền vững. Giai đoạn này, con giáp Tuất dễ nhận lộc liên quan đến bất động sản, khoản thưởng đến muộn hoặc lợi nhuận từ các khoản đầu tư trước đó. Đặc biệt, quý nhân nam giới có thể mang đến cơ hội hợp tác mang tính chiến lược, tạo nền tảng tài chính thuận lợi cho quý I năm 2026. Để tận dụng vận may, bản mệnh nên khai bút hoặc mở hàng vào ngày mùng 10 âm lịch. Việc đặt vật phẩm gốm sứ màu vàng tại hướng Chính Nam cũng được xem là cách tăng cường tài khí hiệu quả. Để giữ tiền tốt hơn, con giáp Ngọ nên sử dụng ví màu vàng hoặc nâu nhằm cân bằng hỏa khí, giúp tài lộc tụ lại thay vì hao tán. Ảnh minh họa Dù bước vào năm tuổi, nhưng tháng Giêng lại tạo thế tương sinh cho con giáp Ngọ, giống như ""củi thêm vào lửa"", giúp uy tín cá nhân và danh tiếng được nâng cao rõ rệt. Chính sự ghi nhận từ tập thể và các mối quan hệ xã hội trở thành nguồn mang lại tiền bạc bền lâu. Thu nhập của con giáp Ngọ trong thời gian này chủ yếu đến từ sự sáng tạo, khả năng lãnh đạo và sức hút cá nhân. Ngoài ra, bản mệnh còn có duyên với những khoản lộc bất ngờ như quà biếu hoặc trúng thưởng trong dịp tân niên. Để giữ tiền tốt hơn, con giáp Ngọ nên sử dụng ví màu vàng hoặc nâu nhằm cân bằng hỏa khí, giúp tài lộc tụ lại thay vì hao tán. Mang theo linh vật hình chó (Tuất) cũng giúp hoàn thiện thế Tam Hợp, gia tăng cát khí hộ thân. Con giáp Hợi nên xuất hành hướng Chính Tây để đón Tài Thần. Ảnh minh họa Nhờ mối quan hệ Nhị Hợp Dần – Hợi cùng sự xuất hiện của Thiên Ất Quý Nhân, tuổi Hợi được dự báo là con giáp có tài vận nhẹ nhàng nhưng hiệu quả trong nửa đầu tháng Giêng. Nguồn tiền chủ yếu đến từ các mối quan hệ xã giao. Những người có vị thế hoặc kinh nghiệm sẽ mang đến thông tin kinh doanh giá trị hoặc hỗ trợ tài chính đúng thời điểm, giúp việc kiếm tiền trở nên thuận lợi hơn mong đợi. Con giáp Hợi nên xuất hành hướng Chính Tây để đón Tài Thần. Ngoài ra, việc phóng sinh cá chép vào ngày Rằm tháng Giêng được xem là cách kích hoạt dòng chảy tài lộc, giúp vận may kéo dài suốt cả năm. Để tăng thêm may mắn, con giáp Mùi có thể trang trí phòng khách bằng hoa tươi sắc đỏ hoặc vàng nhằm thu hút sinh khí. Ảnh minh họa Theo các chuyên gia phong thủy, tuổi Mùi là con giáp hưởng lợi rõ rệt từ mối quan hệ Lục Hợp với năm Ngọ, lại được cát tinh Nguyệt Đức che chở nên vận trình diễn ra suôn sẻ. Tài vận của con giáp Mùi nổi bật ở nguồn thu nhập phụ, tiền hoa hồng hoặc doanh thu từ lĩnh vực dịch vụ, làm đẹp và kinh doanh cá nhân. Uy tín cùng sự khéo léo trong giao tiếp khiến khách hàng chủ động tìm đến, giúp thu nhập tăng trưởng ổn định. Để tăng thêm may mắn, con giáp Mùi có thể trang trí phòng khách bằng hoa tươi sắc đỏ hoặc vàng nhằm thu hút sinh khí. Việc đi lễ chùa cầu an và thắp hương tại ban Thần Tài vào giờ Hoàng đạo ngày Rằm cũng được xem là cách ""giữ"" vận may lâu dài. Dù thuộc con giáp nào, khoảng thời gian trước Rằm tháng Giêng vẫn được xem là thời điểm khởi động năng lượng cho cả năm. Giữ tinh thần tích cực, hạn chế tranh cãi về tiền bạc và duy trì thái độ vui vẻ sẽ giúp mỗi người tránh làm phân tán vận khí tốt lành của mùa xuân. * Thông tin trong bài chỉ mang tính tham khảo. Theo tử vi học phương Đông, thời khắc giao thừa là lúc vận khí chuyển mình mạnh mẽ nhất, 3 con giáp dưới đây được dự báo lộc lá dồi dào. Nguồn: [Link nguồn]Nguồn: [Link nguồn]"
4d090db7b8832e304df5f34bd0c5e9c8,"Tranh cãi gay gắt quanh bức ảnh cô gái mặc áo tràng, quần ngắn thắp hương",2026-02-26T11:00:00+00:00,24h,https://www.24h.com.vn/ban-tre-cuoc-song/tranh-cai-gay-gat-quanh-buc-anh-co-gai-mac-ao-trang-quan-ngan-thap-huong-c64a1740290.html,vi,trang-chu,ban thờ ngày tết|Phép lịch sự|thắp hương,,"Lưu bài viết thành công Bạn có thể xem lại bài viết đã lưu ở trangTin bài đã lưu Cuộc tranh cãi xoay quanh vài bức ảnh được đăng công khai trên nạng xã hội cho thấy một cô gái trẻ thắp hương trước bàn thờ gia tiên trong chiếc áo tràng (trang phục thường dùng khi đi chùa, lễ Phật) và quần đùi rất ngắn màu trắng. Sự kết hợp này châm ngòi cho cuộc thảo luận gay gắt với rất nhiều bình luận trái chiều. Cư dân mạng cho rằng, dù là phương Đông hay phương Tây, các nghi lễ tâm linh đều đòi hỏi sự nghiêm túc, tôn kính thể hiện qua trang phục. Đặc biệt đối với người Việt Nam, thắp hương trước bàn thờ tổ tiên là nghi thức thiêng liêng kết nối với tổ tiên, cội nguồn. Trong không gian và hoạt động ấy, từ thái độ, cử chỉ đến quần áo đều phải chuẩn. Vì thế, cách mặc áo tràng với quần đùi khi thắp hương cho tổ tiền của cô gái bị đánh giá là phản cảm, bất kính. Vài lời bênh vực rằng ""chỉ cần có tâm là được"", ""thoải mái là được"", “có áo tràng bên ngoài thì được rồi, lòng thành vẫn được chứng""... nhanh chóng gặp ý kiến phản biện. Cô gái gây tranh cãi khi diện quần ngắn, áo lam thắp hương gia tiên. Một người gay gắt bình luận: “Không có ai mặc áo lam mà mang quần ngắn bên trong, có tâm nhưng cách thể hiện nửa vời thì tội thêm"". Người khác đặt câu hỏi: “Đừng nói là chỉ cần có tâm. Thay cái quần dài có đến 2 phút không? Nếu có tâm thay cái quần chẳng ai trách. Tâm nào?”. Có ý kiến ""soi"" rất kỹ: “Tóc tai đàng hoàng cột cái nơ đẹp đẽ thế kia là có chuẩn bị rồi, vậy mà không có thời gian thay quần dài?"". “Đừng viện cớ hiện đại hay thoải mái. Truyền thống là truyền thống. Đã bước tới bàn thờ thì phải tự biết chỉnh tề, không ai bắt mà vẫn phải ý thức được. Đây không phải chuyện thời trang để thích phối gì thì phối”; “Nếu ai cũng nghĩ mặc như vậy là được thì chuẩn mực sẽ trôi tuột lúc nào không hay. Thờ cúng mà còn xuề xòa thì nói gì đến hai chữ tôn kính?""; ""Tâm thành kính cũng thể hiện qua trang phục""... Ở chiều ngược lại, một số người cho rằng không nên chỉ trích cô gái vì tuy cách ăn mặc đó chưa phù hợp nhưng cô không xuất hiện nơi công cộng mà đang ở trong không gian riêng của gia đình: “Nhà người ta thờ cúng chớ có phải là chùa chiền đâu mà bắt bẻ. Này là áo tràng, dùng để khoác vô cúng ở nhà""; ""Bối cảnh trong hình là không gian thờ cúng tại gia, không phải chùa chiền nên đừng quá khắt khe. Nhiều gia đình vốn quen mặc đồ thoải mái, khi thắp hương chỉ cần khoác thêm áo tràng là đủ lịch sự"". Tuy nhiên, ý kiến này bị nhiều người phản bác vì hình ảnh được đăng tải công khai trên mạng xã hội: ""Đã ăn mặc thiếu nghiêm túc còn chụp hình đăng công khai thì khác nào xem nhẹ không gian tâm linh. Không ai cấm tự do cá nhân, nhưng tự do không đồng nghĩa với thiếu ý thức""; ""Đăng ảnh công khai với mặc như vậy xuất hiện nơi công cộng cũng không khác mấy, đó cũng là cách thể hiện quan điểm và có thể truyền sự thiếu chuẩn mực cho những bạn trẻ khác""... Trước sự việc này, chủ đề ăn mặc phản cảm khi đi đền chùa hay thực hiện nghi lễ thờ cúng từng gây nhiều cuộc thảo luận sôi nổi trên mạng xã hội. Chẳng hạn, đoạn video ghi lại cảnh một phụ nữ mặc áo sát nách, quần đùi ngắn thắp hương thần Tài cũng gây nhiều bức xúc. Người phụ nữ này thường xuyên đăng tải hình ảnh diện đồ bị cho là không phù hợp khi đứng trước bàn thờ thần Tài. Người phụ nữ mặc áo sát nách, quần đùi ngắn thắp hương thần Tài. Theo quan niệm được đại đa số đồng tình, trang phục ngắn, hở, thiết kế quá phá cách như váy ngắn, quần đùi, áo hở vai hay hở lưng không phù hợp để thắp hương, đặc biệt là tại chùa, việc mặc chúng bị xem là bất kính, thiếu trang nghiêm. Ngay cả trong không gian thờ cúng tại nhà, nhiều người vẫn cho rằng nên lựa chọn trang phục dài, kín đáo để thể hiện sự tôn trọng đối với tổ tiên và thần Phật. Các lưu ý về trang phục khi thắp hương thường được nhắc đến gồm: Hạn chế mặc đồ ngắn, quần áo bó sát hoặc lộ liễu; tránh đồ mỏng, xuyên thấu gây phản cảm; ưu tiên quần dài, áo có tay, kiểu dáng kín đáo. Ngoài ra, cũng nên tránh màu sắc quá sặc sỡ khi vào chùa, thay vào đó là các gam màu nhã nhặn, trung tính. Thay vì những bộ ảnh truyền thống, mẹ bầu Minh Thư đã chọn concept bán nude với trang phục mỏng manh, khoe trọn vóc dáng ở những tháng cuối thai kỳ. Nguồn: [Link nguồn]Nguồn: [Link nguồn]"
1433464f686863f28a9ca8385ee4c3bd,Phản ứng của cô gái khi gặp lại tình đầu giữa dòng tắc đường,2026-02-26T08:00:00+00:00,24h,https://www.24h.com.vn/ban-tre-cuoc-song/phan-ung-cua-co-gai-khi-gap-lai-tinh-dau-giua-dong-tac-duong-c64a1740216.html,vi,trang-chu,Trung Quốc|cô gái|gặp lại|người yêu cũ|bạn trai|video viral,,Lưu bài viết thành công Bạn có thể xem lại bài viết đã lưu ở trangTin bài đã lưu Malaysia - Thái độ bình tĩnh của chú rể khi cô dâu không xuất hiện trong lễ cưới khiến khách mời cảm động. Nguồn: [Link nguồn]Nguồn: [Link nguồn]
7d730c068ab65a924790c133b5370b4f,Cuộc sống của người mẹ sinh 8 con ở tuổi 32,2026-02-26T06:10:00+00:00,24h,https://www.24h.com.vn/ban-tre-cuoc-song/cuoc-song-cua-nguoi-me-sinh-8-con-o-tuoi-32-c64a1739837.html,vi,trang-chu,mẹ|nuôi dạy con|đông con|sinh ba|Quảng Trị|Tin nóng,,"Lưu bài viết thành công Bạn có thể xem lại bài viết đã lưu ở trangTin bài đã lưu Đó là cảnh tượng quen thuộc mỗi đêm tại phòng khách ngôi nhà hai tầng ở xã Thạch Hóa, Quảng Trị (Quảng Bình cũ) của chị Mai Thị Thảo, 32 tuổi, và anh Trần Văn Sinh, 37 tuổi. Giữa nhà là ba chiếc võng mắc thành hình tam giác để người mẹ tiện xoay xở với ca sinh ba. ""Ăn đứng ngủ ngồi là đặc sản nhà tôi"", chị Thảo nói. Ở tuổi 32, tài sản lớn nhất của vợ chồng chị là 8 đứa con (7 trai, 1 gái). Bé lớn nhất sinh năm 2013, ba bé út vừa tròn 6 tháng tuổi. Chị Mai Thảo và 8 con. Ảnh: Nhân vật cung cấp Năm 2021, vợ chồng chị Thảo rời TP HCM về quê tránh dịch. Họ dồn vốn liếng mua chiếc xe container để anh Sinh chuyển nghề tài xế đường dài, chị Thảo ở nhà nội trợ. Quan niệm ""con cái là lộc trời cho"", họ thuận tự nhiên đón nhận từng thành viên. Lần mang thai thứ 6, đi siêu âm, các bác sĩ đều chẩn đoán thai đôi. Mọi thứ từ quần áo, tã bỉm đều được sắm sửa theo cặp. Đến tuần 33, chị Thảo chuyển dạ cấp cứu do tử cung mở nhanh. Hai bé trai đầu tiên chào đời, mỗi bé nặng 2,1 kg. Người mẹ vừa thở phào thì bác sĩ thốt lên: ""Vẫn còn một bé nữa!"". Bé trai thứ ba nặng 2 kg cất tiếng khóc trong sự ngỡ ngàng của cả kíp mổ. Hóa ra, hai bé Minh Đạt, Minh Khiêm là cặp cùng trứng, còn Minh Khôi khác trứng. Do cặp cùng trứng che lấp nhau nên siêu âm không phát hiện ra bé thứ ba. Lúc vợ vượt cạn, anh Sinh đang bốc hàng ở Tiền Giang, cách nhà hơn 1.000 km. Nhận cú điện thoại báo tin, người tài xế chết lặng. ""Tay chân tôi bủn rủn. Lo vợ yếu, lo con sinh non, rồi lại lo tiền đâu nuôi cả đàn con"", anh nhớ lại. Anh thức trắng ba đêm, thuê người chạy thay chuyến hàng rồi lao thẳng về Bệnh viện Hữu nghị Việt Nam - Cuba Đồng Hới, nơi ba con đang nằm lồng ấp. Gặp nhau ở cổng viện, nhìn vợ gầy rộc, bước đi liêu xiêu, anh Sinh ôm chặt vợ động viên: ""Con cái là hồng ân. Vất vả mấy vợ chồng mình cũng rau cháo nuôi con khôn lớn"". 8 con của vợ chồng anh Sinh - chị Thảo, nhỏ nhất 6 tháng, lớn nhất 13 tuổi. Ảnh: Gia đình cung cấp Vài ngày sau, anh Sinh tiếp tục những chuyến xe xuyên Việt, để lại ngôi nhà cho vợ xoay xở với đàn con. Nuôi một đứa trẻ sơ sinh đã khó, chăm cùng lúc ba đứa vừa chào đời và 5 đứa còn đang ""lít nhít"" thực sự là một cuộc chiến. Ám ảnh nhất với chị Thảo không phải là thiếu ngủ, mà là khi các con đổ bệnh. Đầu đông, bé lớn đi học về ho, hôm sau 7 bé còn lại đồng loạt ốm. ""Có đêm bế con ròng rã, nghe tiếng ho của cả đàn, tôi bất lực trào nước mắt. Khóc vì mệt, vì tủi thân nhưng rồi vội lau đi. Mình sụp thì ai lo cho con"", người mẹ 32 tuổi bộc bạch. Nhà đông con, lũ trẻ buộc phải thích nghi theo quy tắc ""đứa lớn chăm đứa bé"". Khách đến nhà thường ngạc nhiên khi thấy một cậu nhóc 5 tuổi lóng ngóng pha sữa cho em. Cậu bé cầm bình sữa bón cho em thành thạo như người lớn. Thi thoảng, cu cậu lén dốc đôi thìa sữa bột của em vào miệng mình nhai ngấu nghiến, mắt lém lỉnh nhìn quanh sợ mẹ phát hiện. Hai anh lớn 11 và 13 tuổi đã biết làm thịt gà, phụ mẹ bán hàng. Ngay cả cô bé Thảo My hơn 2 tuổi, đi chưa vững, thấy em cựa mình cũng lon ton chạy lại đưa võng hoặc kéo gối che mắt cho em. ""Tình cảm anh em tự lớn lên như cây cỏ, tôi không cần phải dạy bảo nhiều"", chị Thảo chia sẻ. Khi cơn ốm qua đi, ngôi nhà ồn ào trở lại. Bữa xế chiều, 5 anh em túm tụm quanh rổ 20 quả trứng gà luộc, thi nhau bóc vỏ chấm muối ăn ngon lành. Có hôm ""sang"" hơn, mẹ nướng thịt ba chỉ, cả nhà quây quần bên bếp than, mặt mũi đứa nào cũng nhem nhuốc nhưng tiếng cười giòn tan. Chi phí sinh hoạt mỗi tháng của gia đình lên tới 30 triệu đồng, riêng tiền bỉm sữa cho bộ ba chiếm gần một phần ba. Gánh nặng dồn lên vai anh Sinh. Đêm 23 tháng Chạp, khi mọi người cúng ông Táo, người cha 37 tuổi vẫn co ro trong cabin ở cửa khẩu Móng Cái chờ bốc hàng. Đã 5 tháng qua, chiếc điện thoại là cầu nối duy nhất giữa anh và ""đội quân"" tí hon ở nhà. Tết cận kề nhưng lương chưa về, anh thú nhận vẫn chưa mua được manh áo mới cho vợ con. Xong chuyến này, anh còn quay vào miền Tây bốc thêm chuyến nữa mới được nghỉ. Tại nhà, tranh thủ lúc con ngủ, chị Thảo bán thêm hàng online và nuôi đàn gà để đắp đổi chi phí. Cặp vợ chồng thừa nhận nhiều lúc kiệt sức, chỉ mong con lớn nhanh để được ngủ một giấc trọn vẹn. Nhưng nhìn lại ảnh cũ, thấy cậu cả nay đã cao gần bằng bố, họ lại chạnh lòng. ""Sợ một ngày nhà yên tĩnh quá, các con lớn rồi bay đi mất, lúc đó muốn vất vả chăm bẵm cũng chẳng được nữa"", chị Thảo mỉm cười, tay vẫn nhịp nhàng đưa ba chiếc võng. Video: Người mẹ 32 tuổi và 8 con Vợ chồng anh Thịnh, chị Sâm sinh được 15 người con. Con lớn nhất 31 tuổi, con nhỏ nhất 7 tuổi. Nguồn: [Link nguồn]Nguồn: [Link nguồn]"
1b8a99f49f1dcb79191ccdbfda0ce912,"Đám cưới có cô dâu 9 tuổi làm chấn động nước Mỹ, khiến luật pháp thay đổi",2026-02-26T05:00:00+00:00,24h,https://www.24h.com.vn/ban-tre-cuoc-song/dam-cuoi-co-co-dau-9-tuoi-lam-chan-dong-nuoc-my-khien-luat-phap-thay-doi-c64a1740221.html,vi,trang-chu,Mỹ|hôn nhân|cặp đôi|cặp đôi đũa lệch,,"Lưu bài viết thành công Bạn có thể xem lại bài viết đã lưu ở trangTin bài đã lưu Đám cưới diễn ra ngày 19/1/1937 tại vùng nông thôn bang Tennessee (Mỹ) nhanh chóng trở thành tâm điểm chấn động dư luận cả nước. Chú rể là Charlie Johns, 22 tuổi, cao gần 1m80, làm nghề nông. Cô dâu là Eunice Winstead, mới 9 tuổi, là cô bé nhút nhát vẫn đang cắp sách đến trường. Điều gây tranh cãi không chỉ nằm ở khoảng cách tuổi tác quá lớn, mà còn ở chỗ cuộc hôn nhân này hoàn toàn không vi phạm luật pháp tại thời điểm đó. Khi chú rể 22 tuổi, còn cô dâu chỉ mới 9 tuổi. (Ảnh: Facebook) Hôn lễ được cử hành bởi mục sư Baptist Walter Lamb. Johns trả cho ông 1USDđể thực hiện nghi lễ. Đáng chú ý, vào năm 1937, luật của bang Tennessee chưa quy định độ tuổi kết hôn tối thiểu. Chính lỗ hổng pháp lý này cho phép cuộc hôn nhân của họ được tiến hành hợp lệ, dù vấp phải làn sóng chỉ trích mạnh mẽ từ dư luận. Theo các tài liệu thời đó, để có được giấy phép kết hôn, Johns khai gian tuổi của cô dâu. Trong khi đó, bé Eunice nói dối cha mẹ rằng mình ra ngoài để mua một con búp bê. Sau khi sự thật bị phanh phui, cộng đồng địa phương mới biết cô dâu chỉ mới 9 tuổi. Hoàn cảnh gia đình Eunice cho thấy kết hôn sớm dường như không phải điều xa lạ. Mẹ cô bé, bà Martha Winstead, kết hôn khi mới 16 tuổi, còn em gái của Eunice cũng lập gia đình từ năm 13 tuổi. Ban đầu, gia đình Eunice không hề hay biết. Nhưng sau đó, bà Martha Winstead chấp thuận cuộc hôn nhân do Johns là chủ đất, được xem là “người nông dân giỏi”, sở hữu 50 mẫu đất trên núi cùng gia súc. Bà cho rằng anh là người có khả năng chăm lo gia đình. Người mẹ từng chia sẻ: “Kinh Thánh dạy không được can thiệp vào cuộc sống hòa thuận của những người đang sống với nhau, và tôi không tin vào việc đi ngược lại Kinh Thánh. Nếu họ yêu thương nhau, thì kết hôn là điều nên làm"". Không chỉ viện vào niềm tin tôn giáo, bà còn ca ngợi phẩm chất của con rể: “Charlie là một chàng trai tốt. Cậu ấy chăm chỉ làm việc. Vài ngày trước, cậu ấy đã mua 40 mẫu đất để gia đình có nhà ở. Tất nhiên, tôi không dạy các con mình kết hôn vì của cải mà vì tình yêu"". Trong khi đó, cha của Eunice chỉ nói ngắn gọn: “Đối với tôi, cuộc hôn nhân này vẫn ổn, giờ thì không thể làm gì được nữa"". Cuộc hôn nhân này hoàn toàn không vi phạm luật pháp tại thời điểm đó. Khi phóng viên tìm đến gia đình Winstead, hình ảnh họ ghi nhận hoàn toàn trái ngược với khái niệm về một “người vợ”. Eunice vẫn trầm lặng chơi đùa với em gái hai tuổi tại ngôi nhà trên núi. Mẹ cô bé cố gắng mô tả con gái là đứa trẻ trưởng thành hơn tuổi: “Charlie đã mua cho con bé một con búp bê to và đẹp dịp Giáng sinh, nhưng nó chỉ chơi vài lần. Eunice thích may vá và rất giỏi nấu nướng"". Câu chuyện nhanh chóng vượt khỏi phạm vi địa phương, thu hút sự chú ý toàn quốc. Các tạp chí lớn như Life và Time đều đăng tải thông tin, khiến làn sóng phẫn nộ dâng cao. Nhiều tổ chức phụ nữ, đặc biệt tại bang Minnesota và nhiều nơi khác, lên tiếng yêu cầu thay đổi luật pháp. Vụ cô dâu 9 tuổi trở thành biểu tượng cho thực trạng tảo hôn vẫn tồn tại rải rác tại Mỹ thời bấy giờ. Phản ứng dữ dội của công chúng tạo ra hệ quả tức thì. Cuối năm 1937, Tennessee ban hành luật mới quy định độ tuổi kết hôn tối thiểu là 16. Luật cũng yêu cầu thời gian chờ bắt buộc đối với các cô gái dưới 18 tuổi. Đây được xem là bước cải cách lập pháp quan trọng nhằm ngăn chặn những cuộc hôn nhân tương tự tái diễn. Cuộc hôn nhân kỳ quặc này vẫn kéo dài hơn 6 thập kỷ. Dù bị chỉ trích dữ dội, cuộc sống chung của cặp đôi vẫn tiếp diễn. Mùa hè năm 1937, Eunice đến trường tiểu học trong thời gian ngắn nhưng bỏ học chỉ sau vài ngày do các vấn đề về hành vi. Hai vợ chồng trẻ tiếp tục sống cùng gia đình Johns tại thị trấn Sneedville trong nhiều năm. Tháng 12/1942, khi mới 14 tuổi, Eunice sinh con đầu lòng. Sau đó, họ có thêm 8 người con nữa. Điều gây chú ý là nhiều năm sau, chính Charlie Johns lại phản đối kịch liệt khi con gái 17 tuổi của ông, Evelyn, kết hôn với chàng trai 20 tuổi. Ông nói rằng tuổi của con gái đã bị khai gian để xin giấy phép, thể hiện sự mâu thuẫn so với quá khứ của chính mình. Bất chấp bê bối ban đầu, cuộc hôn nhân của Eunice Winstead và Charlie Johns kéo dài hơn 6 thập kỷ. Johns qua đời vào tháng 2/1997, còn Eunice mất vào tháng 8/2006. Câu chuyện của họ vẫn được nhắc lại như một cột mốc gây tranh cãi trong lịch sử hôn nhân tại Mỹ, đồng thời là chất xúc tác thúc đẩy cải cách pháp luật nhằm bảo vệ trẻ vị thành niên khỏi nạn tảo hôn. Chàng trai 27 tuổi chấp nhận cưới người phụ nữ 59 tuổi làm vợ nhưng điều gây chú ý là yêu cầu quá đáng của cô dâu trong đám cưới. Nguồn: [Link nguồn]Nguồn: [Link nguồn]"
70ea9b83e2738c843c15c88d1bbd99ab,Bill Gates lần đầu thừa nhận ngoại tình với hai người phụ nữ,2026-02-26T03:00:00+00:00,24h,https://www.24h.com.vn/ban-tre-cuoc-song/bill-gates-lan-dau-thua-nhan-ngoai-tinh-voi-hai-nguoi-phu-nu-c64a1740220.html,vi,trang-chu,Bill Gates|Ngoại tình|Jeffrey Epstein,,"Lưu bài viết thành công Bạn có thể xem lại bài viết đã lưu ở trangTin bài đã lưu Theo WSJ, tại buổi họp nội bộ hôm 25/2, Bill Gates nói với nhân viên rằng ông từng có hai mối quan hệ ngoài hôn nhân với hai phụ nữ Nga trong thời gian còn kết hôn với Melinda French Gates. Một người là vận động viên bridge Mila Antonova, người còn lại là một nhà vật lý hạt nhân mà ông quen qua công việc. Một bức ảnh được DOJ công bố cho thấy Bill Gates đứng cạnh một cô gái giấu mặt. Bill Gates cho biết ông ""không làm điều gì bất hợp pháp"" và ""không chứng kiến hành vi sai trái nào"" khi giao du với Jeffrey Epstein - tỷ phú đã bị kết án vì tội môi giới mại dâm trẻ vị thành niên. ""Tôi không bao giờ dành thời gian với các nạn nhân hay những phụ nữ xung quanh ông ta"", Gates nói tại cuộc họp. Ông thừa nhận từng bay trên chuyên cơ riêng của Epstein và gặp gỡ ông ta tại Mỹ cũng như một số nước châu Âu, gồm Đức và Pháp, nhưng khẳng định chưa từng tới hòn đảo riêng của Epstein. Gates lần đầu gặp Epstein năm 2011, sau khi Epstein đã bị kết án tại bang Florida và vẫn tiếp tục giao du bất chấp sự hoài nghi của vợ khi đó. ""Tôi đã làm điều ngu ngốc khi dành thời gian với ông ta. Tôi nghĩ điều đó có thể giúp ích cho các hoạt động từ thiện về y tế toàn cầu, nhưng thực tế hoàn toàn không phải vậy. Đó là một sai lầm lớn"", Gates từng nói năm 2025. Bill Gates và Mila Antonova. Ảnh: YouTube Bill Gates (thứ hai từ phải sang) và Jeffrey Epstein (giữa) trong một lần gặp gỡ. Ảnh: DOJ Trong các email năm 2013 được công bố, Epstein từng đề cập đến hai phụ nữ mà ông ta cho là có quan hệ với Gates, thậm chí cảnh báo nhà sáng lập Microsoft có nguy cơ từ ""người giàu nhất thế giới thành kẻ đạo đức giả nhất"". Cựu cố vấn khoa học của Gates, Boris Nikolic, phủ nhận việc đứng sau những email được cho là viết dưới danh nghĩa của mình. Tại cuộc họp, Gates cũng thừa nhận mối quan hệ với Epstein đã ảnh hưởng tiêu cực tới hình ảnh của quỹ từ thiện do ông đồng sáng lập. ""Tôi xin lỗi những người đã bị lôi kéo vào chuyện này vì sai lầm của tôi. Điều đó hoàn toàn đi ngược lại các giá trị và mục tiêu của quỹ"", ông nói. Bill Gates và Melinda French Gates. Ảnh: NY Post Việc thừa nhận được đưa ra gần 5 năm sau khi Bill Gates và Melinda French Gates chính thức ly hôn vào năm 2021, khép lại cuộc hôn nhân kéo dài 27 năm. Theo tỷ phú 70 tuổi, vợ cũ của ông ""luôn hoài nghi"" về mối quan hệ giữa ông và Epstein. Người phát ngôn của tổ chức cho biết Gates đã ""phát biểu thẳng thắn"" và ""nhận trách nhiệm về hành động của mình"" trong cuộc họp với nhân viên. Melinda Gates cho biết quyết định chấm dứt cuộc hôn nhân 27 năm với tỷ phú Bill Gates xuất phát từ những vấn đề cá nhân sâu sắc. Nguồn: [Link nguồn]Nguồn: [Link nguồn]"
1d118568a22ef0e0b1ee2c86afef1b0f,Mẹ vợ Đoàn Văn Hậu tiếp tục gây chú ý,2026-02-26T12:00:00+00:00,24h,https://www.24h.com.vn/lam-dep/me-vo-doan-van-hau-tiep-tuc-gay-chu-y-c145a1739853.html,vi,trang-chu,mẹ vợ Đoàn Văn Hậu|Doãn Hải My|vẻ đẹp trẻ trung|gia đình Doãn Hải My|hoa hậu Việt Nam|mẹ Doãn Hải My,,"Lưu bài viết thành công Bạn có thể xem lại bài viết đã lưu ở trangTin bài đã lưu Mới đây, những khoảnh khắc du xuân đầu năm của gia đình nhà vợ Đoàn Văn Hậu được chia sẻ đã nhanh chóng thu hút sự chú ý của người hâm mộ. Không chỉ bởi sự xuất hiện của cặp đôi nổi tiếng mà còn vì nhan sắc trẻ trung rạng rỡ của bà Mai Đoàn - mẹ đẻ Doãn Hải My. Diện áo dài tông xanh nhã nhặn, mẹ vợ Đoàn Văn Hậu ghi điểm với thần thái sang trọng, gương mặt trẻ trung và vóc dáng thon gọn. Nhiều người bất ngờ khi đứng cạnh cô con gái từng lọt Top 10 Hoa hậu Việt Nam, mẹ Doãn Hải My vẫn nổi bật với khí chất riêng, thậm chí được nhận xét là ""hai chị em cũng tin được"". Chung khung hình cùng 2 quý tử, mẹ Doãn Hải My khoe sự trẻ trung. Hai em trai của Doãn Hải My cũng gây chú ý với chiều cao nổi bật và phong thái chững chạc. Dễ thấy gia đình người đẹp Hà thành sở hữu nền tảng ngoại hình đồng đều, từ vóc dáng đến thần thái. Bà Mai Đoàn xuất hiện trong tà áo dài xanh ngọc dịu dàng, mái tóc ngắn ""thương hiệu"" và gương mặt gần như không thấy dấu hiệu tuổi tác. Lâu nay vẫn có nhiều bình luận cho rằng Top 10 Hoa hậu Việt Nam 2020 - Doãn Hải My thừa hưởng trọn vẹn nét đẹp từ mẹ. Vẻ ngoài thanh lịch, nhẹ nhàng nhưng vẫn rất nổi bật khiến bà Mai Đoàn trở thành tâm điểm của loạt ảnh. Ngay sau khi loạt ảnh được chia sẻ, cộng đồng mạng dành nhiều lời khen ngợi ""ngỡ ngàng tưởng nhầm là… chị gái của con gái"", thậm chí xin vía trẻ lâu của mẹ vợ Đoàn Văn Hậu. Mai Đoàn - mẹ của người đẹp Doãn Hải My - được nhiều khán giả khen ngợi sắc vóc khi diện áo dài tôn dáng. Nguồn: [Link nguồn]Nguồn: [Link nguồn]"
402b3078d5c0b4119c4c1a8f23657f40,Kế hoạch luyện tập 30 ngày lấy lại vóc dáng gọn gàng sau nghỉ Tết,2026-02-26T08:00:00+00:00,24h,https://www.24h.com.vn/lam-dep/ke-hoach-luyen-tap-30-ngay-lay-lai-voc-dang-gon-gang-sau-nghi-tet-c145a1740050.html,vi,trang-chu,vóc dáng|vóc dáng đẹp|vóc dáng săn chắc|giảm cân|giảm cân an toàn,,"Lưu bài viết thành công Bạn có thể xem lại bài viết đã lưu ở trangTin bài đã lưu Lộ trình lấy lại vóc dáng săn chắc không chỉ tập trung vào việc đốt cháy mỡ thừa mà còn hướng tới việc xây dựng khối cơ, cải thiện tư thế và tăng cường sức bền. Để đạt được kết quả bứt phá, cần tuân thủ 3 nguyên tắc nền tảng giúp đánh thức bộ máy chuyển hóa năng lượng. - Kết hợp giữa cardio và HIIT:Cardio giúp đốt cháy calo trong khi tập, còn HIIT (tập luyện cường độ cao ngắt quãng) tạo ra hiệu ứng đốt cháy năng lượng sau tập luyện, giúp cơ thể tiếp tục tiêu hao năng lượng ngay cả khi bạn đã nghỉ ngơi. Sự kết hợp này là công thức tối ưu để tiêu diệt lớp mỡ bụng cứng đầu tích tụ sau Tết. - Tập trung vào nhóm cơ lõi:Vòng eo thon gọn không chỉ đến từ việc giảm mỡ mà còn từ việc cơ bụng được săn chắc. Các bài tập cơ lõi giúp định hình vòng eo, hỗ trợ cột sống và giúp tư thế của bạn trông cao ráo, thanh thoát hơn. - Tính kỷ luật:30 ngày là một khoảng thời gian đủ để hình thành một thói quen mới. Cần duy trì sự đều đặn nhưng cũng phải biết lắng nghe cơ thể để điều chỉnh cường độ, tránh những chấn thương không đáng có. Kiên trì luyện tập sẽ giúp bạn lấy lại vóc dáng săn chắc sau kỳ nghỉ dài. Giai đoạn 1: 10 ngày khởi động Mục tiêu của giai đoạn này là giúp cơ thể làm quen trở lại với vận động và giải phóng tình trạng trì trệ của các khớp xương. Lịch tập luyện bao gồm: Ngày 1 - 3: Đi bộ nhanh hoặc chạy bộ nhẹ nhàng trong 30 phút. Kết hợp với các động tác giãn cơ toàn thân để lưu thông khí huyết. Ngày 4 - 6: Bắt đầu với các bài tập bodyweight cơ bản như squat (3 hiệp, mỗi hiệp 15 lần), plank (giữ trong 30 - 45 giây) và chống đẩy với đầu gối chạm đất. Ngày 7: Nghỉ ngơi chủ động. Bạn có thể thực hiện bài tập yoga phục hồi để thư giãn các cơ. Ngày 8 - 10: Tăng dần cường độ với các bài tập leo núi và nhảy vung tay (Jumping) để đẩy nhịp tim lên cao. Giai đoạn 2: 10 ngày đốt mỡ Đây là giai đoạn quan trọng nhất, nơi bạn sẽ tập trung cao độ vào việc tiêu hao mỡ thừa và bắt đầu định hình các khối cơ. Lịch tập luyện bao gồm: Ngày 11 - 13 (HIIT focus): Thực hiện chu kỳ 30 giây tập cường độ cao (như burpees) và 30 giây nghỉ. Lặp lại 10 chu kỳ. Bài tập này giúp kích hoạt quá trình trao đổi chất mạnh mẽ. Ngày 14 - 16 (tập trung vào cơ lõi): Tập trung sâu vào vòng eo với các bài tập như nằm nhấc chân, plank nghiêng và gập bụng đạp xe. Mỗi động tác thực hiện 3 hiệp, mỗi hiệp 20 lần. Ngày 17: Hãy dành thời gian này để thực hiện liệu trình thải độc da bằng thảo mộc để cơ thể được thư giãn hoàn toàn. Ngày 18 - 20: Kết hợp bài tập toàn thân với tạ nhẹ hoặc chai nước suối để tăng áp lực lên cơ bắp, giúp cơ thể săn chắc hơn. Giai đoạn 3: 10 ngày bứt phá và duy trì Trong 10 ngày cuối, bạn sẽ cảm nhận rõ rệt sự thay đổi của vòng eo. Đây là lúc duy trì phong độ và tối ưu hóa kết quả. Lịch tập luyện: Ngày 21 - 25: Tăng thời gian tập ở những ngày trước mỗi buổi lên 45 - 60 phút. Kết hợp 20 phút cardio cường độ cao và 25 phút tập cơ bụng chuyên sâu. Ngày 26 - 28: Thực hiện các bài tập phối hợp như squat kết hợp bật nhảy, plank kết hợp chạm vai. Những bài tập phức hợp này giúp đốt cháy năng lượng ở mức tối đa. Ngày 29: Một buổi tập yoga vặn xoắn chuyên sâu để massage nội tạng và giúp các khối cơ trở nên dài, thon gọn hơn. Ngày 30: Hãy dành ngày này để thực hiện một buổi chạy bộ dài trong không gian xanh để tận hưởng thành quả của sự kiên trì. Tập luyện để đốt cháy năng lượng dư thừa và tránh tích mỡ. Tập luyện chỉ chiếm 30% thành công giảm cân và duy trì vóc dáng săn chắc, 70% còn lại nằm ở lối sống và chế độ dinh dưỡng hàng ngày. - Dinh dưỡng đúng: Hãy nghiêm túc thực hiện thực đơn ít calo, giàu chất xơ, đầy đủ chất đạm. Đừng quên bổ sung các ly sinh tố xanh đốt mỡ vào bữa phụ chiều để cung cấp enzyme hỗ trợ quá trình phục hồi cơ bắp. - Uống đủ nước: Nước vận chuyển chất dinh dưỡng đến cơ bắp và giúp đào thải các sản phẩm phụ của quá trình đốt mỡ. Hãy luôn mang theo bình nước lọc bên mình trong suốt buổi tập. - Ngủ đủ giấc: Cơ bắp không phát triển khi bạn đang tập, chúng phát triển khi bạn ngủ. Một giấc ngủ sâu giúp hormone tăng trưởng hoạt động, hỗ trợ việc tái tạo mô cơ và đốt cháy mỡ thừa hiệu quả hơn. - Giữ vững tinh thần để không bỏ cuộc giữa chừng: Từ ngày tập 15 thường là thời điểm dễ nản lòng nhất vì kết quả chưa thực sự rõ rệt trên bàn cân. Tuy nhiên, hãy nhớ rằng cân nặng chỉ là một con số, quan trọng là sự thay đổi của số đo vòng eo và cảm giác nhẹ nhàng trong từng bước đi. Hãy ghi lại nhật ký tập luyện hàng ngày, chụp ảnh cơ thể trước gương mỗi tuần để thấy được sự tiến bộ. Khi mặc vừa lại chiếc áo dài hay bộ váy ôm sát từ trước, niềm vui đó sẽ là động lực lớn nhất để tiếp tục hành trình. Dịp Tết với chế độ ăn nghỉ ""thả phanh"", vậy nên ra Tết cần áp dụng chế độ ăn phù hợp và tích cực tập luyện để lấy lại vóc dáng. Nguồn: [Link nguồn]Nguồn: [Link nguồn]"
81055597bca808c31e8f09fdeaec9af4,Kiếp nạn tháo nails giả sau Tết và những điều cần lưu ý để bớt hại móng,2026-02-26T05:00:00+00:00,24h,https://www.24h.com.vn/lam-dep/kiep-nan-thao-nails-gia-sau-tet-va-nhung-dieu-can-luu-y-de-bot-hai-mong-c145a1740213.html,vi,trang-chu,làm móng|nails|tháo móng|móng úp,,"Lưu bài viết thành công Bạn có thể xem lại bài viết đã lưu ở trangTin bài đã lưu Những ngày sát Tết là lúc chị em háo hức làm đẹp móng tay chơi xuân, còn khi hết Tết, cũng là lúc ""đại hội tháo nail"" rầm rộ khắp nơi. So với việc sơn màu trực tiếp lên móng thật, các chị em chọn làm móng giả có phần chật vật hơn trong khoản tháo nails. Trên các hội nhóm làm đẹp, chủ đề này thu hút sự quan tâm của nhiều người. Một cô gái còn đăng tải cận cảnh bộ móng sau khi tháo móng úp của mình nhưng cứ 'chạm vào là đau' do bị mài móng quá mỏng. Một trường hợp móng bị mài mỏng khiến móng trở nên nhạy cảm, đau buốt. Bên dưới phần bình luận, nhiều chị em khuyên chủ nhân bài đăng nên tạm ngưng làm móng một thời gian, tập trung vào mục tiêu dưỡng và bảo vệ để móng dần hồi phục. Cũng có ý kiến gợi ý nên sơn cứng móng để hạn chế tình trạng móng mỏng, giòn dễ gãy. Tuy nhiên, nhược điểm của bước sơn cứng móng là vẫn phải hơ móng dưới đèn LED. Trường hợp móng tay mỏng, đang tổn thương, khi hơ rất dễ gặp tình trạng đau buốt, nóng ran đầu ngón tay. Móng úp là kỹ thuật làm đẹp, nối dài móng bằng cách sử dụng loại móng giả làm từ nhựa, dán trực tiếp lên bề mặt móng thật bằng keo chuyên dụng. Trước khi gắn móng giả, thợ làm nails thường dũa nhám bề mặt móng nhằm tăng độ ma xát nhờ đó khi dán móng giả lên móng thật cùng keo chuyên dụng, móng sẽ dính chặt và bền hơn. Sau khi tháo móng, bề mặt móng không bằng phẳng nên thợ làm nails cần tiếp tục phải dũa mịn, khiến lớp sừng trở nên mỏng manh. Với những người vốn có móng tay mỏng, yếu, sẽ rất dễ gặp phải tình trạng đau buốt. Ánh Tuyết - chủ một tiệm nails tại khu vực Hoàn Kiếm, Hà Nội, cho biết khi phá móng gel hay tháo móng giả đều cần có kinh nghiệm cùng dụng cụ nails chuyên dụng. Đối với móng úp và móng giả, có nơi sử dụng cách tháo truyền thống, có nơi sử dụng thêm dung dịch phá keo để tháo bỏ dễ dàng, giảm tổn thương mỏng. Tóm lại, chị em không nên tự tháo, tự cậy tại nhà, rất dễ kéo theo lớp sừng trên bề mặt móng, khiến móng tổn thương nặng, thậm chí lật móng, chảy máu. Tự phá móng gel, gỡ/bóc móng giả tại nhà có thể khiến bề mặt móng thật tổn thương nặng nề. Trường hợp bề mặt móng mỏng, xước nhiều sau khi phá sơn gel hay tháo móng giả, chị em nên yêu cầu thợ làm móng chà mịn, nhẹ nhàng và tạm ""kiêng"" sơn móng một thời gian để móng tay hồi phục. Cũng có thể dùng các loại sơn dưỡng truyền thống, không cần sấy bằng đèn LED nhằm hỗ trợ móng cứng hơn, hạn chế gãy, xước móng. Thoa các loại tinh dầu tự nhiên như dầu jojoba, dầu hạnh nhân, vitamin E,... cũng có tác dụng dưỡng ẩm, phần nào cải thiện tình trạng móng khô, giòn, dễ gãy. Đăng ảnh bộ móng kiểu ombre với giá 450 nghìn đồng cùng chia sẻ 'làm xong về ai cũng chê', chủ nhân bộ nails nhận về hàng loạt các bình luận trào... Nguồn: [Link nguồn]Nguồn: [Link nguồn]"
908e6dea4e22aab1844a268340d01969,Giảm mỡ hay tăng cơ trước để lấy lại vóc dáng sớm nhất sau kỳ nghỉ Tết?,2026-02-26T02:00:00+00:00,24h,https://www.24h.com.vn/lam-dep/giam-mo-hay-tang-co-truoc-de-lay-lai-voc-dang-som-nhat-sau-ky-nghi-tet-c145a1739795.html,vi,trang-chu,giảm mỡ|tăng cơ|tập luyện sau Tết|vóc dáng thon gọn|mỡ bụng|giảm mỡ bụng,,"Lưu bài viết thành công Bạn có thể xem lại bài viết đã lưu ở trangTin bài đã lưu Tết là giai đoạn sinh hoạt bị đảo lộn với ăn dư năng lượng, tăng đường và chất béo, uống rượu bia, ngủ muộn và giảm vận động. Những thay đổi này không chỉ làm tăng cân mà còn ảnh hưởng sâu đến hệ chuyển hóa và hệ vận động, khiến quá trình giảm mỡ, tăng cơ sau Tết trở nên khó khăn hơn. Chỉ sau 1 - 3 tuần giảm vận động, cơ bắp giảm mức kích hoạt, sức mạnh nền suy giảm, phản xạ thần kinh - cơ chậm lại, trong khi mỡ, đặc biệt là mỡ nội tạng vùng bụng, có xu hướng tăng nhanh. Vì vậy, nhiều người dù cân nặng không tăng nhiều nhưng vòng eo rõ rệt hơn, cơ thể yếu và nhanh mệt khi quay lại tập luyện. Việc tăng cơ hoặc tái kích hoạt khối cơ sau Tết giúp nâng chuyển hóa cơ bản, cải thiện khả năng sử dụng glucose và lipid, từ đó hỗ trợ giảm mỡ bền vững hơn. Giảm mỡ thường là mục tiêu đầu tiên được nghĩ đến, nhất là khi cân nặng và số đo vòng bụng tăng. Việc kiểm soát năng lượng nạp vào và tăng vận động giúp cải thiện hình thể, đồng thời giảm nguy cơ rối loạn chuyển hóa như tăng đường huyết hay mỡ máu. Tuy nhiên, nếu giảm mỡ bằng cách ăn kiêng quá mức hoặc tập cardio cường độ cao khi cơ thể chưa kịp thích nghi, nguy cơ mất khối cơ là rất lớn. Khi cơ giảm, tốc độ chuyển hóa cơ bản tiếp tục đi xuống, khiến việc giảm mỡ về sau khó khăn hơn và dễ rơi vào vòng lặp ""giảm - tăng cân"". Với những người ít vận động trong dịp Tết, hệ gân - khớp và khả năng kiểm soát vận động còn suy giảm, việc tập nặng để ""đốt mỡ nhanh"" còn làm tăng nguy cơ chấn thương cột sống, khớp gối và cổ chân. Cơ bắp được xem là ""nhà máy tiêu thụ năng lượng"" của cơ thể. Việc tăng cơ hoặc tái kích hoạt khối cơ sau Tết giúp nâng chuyển hóa cơ bản, cải thiện khả năng sử dụng glucose và lipid, từ đó hỗ trợ giảm mỡ bền vững hơn. Trong 2 - 4 tuần đầu sau kỳ nghỉ dài, mục tiêu hợp lý không phải là giảm mỡ thật nhanh mà là khôi phục sức mạnh nền, cải thiện phối hợp thần kinh - cơ và khả năng ổn định thân mình. Khi cơ bắp được kích hoạt tốt, các chương trình giảm mỡ sau đó sẽ hiệu quả và an toàn hơn. Ngoài ra, tăng cơ còn mang lại nhiều lợi ích chức năng như cải thiện tư thế, giảm đau lưng - cổ vai gáy, hạn chế tình trạng mỏi và cứng cơ sau giai đoạn ngồi nhiều, ít vận động ngày Tết.Sau Tết, điều quan trọng không phải là giảm cân thật nhanh mà là xây dựng lại nền tảng vận động và chuyển hóa. Khi cơ bắp được tái kích hoạt đúng cách, cơ thể sẽ ""hợp tác"" hơn trong quá trình giảm mỡ, giúp vóc dáng cải thiện bền vững và hạn chế tăng cân trở lại. Sau Tết, điều quan trọng không phải là giảm cân thật nhanh mà là xây dựng lại nền tảng vận động và chuyển hóa. Khi cơ bắp được tái kích hoạt đúng cách, cơ thể sẽ ""hợp tác"" hơn trong quá trình giảm mỡ, giúp vóc dáng cải thiện bền vững và hạn chế tăng cân trở lại. Thực tế, câu trả lời không phải là chọn ""một trong hai"", mà là ưu tiên tăng cơ trước, giảm mỡ sau - hoặc thực hiện song song nhưng có trọng tâm. - Người tăng cân nhẹ, thể lực giảm rõ: Nên dành 2 - 3 tuần đầu ưu tiên tăng cơ nền với các bài tập sức mạnh mức vừa, tập trung vào cơ lõi, cơ mông - đùi - lưng, kết hợp điều chỉnh ăn uống hợp lý. - Người tăng mỡ nhiều, đặc biệt là mỡ bụng: Vẫn cần kiểm soát năng lượng nhưng không nên cắt giảm quá sâu. Việc tăng cơ giúp quá trình giảm mỡ diễn ra hiệu quả và ít mất cơ hơn. - Người đã có nền tảng tập luyện tốt: Có thể kết hợp đồng thời tăng cơ với giảm mỡ nhưng cần theo dõi sát cảm giác mệt mỏi, chất lượng giấc ngủ và khả năng phục hồi. Nếu giảm mỡ bằng cách ăn kiêng quá mức hoặc tập cardio cường độ cao khi cơ thể chưa kịp thích nghi, nguy cơ mất khối cơ là rất lớn. Giai đoạn đầu, nên ưu tiên: - Các bài tập sức mạnh toàn thân cường độ vừa, số lần lặp trung bình. - Bài tập ổn định cơ lõi, cải thiện kiểm soát vận động. - Cardio mức nhẹ đến trung bình để hỗ trợ tuần hoàn và phục hồi. Không nên bắt đầu ngay với bào tập cường độ cao ngắt quãng (HIIT) hay các bài ""đốt mỡ"" cường độ rất cao khi cơ thể chưa sẵn sàng. Sau 2 - 4 tuần thích nghi, có thể tăng dần cường độ và bổ sung các bài tiêu hao năng lượng cao hơn để thúc đẩy giảm mỡ. Lưu ý, tập luyện chỉ phát huy hiệu quả khi đi kèm dinh dưỡng hợp lý. Sau Tết, mục tiêu dinh dưỡng không phải là ""ăn càng ít càng tốt"" mà là: Đảm bảo đủ protein để bảo toàn và tăng cơ, giảm dần tinh bột tinh chế, đồ ngọt, rượu bia, tăng rau xanh, chất béo lành mạnh để hỗ trợ chuyển hóa và cảm giác no… Việc ăn quá ít trong khi tăng vận động dễ khiến cơ thể mệt mỏi, mất cơ và làm chậm quá trình lấy lại vóc dáng. Sau kỳ nghỉ Tết, nhiều người rơi vào trạng thái mệt mỏi, uể oải, tăng cân nhẹ và ngại tập dù biết cần vận động. Sau Tết không nên vội vàng tập nặng mà... Nguồn: [Link nguồn]Nguồn: [Link nguồn]"
aed8d96a17caedf70adbd18afca6161a,Nhan sắc được khen như thần tiên tỷ tỷ của nữ chính phim giờ vàng VTV,2026-02-25T18:00:00+00:00,24h,https://www.24h.com.vn/lam-dep/nhan-sac-duoc-khen-nhu-than-tien-ty-ty-cua-nu-chinh-phim-gio-vang-vtv-c145a1739992.html,vi,trang-chu,phim truyền hình|Quỳnh Kool|phim giờ vàng,,"Lưu bài viết thành công Bạn có thể xem lại bài viết đã lưu ở trangTin bài đã lưu Nối sóng ""Gia đình trái dấu"", ""Bước chân vào đời"" là bộ phim đang lên sóng giờ vàng trên VTV3. Trong phim, Quỳnh Kool đảm nhận vai nữ chính Thương - người chị cả sớm phải gánh vác gia đình sau biến cố. Nhân vật này vừa mạnh mẽ, quyết liệt, vừa chất chứa nhiều tổn thương nội tâm. Ngay ở những tập đầu lên sóng, Quỳnh Kool được khen rất hợp với những vai cô gái giàu nghị lực có cuộc sống vất vả, bươn chải như từng thể hiện ở ""Gara hạnh phúc"", ""Đừng làm mẹ cáu""... Tuy nhiên điều gây ấn tượng ở nữ diễn viên chính là nhan sắc nổi bật trong mọi khung hình. Một số khán giả còn khen ngợi vẻ đẹp của cô như ""thần tiên tỷ tỷ"". Những lời nhận xét như ""xem ánh mắt là thấy nội tâm"" hay ""vai này hợp và có chiều sâu"" cho thấy khán giả ghi nhận nỗ lực thay đổi của nữ diễn viên. Trước đó khi đóng phim ""Gió ngang khoảng trời xanh"" (2025), Quỳnh Kool từng gây nhiều ý kiến trái chiều về ngoại hình khác lạ. Theo tiết lộ, nữ diễn viên chủ động tăng cân để có tạo hình mới cho nhân vật. Sinh năm 1995, Quỳnh Kool từng có giai đoạn đầu chật vật vì gắn liền danh xưng ""hot girl"" trước khi trở thành diễn viên. Cô bắt đầu được chú ý khi tham gia MV ""Vợ người ta"" của Phan Mạnh Quỳnh. Sau đó cô nổi tiếng khi tham gia vào loạt phim sitcom ăn khách trên mạng. Nhiều năm qua, Quỳnh Kool tích cực biến hóa với nhiều dạng vai trên phim truyền hình. Vai diễn trong phim ""Đừng làm mẹ cáu"" (2023) giúp cô thắng giải ""Nữ diễn viên xuất sắc phim truyện truyền hình"" ở giải Cánh Diều Vàng. Sau hơn 10 năm vào nghề, Quỳnh Kool có cho mình một vị trí vững trong làng phim truyền hình. Không chỉ là gương mặt quen thuộc trên màn ảnh nhỏ, cô còn là một trong những nữ diễn viên được săn đón tại các sự kiện, quảng cáo cho các nhãn hàng, vì độ nhận diện và lượng người hâm mộ đông đảo. Ngoại hình của Quỳnh Kool cũng được nhận xét ngày càng thăng hạng, thoát hẳn hình ảnh ""hot girl"" năm xưa. Về đời tư, nữ diễn viên khá kín tiếng và hạn chế chia sẻ về chuyện tình cảm với truyền thông. Vài năm trở lại đây, cô vướng tin đồn ""phim giả tình thật"" với diễn viên B Trần, song cả hai lên tiếng phủ nhận, nói rằng chỉ là mối quan hệ bạn bè thân thiết. Nhìn Quỳnh Kool trong vai diễn mới mà mọi người đều thở phào vì nhìn cô xinh đẹp hơn Gió Ngang Khoảng Trời Xanh rất nhiều. Nguồn: [Link nguồn]Nguồn: [Link nguồn]"
51542fcb19eafa3b8d0e3c23597b8d3f,"Mặt nạ từ khoai tây và sữa tươi đánh bay vẻ mệt mỏi, giúp làn da sáng bừng sau Tết",2026-02-25T12:00:00+00:00,24h,https://www.24h.com.vn/lam-dep/mat-na-tu-khoai-tay-va-sua-tuoi-danh-bay-ve-met-moi-giup-lan-da-sang-bung-sau-tet-c145a1739960.html,vi,trang-chu,mặt nạ|đắp mặt nạ|mặt nạ khoai tây sữa tươi|làm sáng da|làm đẹp da|mặt nạ khoai tây,,"Lưu bài viết thành công Bạn có thể xem lại bài viết đã lưu ở trangTin bài đã lưu Khoai tây chứa một hàm lượng lớn enzyme catecholase. Đây là loại enzyme có khả năng ức chế quá trình sản sinh melanin quá mức, giúp làm mờ các vết thâm và cải thiện sắc tố da một cách nhẹ nhàng khi sử dụng làm mặt nạ. Bên cạnh đó, khoai tây rất giàu vitamin C - một chất chống oxy hóa mạnh giúp ngăn ngừa tổn thương tế bào và thúc đẩy quá trình tổng hợp collagen tự nhiên. Trong khi đó, sữa tươi không đường là nguồn cung cấp acid lactic dồi dào. Acid lactic thuộc nhóm alpha hydroxy acid (AHA), một hoạt chất nổi tiếng trong việc tẩy tế bào chết hóa học. Nó giúp phá vỡ các liên kết giữa các tế bào da chết trên bề mặt, làm sạch lỗ chân lông và kích thích lớp tế bào mới bên dưới lộ ra. Sự kết hợp giữa khả năng làm sáng của khoai tây và tính chất tái tạo của sữa tươi tạo nên một hợp chất phục hồi da đa năng. Khoai tây rất giàu vitamin C. Khi đắp hỗn hợp khoai tây và sữa tươi lên da, các phản ứng sinh hóa sẽ diễn ra: - Tẩy tế bào chết nhẹ nhàng: Acid lactic trong sữa tươi làm mềm lớp sừng, loại bỏ các mảng da khô ráp do trang điểm quá nhiều hoặc tiếp xúc với khói bụi những ngày Tết. - Cung cấp độ ẩm tức thì: Các protein và chất béo tự nhiên trong sữa tươi thấm sâu vào lớp biểu bì, lấp đầy các khoảng trống giữa các tế bào, giúp da lấy lại độ đàn hồi và mịn màng. - Làm dịu và giảm sưng tấy: Vitamin B6 và các khoáng chất như kali trong khoai tây có tác dụng giảm viêm, giúp giảm tình trạng bọng mắt hoặc sưng nhẹ vùng mặt do thức khuya. Để các hoạt chất phát huy tối đa tác dụng mà không gây kích ứng, bạn nên tuân thủ quy trình sau: Bước 1: Chuẩn bị nguyên liệu sạch Chọn một củ khoai tây tươi, không mọc mầm (vì khoai tây mọc mầm chứa solanine gây độc cho da). Rửa sạch, gọt vỏ và hấp chín. Việc hấp chín giúp làm mềm cấu trúc tinh bột, giúp các vitamin dễ dàng giải phóng và thẩm thấu vào da hơn so với việc sử dụng khoai tây sống. Bước 2: Chế biến hỗn hợp Tán nhuyễn khoai tây và trộn đều với sữa tươi không đường cho đến khi tạo thành một hỗn hợp dạng sệt. Bạn có thể thêm một thìa mật ong nguyên chất nếu làn da đang gặp tình trạng khô ráp nặng, vì mật ong có đặc tính kháng khuẩn và giữ ẩm tốt. Bước 3: Làm sạch da Làn da cần được tẩy trang và rửa sạch bằng sữa rửa mặt có độ pH trung tính (khoảng 5.5). Việc làm sạch giúp loại bỏ bã nhờn, giúp các dưỡng chất thấm sâu. Bước 4: Đắp mặt nạ Thoa một lớp mỏng hỗn hợp lên mặt, tránh vùng da nhạy cảm sát mí mắt. Thư giãn trong khoảng 15 đến 20 phút. Đây là khoảng thời gian vừa đủ để các hoạt chất thẩm thấu mà không gây ra hiện tượng hút ẩm ngược (xảy ra khi mặt nạ quá khô). Bước 5: Làm sạch và khóa ẩm Rửa sạch bằng nước ấm, sau đó vỗ nhẹ bằng nước lạnh để se khít lỗ chân lông. Cuối cùng, đừng quên bước sử dụng kem dưỡng ẩm để khóa các dưỡng chất lại bên trong cấu trúc da. Việc đắp mặt nạ kết hợp giữa khoai tây và sữa tươi là một giải pháp giúp phục hồi da tự nhiên mà hiệu quả. Mặc dù là phương pháp tự nhiên nhưng việc sử dụng mặt nạ vẫn cần tuân theo các nguyên tắc an toàn để tránh phản tác dụng: Tần suất sử dụng:Chỉ nên thực hiện từ 2 đến 3 lần mỗi tuần. Việc lạm dụng mặt nạ chứa acid lactic (từ sữa) có thể làm mỏng lớp màng bảo vệ da, khiến da trở nên nhạy cảm hơn với ánh nắng mặt trời. Chống nắng:Sau khi đắp mặt nạ có tính chất làm sáng da, tế bào da mới rất dễ bị tổn thương bởi tia UV. Do đó, việc sử dụng kem chống nắng có chỉ số SPF từ 30 trở lên là bắt buộc khi ra ngoài. Thử nghiệm vùng nhỏ:Với những người có làn da nhạy cảm, hãy thử đắp một lượng nhỏ hỗn hợp lên vùng da dưới quai hàm trong 10 phút để kiểm tra phản ứng trước khi áp dụng cho toàn bộ khuôn mặt. Lưu ý,mặt nạ chỉ là giải pháp tác động từ bên ngoài. Để làn da thực sự thoát khỏi vẻ mệt mỏi sau Tết, bạn cần kết hợp với việc phục hồi từ bên trong. Hãy tăng cường uống nước để hỗ trợ quá trình hydrat hóa tế bào, bổ sung các loại trái cây giàu vitamin A và C như cam, bưởi, đu đủ... Đặc biệt, hãy thiết lập lại giấc ngủ sâu trước 23 giờ để cơ thể thực hiện quá trình tái tạo tự nhiên tốt nhất. Cam và quýt là những loại quả phổ biến trên mâm ngũ quả ngày Tết. Hơn nữa, 2 loại quả này còn chứa các hoạt chất sinh học có khả năng cải thiện sắc tố... Nguồn: [Link nguồn]Nguồn: [Link nguồn]"
f26a5858ab0e0834aa83bd1caa4d8c7b,"Bị khiêu khích, cao thủ karate mạnh nhất Nhật Bản hạ võ sĩ quyền Anh bằng 1 đòn",2026-02-26T17:03:00+00:00,24h,https://www.24h.com.vn/the-thao/bi-khieu-khich-cao-thu-karate-manh-nhat-nhat-ban-ha-vo-si-quyen-anh-bang-1-don-c101a1740336.html,vi,trang-chu,Nhật Bản|võ thuật|boxing|karate,,"Lưu bài viết thành công Bạn có thể xem lại bài viết đã lưu ở trangTin bài đã lưu Motobu Choki (1870-1944) là một bậc thầy Ryukyu Karate, thường được nhắc đến với biệt danh “karateka (võ sĩ karate) mạnh nhất” nhờ sức mạnh và khả năng thực chiến nổi bật. Trong giai đoạn cuối thế kỷ XIX – đầu thế kỷ XX, ông đã chứng minh hiệu quả của môn võ này qua nhiều trận giao đấu thực sự, khiến tên tuổi vang xa không chỉ ở Okinawa mà còn trên toàn Nhật Bản. Cao thủ karate thực chiến của Okinawa Motobu Choki sinh tháng 4/1870 (Minh Trị thứ 3) tại khu vực nay là thành phố Naha, tỉnh Okinawa, là con trai thứ ba của Motobu Anji Chozane, người đứng đầu gia tộc Motobu Udun. Gia tộc Motobu Udun thuộc hoàng tộc Ryukyu, có tổ tiên là con trai thứ sáu của vua Sho Shitsu, vị vua thứ 10 của triều đại Sho thứ hai của Vương quốc Ryukyu. Xuất thân trong dòng dõi danh giá, nhưng Motobu lại chọn con đường rèn luyện võ thuật thực chiến. Motobu Choki là huyền thoại karate Từ năm 12 tuổi, ông theo học Itosu Anko, bậc thầy của Shurite, một hệ phái Ryukyu Karate. Ông cũng học với Matsumura Sokon và được cho là đã tìm đến hầu hết các võ sư nổi tiếng thời bấy giờ để học hỏi. Việc tiếp xúc với nhiều cao thủ giúp ông phát triển nền tảng kỹ thuật vững chắc. Sau khi thành thạo kỹ năng, Motobu thường tham gia các trận đấu thực chiến (kake-tameshi) để tích lũy kinh nghiệm. Thời điểm đó, karate vẫn mang tính võ thuật chiến đấu rõ rệt. Việc một người xuất thân từ gia đình hoàng tộc trực tiếp tham gia các trận giao đấu tại những nơi nguy hiểm là điều hiếm thấy. Theo các ghi chép, ông đã tham gia hàng trăm trận và không thua. Nhờ thành tích thực chiến, Motobu đã nổi danh từ khi còn trẻ. Ông dành nhiều thời gian nghiên cứu kumite cùng người bạn thân Yabe Kenmichi, cũng là môn đồ của Itosu Anko và Matsumura Sokon. Khoảng năm 1921, Motobu chuyển đến Osaka để tiếp tục hoạt động và truyền dạy. Năm 1922 tại Kyoto, ông chứng kiến một trận đấu giữa judo và quyền Anh. Sau khi xem, ông tuyên bố mình cũng có thể tham gia dạng trận như vậy và lập tức thượng đài đấu với một võ sĩ quyền Anh tên George. Khi đó ông 52 tuổi. Theo trang Note, trong trận đấu, Motobu dùng tay trái đỡ toàn bộ đòn đánh và cuối cùng hạ gục đối thủ bằng một đòn duy nhất. Sự kiện này được đăng trên tạp chí King, giúp tên tuổi ông và karate lan rộng khắp Nhật Bản. Theo trang Ejmas, vào đầu thế kỷ 20, những trận đấu giữa các võ sĩ quyền Anh đối đầu với võ sĩ judo hoặc jujutsu (lúc đó karate vẫn chưa được phổ biến ở Nhật Bản) đã diễn ra. Năm 1928 tại Yokohama, võ sĩ hạng gà hàng đầu Packy O'Gatty đã hạ knock-out một võ sĩ jujutsu Nhật Bản tên Shimakado chỉ trong 14 giây (bao gồm cả đếm đầy đủ). Ít võ sĩ tham gia là nhà vô địch thực thụ, nhưng những trận đấu này này đã khơi dậy sự quan tâm ở một bộ phận công chúng. Chính bối cảnh này dẫn đến chiến thắng của Motobu, khiến người dân Okinawa phấn khích khi nghe tin. Đưa karate ra ánh sáng sau chiến thắng vang dội Theo trang Karatephilosophy, Motobu cao khoảng 1m65, trong khi đối thủ được cho là cao khoảng 1m83. Theo học trò thân cận Nakama Chozo, khi đấu với võ sĩ ngoại quốc, Motobu đang làm bảo vệ tại một nhà máy bông và sống trong ký túc xá. Ông hầu như không có tiền bạc hay mối quan hệ tại Nhật Bản lúc đó. Dù nổi tiếng ở Okinawa là tay karate giỏi nhất, tại đất liền ông gần như vô danh. Theo bài tường thuật trên tạp chí King năm 1925, Motobu với thể hình nhỏ hơn chủ yếu né tránh. Tuy nhiên, sau vài hiệp, Motobu bất ngờ áp sát đối thủ cao lớn hơn và hạ knock-out bằng một cú ra đòn vào đầu đối phương. Đáng tiếc, hình vẽ minh họa trận đấu này của Motobu lại nhầm ông với 1 võ sĩ Nhật Bản khác. Motobu cao khoảng 1m65 Hơn 10 năm sau trận đấu, Motobu kể lại với báo Ryukyu Shimpo: “Khi tôi nói với trọng tài rằng tôi sẽ đấu không đeo găng, anh ta (võ sĩ boxing nước ngoài) tỏ ra khinh thường tôi vì cao hơn tôi nhiều. Anh ta đối xử với tôi như trẻ con, giữ mũi tôi và vẹo má tôi”. “Hiệp đầu tôi chưa thực sự nghiêm túc, rồi chúng tôi nghỉ giữa hiệp. Khi bước vào hiệp hai, tôi chợt nghĩ: ‘Nếu mình thua một võ sĩ ngoại quốc như thế này, đó sẽ là nỗi nhục cho cả karate lẫn Okinawa. Mình phải đánh bại anh ta.’ Tôi quyết tâm giành chiến thắng”, Motobu nói tiếp. “Ngay khi anh ta lao tới tấn công hết sức, trong cơn phẫn nộ tôi tung một cú đấm thật mạnh vào thái dương. Anh ta gục ngay tại chỗ. Khán giả vô cùng phấn khích, tiếng vỗ tay như sấm dậy, họ ném đệm ngồi, ống điếu, túi tiền dây rút và đủ thứ khác về phía tôi. Đó là một sự kiện cực kỳ sôi động, vì một võ sĩ to lớn như vậy (cao khoảng 1m83) lại bị hạ knock-out bởi một kỹ thuật karate”, Motobu kể tiếp. Motobu đã chứng minh tính thực chiến của karate Ông nói thêm: “Nhiều bài báo nói rằng tôi đánh anh ta bằng bàn tay mở. Nhưng tôi không dùng bàn tay mở. Tôi đánh bằng nắm đấm. Chỉ vì cú đánh quá nhanh – nhanh như tia chớp – nên khán giả tưởng rằng bàn tay tôi mở ra. Tinh túy của karate là di chuyển nhẹ nhàng, tự nhiên, rồi ngay khi cơ hội xuất hiện thì lập tức tung đòn bùng nổ vào đối phương. Đó chính là karate jissen – chiến đấu thực tế”. Sự nổi tiếng từ chiến thắng bất ngờ này đã đưa cả Motobu lẫn karate ra “ánh đèn sân khấu” tại Nhật Bản, điều trước đó chưa từng có. Sau đó, ông mở võ đường Daidokan và giảng dạy tại đây cho đến khi Thế chiến II bùng nổ năm 1941. Trong một giai thoại nổi tiếng, võ sĩ quyền Anh lừng danh Piston Horiguchi từng đến thăm võ đường của ông. Motobu yêu cầu Horiguchi tấn công hết sức, sau đó né toàn bộ đòn đánh và dừng nắm đấm ngay trước trán đối thủ, khiến Horiguchi thừa nhận không thể thắng. Khi ấy Motobu đã ngoài 60 tuổi. Ngoài ra, Tokusaburo, cao thủ judo mạnh nhất Kodokan thời đó, cũng tìm đến ông để học hỏi. Motobu sinh sống và dạy karate tại Nhật Bản cho đến năm 1942, rồi trở về Okinawa và qua đời không lâu sau đó. (Tin thể thao, tin đấu vật) Zakhar Dzmitrychenka, ngôi sao vật và võ thuật đã 2 năm chinh chiến ở các sới vật hội làng Việt Nam và anh vẫn chưa nhận... Nguồn: [Link nguồn]Nguồn: [Link nguồn]"
4a4cf3b8d4cfe917fe5852499d254738,"Lại Lý Huynh chiến thuật đỉnh cao, bất bại giải cờ tướng toàn cao thủ Trung Quốc",2026-02-26T17:03:00+00:00,24h,https://www.24h.com.vn/the-thao/lai-ly-huynh-chien-thuat-dinh-cao-bat-bai-giai-co-tuong-toan-cao-thu-trung-quoc-c101a1740421.html,vi,trang-chu,co tuong viet nam|lai ly huynh co tuong|ly huynh dau cao thu trung quoc|co tuong viet nam trung quoc|co tuong ngu duong boi 2026|lai ly huynh bat bai truoc cao thu trung quoc|lai ly huynhngu duong boi 2026|sieu giai co tuong|co tuong dinh cao|dai chien co tuong vn trung quoc,,"Lưu bài viết thành công Bạn có thể xem lại bài viết đã lưu ở trangTin bài đã lưu 🎉Dụ địch đỉnh cao, đánh bại cao thủ Trung Quốc Chiều tối ngày 26/2, đại diện duy nhất của Việt Nam Lại Lý Huynh bước vào lượt trận thứ 4 của bảng B trong khuôn khổ siêu giải đấu cờ tướng Ngũ Dương Bôi 2026 diễn ra ở Trung Quốc. Đối thủ của anh là Quách Phụng Đạt, cao thủ xếp hạng 12 của Trung Quốc và đã hòa Lý Huynh ở lượt đi. Lại Lý Huynh bất bại sau 4 vòng đấu tại siêu giải cờ tướng Ngũ Dương Bôi Đây là giải đấu danh giá, có vị thế đứng đầu làng cờ tướng Trung Quốc, thậm chí được xem không hề kém cạnh giải vô địch thế giới về mặt danh tiếng. Ngũ Dương Bôi có tổng giải thưởng lên đến hơn 1,1 triệu nhân dân tệ (hơn 4 tỉ đồng), trong đó nhà vô địch nhận đến 300.000 nhân dân tệ (hơn 1 tỉ đồng). Với việc 16 cao thủ được chia làm 4 bảng và chỉ lấy duy nhất người đứng đầu mỗi bảng vào bán kết, Lại Lý Huynh chịu áp lực khi phải thắng Quách Phụng Đạt ở vòng 4 này nhằm duy trì thế “song mã” đua điểm số với “thần đồng” Lưu Bách Hoành. Sau nửa thời gian thi đấu của trận lượt về này, thế trận một lần nữa diễn ra khá cân bằng. Trước việc có thể dẫn đến một kết quả hòa, Lại Lý Huynh đã thực hiện một chiến thuật táo bạo. Nhà đương kim vô địch thế giới mở thoáng thế cờ, tạo thế trận cho Quách Phụng Đạt tấn công. Thấy được cơ hội, cao thủ Trung Quốc liền tấn công rất mạnh mẽ. Đáng nói, các đường tấn công của đối thủ đều được Lại Lý Huynh hóa giải, phòng thủ một cách tối ưu. Bằng những nước cờ đỉnh cao, đại diện của Việt Nam dần chiếm ưu thế ở tàn cuộc. Thậm chí Lại Lý Huynh còn tỉnh táo xử lý “cái bẫy” thủ hòa của Quách Phụng Đạt ở những nước cuối để có được chiến thắng sau cùng. 💪Hòa thần đồng cờ tướng Trung Quốc Trước đó tại vòng 3 diễn ra vào trưa cùng ngày, Lại Lý Huynh có trận hòa trước Lưu Bách Hoành (17 tuổi), thần đồng cờ tướng của Trung Quốc khi vô địch châu Á năm 15 tuổi, á quân giải vô địch Trung Quốc năm 2025. Lại Lý Huynh sẽ đấu trận ""chung kết sớm"" của bảng B với Lưu Bách Hoành Mặc dù gặp bất lợi khi phải đi sau nhưng Lại Lý Huynh vẫn tạo được thế cờ nhỉnh hơn. Trước sức ép liên tục của Lại Lý Huynh, Lưu Bách Hoành có những nước đi phòng thủ hiệu quả nên cả 2 chấp nhận chia điểm. Với những kết quả này thì sau 4 vòng đấu, Lại Lý Huynh và Lưu Bách Hoành đang có cùng 8 điểm khi có cùng 2 chiến thắng và 2 trận hòa (thắng được 3 điểm, hòa được 1 điểm). Như vậy, trận đấu giữa Lại Lý Huynh và Lưu Bách Hoành tại lượt trận thứ 5 diễn ra vào lúc 13h ngày 27/2 sẽ là trận “chung kết sớm” của bảng B nhằm xác định tấm vé duy nhất vào bán kết. Đại diện của Việt Nam sẽ có lợi thế nhỏ khi có quyền đi trước. 🔥Ngũ Dương Bôi 2026 danh giá, khốc liệt ra sao? Ngũ Dương Bôi 2026 được chia làm 2 vòng, trong đó vòng loại của giải diễn ra từ ngày 29-31/1 còn vòng chung kết diễn ra từ ngày 25-2 đến 1-3 tại Quảng Châu (Trung Quốc). Tại vòng loại, toàn bộ 108 cao thủ mạnh nhất làng cờ tướng Trung Quốc đều phải tham gia nhằm chọn ra chỉ 15 suất dự vòng chung kết. Đáng chú ý sau vòng loại, hàng loạt cao thủ, trong đó có cả hạng 2 và hạng 3 cờ tướng Trung Quốc Mạnh Thần và Tào Nham Lỗi đều thất thủ. Điều này cho thấy sự khốc liệt và trình độ chuyên môn cực cao của các kỳ thủ tham dự. Đáng nói, vòng chung kết có 16 kỳ thủ và nhà đương kim vô địch thế giới Lại Lý Huynh là kỳ thủ quốc tế duy nhất được ban tổ chức trao suất đặc sắc, “chỉ mặt đặt tên” để mời tham dự giải. Đây là điều chưa từng có trong lịch sử của giải đấu đã có 32 lần tổ chức này. Một số ý kiến cho rằng việc Lại Lý Huynh giành chức vô địch thế giới, phá vỡ sự thống trị của cờ tướng Trung Quốc suốt hàng chục năm qua đã làm ban tổ chức quyết tâm mời anh tham dự giải đấu này. (Tin thể thao, tin cờ tướng) Giải Ngũ Dương Bôi 2026 khởi tranh tại Quảng Châu với 108 cao thủ cờ tướng Trung Quốc tranh vé vào vòng chung kết. Phần... Nguồn: [Link nguồn]Nguồn: [Link nguồn]"
c5767836402ea59aa115c6598d48c92e,"Alcaraz lại làm mới bản thân, có kế hoạch để thống trị mùa giải 2026",2026-02-26T09:00:00+00:00,24h,https://www.24h.com.vn/the-thao/alcaraz-lai-lam-moi-ban-than-co-ke-hoach-de-thong-tri-mua-giai-2026-c101a1739525.html,vi,trang-chu,alcaraz|tennis|quan vot|qatar open|the thao,,"Lưu bài viết thành công Bạn có thể xem lại bài viết đã lưu ở trangTin bài đã lưu CarlosAlcaraztiếp tục khiến làng banh nỉ thế giới phải ngả mũ khi duy trì phong độ hủy diệt ngay từ đầu mùa 2026. Tại Qatar Open ở Doha, tay vợt số 1 thế giới đã đánh bại Arthur Fils 6-2, 6-1 chỉ sau 50 phút. Danh hiệu này giúp Alcaraz nối dài chuỗi toàn thắng từ đầu năm lên 12 trận, đồng thời chạm mốc 30 trận thắng liên tiếp trên mặt sân cứng ngoài trời. Khoảng cách của anh vớiJannik Sinnertrên bảng xếp hạng ATP cũng được nới rộng lên 3.150 điểm, còn tổng số danh hiệu đơn trong sự nghiệp tăng lên con số 26. Alcaraz luôn làm mới mình và có kế hoạch cụ thể để đứng vững trên đỉnh cao quần vợt Thành công không chỉ là danh hiệu Dù đang đứng trên đỉnh cao, Alcaraz khẳng định anh vẫn chưa đạt tới giới hạn của mình. “Luôn luôn có chỗ để cải thiện. Tôi vẫn thấy bản thân có những điểm yếu. Tôi cố gắng hoàn thiện hơn trong tập luyện và thi đấu"", tay vợt người Tây Ban Nha nhấn mạnh. Với Alcaraz, thành công không đơn thuần được đo bằng số cúp vô địch. Anh cho rằng điều quan trọng hơn là sự trưởng thành cả trong lẫn ngoài sân đấu. “Tôi là một con người hoàn toàn khác so với năm 2022, khi lần đầu lên số 1 thế giới và giành Grand Slam đầu tiên. Tôi trưởng thành hơn, hiểu bản thân hơn và tận hưởng hành trình này”, anh chia sẻ. Trong hai năm qua, Alcaraz đã giành 5 danh hiệu Grand Slam, 4 Masters 1000 và 4 ATP 500. Tại Australian Open gần nhất, anh trở thành tay vợt nam trẻ nhất lịch sử hoàn tất bộ sưu tập 4 Grand Slam ở tuổi 22 và 272 ngày. Kế hoạch thống trị mùa giải 2026 Phong độ hoàn hảo đầu năm mới chỉ là bước khởi đầu. Alcaraz đặt mục tiêu kéo dài chuỗi thành tích 12-0 và hướng tới những danh hiệu lớn nhất trong năm. Lịch trình sắp tới của anh bao gồm Indian Wells Masters, nơi anh từng vô địch năm 2023, 2024 và Miami Open, giải đấu anh đăng quang năm 2022. Giai đoạn “Sunshine Double” cho tới Roland Garros sẽ đặc biệt quan trọng, khi Alcaraz phải bảo vệ tới 4.740 điểm ATP, nhiều hơn đáng kể so với 1.950 điểm của Sinner. Dù vậy, tay vợt số 1 thế giới cho biết anh không để áp lực chi phối. “Tôi chỉ tập trung vào bản thân khi bước ra sân. Tôi yêu quần vợt, yêu cảm giác thi đấu. Sau những lần chấn thương, tôi càng nhận ra mình may mắn thế nào khi được ra sân”, Alcaraz nói. Mục tiêu của anh rất rõ ràng, chinh phục Masters 1000 và Grand Slam, đặc biệt là Roland Garros, nơi anh có “những ký ức tuyệt vời” và đang háo hức trở lại. Với phong độ hiện tại cùng khát khao không ngừng hoàn thiện,Carlos Alcarazkhông chỉ đang chiến thắng, mà còn đang “làm mới” chính mình. Và nếu kế hoạch cải thiện liên tục ấy tiếp tục phát huy hiệu quả, mùa giải 2026 hoàn toàn có thể trở thành năm anh thống trị tuyệt đối làng quần vợt thế giới. Arsenal - Chelsea 01.03 Dự đoán tỷ số trận đấu.Cơ hội trúng ngay 500.000 đồng!!! (Tin thể thao - Tin tennis) Carlos Alcaraz thể hiện đẳng cấp vượt trội khi mất chưa đầy 1 tiếng để kết thúc trận đấu. Nguồn: [Link nguồn]Nguồn: [Link nguồn]"
43c3aca944e4e7656e2bf1184e933b81,"Tennis đỉnh cao thế giới: Medvedev thị uy Brooksby, sao 20 tuổi thách thức giới hạn",2026-02-26T06:00:00+00:00,24h,https://www.24h.com.vn/the-thao/tennis-dinh-cao-the-gioi-medvedev-thi-uy-brooksby-sao-20-tuoi-thach-thuc-gioi-han-c101a1740082.html,vi,trang-chu,tennis dinh cao|dinh cao quan vot|quan vot hom nay|nhan dinh tennis|nhan dinh the thao|the thao,,"Lưu bài viết thành công Bạn có thể xem lại bài viết đã lưu ở trangTin bài đã lưu Daniil Medvedev - Jenson Brooksby: Khoảng 17h, 26/2 (tứ kết đơn nam Dubai) Tứ kết DubaiTennisChampionships 2026 là phép thử bản lĩnh giữa Daniil Medvedev và Jenson Brooksby trên mặt sân cứng sở trường của tay vợt Nga. Medvedev (bên trái) đang có phong độ rất tốt Medvedev đang vào guồng, hạ Shang gọn gàng, sau đó khóa chặt Wawrinka 6-2, 6-3 bằng lối đánh sòng phẳng, sâu và khả năng trả giao bóng thuộc hàng ưu tú. Dubai từng chứng kiến anh đăng quang năm 2023, và cảm giác kiểm soát nhịp độ tại đây vẫn rất rõ ràng. Brooksby hồi sinh đúng lúc, chấm dứt chuỗi thua bằng hai chiến thắng thuyết phục, đặc biệt là trước Khachanov. Lối chơi phá nhịp, đổi tiết tấu liên tục của tay vợt Mỹ có thể gây khó chịu, nhưng để xuyên thủng hệ thống phòng ngự, phản công của Medvedev trên sân cứng nhanh là bài toán khác hẳn. Nếu giữ được sự điềm tĩnh, Medvedev có đủ chiều sâu chiến thuật lẫn hỏa lực để áp đặt thế trận. Dự đoán kết quả: Medvedev thắng 2-0. Jakub Mensik - Tallon Griekspoor: Khoảng 23h30, 26/2 (tứ kết đơn nam Dubai) Tứ kết Dubai Tennis Championships 2026 tiếp tục chứng kiến làn gió trẻ trung mang tên Jakub Mensik đối đầu tay vợt Hà Lan dày dạn Tallon Griekspoor trên mặt sân cứng Dubai. Mensik, 20 tuổi (bên trái) càng đánh càng hay Mensik đang ở trạng thái gần như bùng nổ. Chiến thắng 6-3, 6-2 trước Alexei Popyrin giúp hạt giống số 6 nâng thành tích lên 12 trận thắng trong 14 trận gần nhất, con số cho thấy sự ổn định đáng nể của tay vợt mới 20 tuổi. Lối chơi giao bóng uy lực kết hợp cú đánh “serve plus one” (Giao bóng + cú đánh ngay sau đó) cực nhanh giúp anh thường xuyên chiếm thế chủ động ngay từ hai chạm bóng đầu tiên. Griekspoor cũng không kém cạnh khi loại hạt giống số 2 Alexander Bublik 6-3, 7-6, trận đấu thể hiện bản lĩnh và khả năng giữ nhịp tốt trong loạt tie-break. Tay vợt Hà Lan đang tìm lại phong độ đỉnh cao với cấu trúc tấn công tương đồng Mensik, giao bóng tốt, đánh thuận tay sớm, kết thúc điểm gọn. Dù vậy, sự khác biệt nằm ở độ sắc bén trong các pha chuyển trạng thái và mức tự tin hiện tại. Mensik đang chơi thứ tennis đầy năng lượng, quyết đoán ở thời điểm then chốt và ít dao động tâm lý hơn trong các game giao bóng áp lực. Dự đoán kết quả: Jakub Mensik thắng 2-0. Lịch thi đấu tennis ngày 26-27/2 Thời gian Trận đấu Trực tiếp Tennis ATP 500 -Dubai Championships - tứ kết Thứ năm, 26/02/2026 17:00 On Sports 19:00 On Sports 22:00 On Sports 23:30 On Sports Tennis ATP 500 -MexicanOpen- vòng 2 Thứ năm, 26/02/2026 07:00 Alexander Zverev Miomir Kecmanovic On Sports 07:00 Dalibor Svrcina Flavio Cobolli On Sports 07:00 Terence Atmane Rafael Jodar On Sports 08:30 Brandon Nakashima Patrick Kypson On Sports 08:30 Frances Tiafoe Aleksandar Kovacevic On Sports 08:30 Wu Yibing Sho Shimabukuro On Sports 10:00 Mattia Bellucci Alejandro Davidovich Fokina On Sports 10:00 Valentin Vacherot Gael Monfils On Sports Tennis ATP 250 -Chile Open- vòng 2 Thứ năm, 26/02/2026 Thứ sáu, 27/02/2026 Tennis WTA 500 -Merida Open Akron- vòng 2 Thứ năm, 26/02/2026 03:00 Magda Linette Victoria Jimenez Kasintseva 04:30 Emiliana Arango Marie Bouzkova 07:00 Katie Boulter Maria Osorio 08:30 Cristina Bucsa Marina Stakusic Tennis WTA 250 -Austin Open- vòng 2 Thứ năm, 26/02/2026 01:00 Kamilla Rakhimova Oksana Selekhmeteva 01:00 Rebeka Masarova Whitney Osuigwe 02:30 Nikola Bartunkova Taylor Townsend 08:30 Yue Yuan Dalma Galfi Arsenal - Chelsea 01.03 Dự đoán tỷ số trận đấu.Cơ hội trúng ngay 500.000 đồng!!! (Tin thể thao, tin tennis) Medvedev tái ngộ Wawrinka, Draper chạm trán Rinderknech ở vòng 2 Dubai 2026, bên cạnh đó Zverev chơi trận tiếp theo ở... Nguồn: [Link nguồn]Nguồn: [Link nguồn]"
f7f3e5fdc809912fb1d3a9ade3b9c38a,Siêu kinh điển vật hội làng Việt Nam: Ngôi sao đẳng cấp thế giới vất vả trước đô cử 100kg,2026-02-26T03:00:00+00:00,24h,https://www.24h.com.vn/the-thao/sieu-kinh-dien-vat-hoi-lang-viet-nam-ngoi-sao-dang-cap-the-gioi-vat-va-truoc-do-cu-100kg-c101a1740128.html,vi,trang-chu,dai do the cu|the cu|zakhar|dau vat|the thao,,"Lưu bài viết thành công Bạn có thể xem lại bài viết đã lưu ở trangTin bài đã lưu Trong không khí rộn ràng đầu xuân, khi tiếng trống hội vang lên giữa sân đình và vòng người ken kín quanh sới vật, một cái tên ngoại quốc đã trở nên lôi cuốn với hội làng Việt Nam suốt hai năm liên tiếp, Zakhar Dzmitrychenka, đô vật người Belarus được khán giả trìu mến gọi là “Ông Tây” hay “Thần Sấm”. Thế Cử (bên trái) hòa Zakhar (bên phải) sau 10 hiệp đấu năm 2025. Ảnh Đào Hồng Sơn Sở hữu nền tảng vật cổ điển châu Âu đỉnh cao, từng vô địch quốc gia Belarus và giành huy chương đồng thế giới, Zakhar bước vào các sới vật truyền thống Việt Nam với phong thái chuyên nghiệp, thể lực sung mãn và lối đánh mạnh mẽ. Ở tuổi 29, cao 1m81, nặng 85kg, lại có kinh nghiệm thi đấu MMA tại LION Championship, anh nhanh chóng tạo nên cơn sốt khi liên tiếp đánh bại nhiều đô vật bản địa, kể cả những người có nền tảng chuyên nghiệp. Tại các sới vật nổi tiếng như Triều Khúc (Hà Nội) hay Phù Khê (Bắc Ninh), Zakhar gần như không gặp đối thủ xứng tầm. Nhưng tại Ngô Sài, Quốc Oai (Hà Nội) chiều 25/2, Zakhar đã gặp đối thủ xứng tầm, đó là Nguyễn Thế Cử, người thi đấu 2 năm, 15 hiệp với Zakhar và họ vẫn bất phân thắng bại. Trận hòa 18 phút làm thay đổi cách nhìn Ngày 11/2/2025 tại Đông Anh (Hà Nội), Zakhar chạm trán Nguyễn Thế Cử, cựu vận động viên từng 9 năm liền vô địch vật cổ truyền toàn quốc, hiện là huấn luyện viên thể thao tại Vĩnh Phúc. Với trọng lượng hơn 100kg, kinh nghiệm dày dạn và lối đánh đậm chất truyền thống, Thế Cử được xem là đối thủ nội địa nặng ký nhất mà Zakhar từng đối mặt. Trận đấu hôm đó kéo dài 18 phút với 10 hiệp căng thẳng, điều hiếm thấy ở các sới vật hội làng vốn thường kết thúc khá nhanh khi có chênh lệch trình độ. Thế Cử không hề lép vế trước nền tảng vật cổ điển của Zakhar, trái lại anh nhiều lần chủ động áp sát, khóa thế và tận dụng lợi thế thể hình để gây sức ép. Đáng chú ý, Thế Cử có hai tình huống khiến khán giả vỡ òa, một pha suýt đè ngửa được Zakhar và một lần ép đối thủ rơi vào thế bất lợi buộc Zakhar phải bò ra khỏi sàn để thoát hiểm, một chiến thuật hợp lệ trong luật vật truyền thống. Hình ảnh “Ông Tây” phải lùi bước ấy đã tạo nên khoảnh khắc đáng nhớ, cho thấy Zakhar không còn ở thế một mình một ngựa. Dù vậy, với sự lì lợm và khả năng phòng thủ chắc chắn, Zakhar vẫn đứng vững. Trận đấu khép lại với kết quả hòa, hai bên chia giải thưởng, nhưng dư âm đọng lại trong lòng người hâm mộ là sự thừa nhận dành cho Thế Cử, người đầu tiên của vật Việt Nam khiến Zakhar phải chật vật. Gặp lại Thế Cử (quần xanh) tại sới Ngô Sài năm 2026, Zakhar (quần đen) vẫn chưa thể thắng Mùng 9 Tết 2026 ở Ngô Sài: Kịch bản lặp lại Nếu trận hòa ở Đông Anh còn có thể được xem là một bất ngờ thú vị, thì màn tái đấu ngày 25/2/2026 (mùng 9 Tết) tại lễ hội vật truyền thống Ngô Sài, Quốc Oai (Hà Nội) đã biến cuộc đối đầu này thành một cặp đấu kinh điển của vật hội làng. Trong lần tái ngộ, Thế Cử, đô vật trên 100kg từng 9 lần vô địch quốc gia, bước lên sới với sự tự tin của người đã hiểu rõ đối thủ. Zakhar cũng không còn lạ lẫm với phong cách vật cổ truyền Việt Nam. Cả hai nhập cuộc thận trọng nhưng quyết liệt, liên tục đổi thế công, thủ trong tiếng reo hò của khán giả. Sau 3 hiệp chính đầy giằng co và 2 hiệp phụ căng thẳng, cục diện vẫn không thay đổi. Không có pha quật ngã quyết định, không có khoảnh khắc lật kèo ngoạn mục. Hai đô vật rời sới trong sự tôn trọng lẫn nhau, khi tổ trọng tài tiếp tục đưa ra kết quả hòa. Như vậy, chỉ trong hai năm, Zakhar và Thế Cử đã so tài tổng cộng 15 hiệp (13 hiệp chính, 2 hiệp phụ). Zakhar vẫn giữ thành tích bất bại tại các sới vật Việt Nam, nhưng trước Thế Cử, anh cũng chưa thể nếm mùi chiến thắng. Arsenal - Chelsea 01.03 Dự đoán tỷ số trận đấu.Cơ hội trúng ngay 500.000 đồng!!! (Tin thể thao, tin đấu vật) Mùa hội vật xuân 2026 sôi động với ngôi sao trong nước và đô vật quốc tế, mang đến những màn thách đấu kịch tính, giàu... Nguồn: [Link nguồn]Nguồn: [Link nguồn]"
b7b41172f1a2c726bbd8152239eb3316,Chung Lệ Đề trở lại Việt Nam,2026-02-26T08:55:00+00:00,24h,https://www.24h.com.vn/giai-tri/chung-le-de-tro-lai-viet-nam-c731a1740309.html,vi,trang-chu,Chung Lệ Đề|Biểu tượng gợi cảm|Diêu Lạc Di|Tết Nguyên đán|Phú Quốc|Bính Ngọ|nghỉ Tết|báo 24h|giải trí 24h,,"Lưu bài viết thành công Bạn có thể xem lại bài viết đã lưu ở trangTin bài đã lưu Ngày 25/2, Ifeng đưa tin Chung Lệ Đề gây chú ý khi chia sẻ lên trang cá nhân khoảnh khắc đi nghỉ Tết cùng gia đình. Trong video “biến hình” đăng ngày 24/2, biểu tượng gợi cảm Hong Kong nắm tay chồng, diễn viên Trương Luân Thạc, và các con gái check-in ở sân bay. Sau cái xoay người, gia đình năm người đổi địa điểm sang bãi biển và đã thay trang phục khác. Bối cảnh trong video tiết lộ gia đình Chung Lệ Đề chọn đảo Phú Quốc làm nơi nghỉ dưỡng trong kỳ nghỉ Tết Nguyên đán Bính Ngọ 2026. Chung Lệ Đề cùng gia đình nghỉ Tết ở Phú Quốc. Bên cạnh những lời chúc mừng năm mới, người hâm mộ dành nhiều lời khen cho ngoại hình đồng đều của 5 thành viên. Dù đã bước sang tuổi 56, Chung Lệ Đề vẫn giữ được sắc vóc trẻ trung thách thức thời gian, xứng danh “biểu tượng gợi cảm” châu Á một thời. Trương Luân Thạc lộ thân hình rắn rỏi, cơ bắp khi mặc áo ba lỗ đen kết hợp quần thụng đồng màu. Ba con gái Yasmine Ross (có với chồng đầu Glen Ross), Tư Tiệp và Khải Lâm (có với chồng hai, nhạc sĩ Đài Loan Nghiêm Chấn Tường) đều thừa hưởng được nét đẹp từ mẹ, từ gương mặt đến vóc dáng. Chung Lệ Đề được sinh ra và lớn lên ở Canada, nhưng cha cô là người Việt gốc Hoa, mẹ cũng là người Việt. Dù không sống ở Việt Nam, nữ diễn viên 7X chưa từng quên gốc gác. Cô thường cùng mẹ nấu món ăn quê hương. Cuối năm 2025, ngôi sao Thiên long bát bộ chia sẻ video diện áo dài, giới thiệu món phở do mẹ cô nấu. Chung Lệ Đề không phải ngôi sao Hong Kong duy nhất chọn Phú Quốc làm điểm đến trong dịp Tết Nguyên đán năm nay. Theo TVB, trong nhiều ngày qua, Diêu Lạc Di liên tục chia sẻ những khoảnh khắc vui vẻ về kỳ nghỉ trên trang cá nhân. Gia đình Diêu Lạc Di cũng chọn Phú Quốc làm điểm đến dịp Tết Nguyên đán. Trong một bài đăng, cô viết: “Ngắm hoàng hôn trên đảo Phú Quốc, vừa dùng bữa tối cùng những người thân yêu, thực sự là khoảnh khắc rất đẹp và yên bình”. Bức ảnh đính kèm có thể thấy Diêu Lạc Di xuất hiện với mái tóc hồng, mặc áo trễ vai màu hồng phối cùng váy dài trắng, được chồng ôm đầy ngọt ngào, toát lên vẻ trẻ trung, nữ tính. Ở bức ảnh khác, cô thay sang bộ đồ bơi cổ yếm màu đen, khoe xương quai xanh quyến rũ cùng làn da trắng mịn. Con gái 10 tuổi của Diêu Lạc Di cũng xuất hiện với cha mẹ trong nhiều khung hình. Cô bé được khen thừa hưởng vẻ đẹp từ người mẹ nổi tiếng. Diêu Lạc Di, năm nay 52 tuổi, từng là thành viên của nhóm Điện Ba Thiếu Nữ thuộc TVB. Cô góp mặt trong nhiều bộ phim truyền hình kinh điển như Nữ cảnh sát, Cỗ máy thời gian, Sưu thần truyền… Cô cùng Xa Thi Mạn, Thang Doanh Doanh, Lương Tĩnh Kỳ, Văn Tụng Nhàn, Chung Lệ Kỳ, Châu Gia Úy tạo thành nhóm “Thất ma nữ”. Nhiều năm qua, họ vẫn thường xuyên tụ họp, duy trì tình bạn bền chặt. Truyền thông xứ Trung vừa xôn xao trước loạt ảnh phơi bày nhan sắc tiều tụy của Trịnh Sảng. Nữ diễn viên hiện phải đối mặt với áp lực nợ nần cùng hàng... Nguồn: [Link nguồn]Nguồn: [Link nguồn]"
524d3900c6056da996e6ab505083917d,Minh Trang khiến khán giả đòi bỏ phim,2026-02-26T03:54:51+00:00,24h,https://www.24h.com.vn/giai-tri/minh-trang-khien-khan-gia-doi-bo-phim-c731a1740277.html,vi,trang-chu,Minh Trang|Steven Nguyễn|Không giới hạn|Tô Dũng|Anh Đào|phim Việt|giải trí 24h|báo 24h,,"Lưu bài viết thành công Bạn có thể xem lại bài viết đã lưu ở trangTin bài đã lưu Giọng thoại thiếu tự nhiên của Minh Trang làm hỏng nhân vật. Bộ phim truyền hình Không giới hạn đã phát sóng đến tập 12 với hành trình chinh phục Trung tá Minh Kiên (Steven Nguyễn thủ vai) của Thiếu tá Lam Anh (Minh Trang). Tuy nhiên, khi phân cảnh của Minh Trang xuất hiện càng nhiều, khán giả càng cảm thấy khó chịu vì diễn xuất đơ cứng và lời thoại thiếu tự nhiên của cô. Trên các trang mạng của VTV, nhiều khán giả để lại bình luận cho biết vì không thích giọng thoại và cách diễn của Minh Trang nên họ đã bỏ phim. ""Nghe giọng nữ chính như đang đóng kịch ấy. Tụt hết cả mood"", ""Mắt mình bị méo hay sao ấy nhỉ? Nhìn khẩu hình em ấy cứ méo méo"", ""Nữ chính đang đọc lời thoại chứ không phải nói chuyện"", ""Giờ tiêu chuẩn chọn nữ chính thấp thật"", ""Nghe giọng bạn này xong chỉ muốn tua nhanh để xem Khánh Linh"", ""Giờ thì nữ chính kéo nam chính xuống luôn"", ""Nghe giọng bạn nữ chính này như kiểu đang tập kịch"", ""Thoại bạn này không hay thật"", ""Bạn nữ này thoại chán quá. Cứ như kiểu đang đọc lại kịch bản ấy"", khán giả khó chịu khi nghe giọng thoại đều đều không cảm xúc của Minh Trang. Khán giả bỏ phim vì nữ chính diễn chán. Steven Nguyễn và Minh Trang bị đánh giá không tạo được tương tác ăn ý với nhau. Giọng thoại là một trong những yêu cầu quan trọng trong kỹ năng diễn xuất của diễn viên. Khả năng đọc thoại tốt thể hiện cảm xúc tính cách bối cảnh của nhân vật, thậm chí có thể đẩy cao trào phim lên cao. Vì vậy, việc Minh Trang đọc thoại khó nghe khiến khán giả không muốn theo dõi bộ phim cũng là điều dễ hiểu. Trước đó, Minh Trang chia sẻ vai diễn Lam Anh liên quan đến mảng an ninh mạng nên có nhiều thuật ngữ khó khiến nữ diễn viên phải dồn sức vào học lời thoại. Tuy nhiên, khán giả chưa thấy được hiệu quả trong quá trình học của nữ diễn viên. Minh Trang sinh năm 1995, từng nổi tiếng một thời với biệt danh ""Hot girl Đại học Sân khấu - Điện ảnh Hà Nội"". Nữ diễn viên có gương mặt thanh tú, vóc dáng cao ráo với chiều cao 1,7 m, thân hình gợi cảm. Sắc vóc của Minh Trang nổi bật, thậm chí được khán giả khen ngợi không kém các hoa hậu, cô cũng từng được gọi là ""Baifern phiên bản Việt"". Bản thân nữ diễn viên cũng thừa nhận ngoại hình đem đến cho cô nhiều cơ hội tốt, giúp Minh Trang nhận được các dự án phim ảnh hoặc quay MV. Minh Trang từng tham gia các tác phẩm như Bạch mã hoàng tử, Cây táo nở hoa, Tình khúc Bạch Dương, Chọc tức vợ yêu... Ngoài ra, nữ diễn viên còn xuất hiện trong các MV của Min, Noo Phước Thịnh... Trong trang phục người lính, Minh Trang nhìn già dặn hơn. Đây có lẽ là vai diễn không dành cho cô. Không giới hạn có nội dung đề cập đến đơn vị cứu hộ, cứu nạn. Các cảnh quay về sự cố thiên tai trong phim được quay chân thực khiến người xem cảm thấy mới lạ. Bên cạnh đó, phim còn là câu chuyện về mối tình của người lính, nhân viên làm công tác cứu nạn. Với đặc thù nghề nghiệp nhiều hiểm nguy nghề nghiệp, có những lúc họ phải hy sinh tình thân tình yêu vì nhiệm vụ. Diễn viên Minh Trang đảm nhận vai Thiếu tá Lam Anh trong phim ""Không giới hạn"" sở hữu ngoại hình xinh đẹp, quyến rũ, phong cách thời trang hiện đại. Nguồn: [Link nguồn]Nguồn: [Link nguồn]"
efa7d20875817b706c3a445fe319672e,"Mỹ nhân TVB tắm nắng, đánh golf ở Hội An",2026-02-26T02:58:55+00:00,24h,https://www.24h.com.vn/giai-tri/my-nhan-tvb-tam-nang-danh-golf-o-hoi-an-c731a1740241.html,vi,trang-chu,Hà Nhạn Thi|Sao TVB|Đà Nẵng|giải trí 24h|báo phụ nữ|báo gia đình,,"Lưu bài viết thành công Bạn có thể xem lại bài viết đã lưu ở trangTin bài đã lưu Trên trang cá nhân, Hà Nhạn Thi khoe khoảnh khắc thư giãn bên bể bơi của New World Hoiana Beach Resort. Cô mặc áo tắm hai mảnh, trang điểm nhẹ. Hà Nhạn Thi khoe vóc dáng bốc lửa trên bãi biển kèm dòng trạng thái: 'Vì cuộc sống rất ngắn'. Mỹ nhân TVB cũng dành thời gian cho bộ môn thể thao yêu thích là golf. Cô chơi tại Hoiana Shores Golf Club, sân golf nằm ngay trong khu resort. Hà Nhạn Thi kết hôn với ca sĩ Trịnh Tuấn Hoằng vào năm 2020, sinh con năm 2022. Con trai cô được chẩn đoán mắc hội chứng Angelman hiếm gặp, tuy nhiên gia đình và diễn viên vẫn giữ thái độ lạc quan, tích cực. Gần đây, cô phát hành bài hát mới 'Dancing on a Deserted Island' và nhận được nhiều lời khen ngợi. Diễn viên chia sẻ hình ảnh khi dạo chơi Hội An. Hà Nhạn Thi là ca sĩ và diễn viên người Hong Kong, sinh ngày 2/11/1992, từng là gương mặt quen thuộc của đài TVB. Cô bắt đầu được chú ý khi tham gia cuộc thi ca hát T'he Voice' phiên bản Hong Kong, gây ấn tượng với chất giọng trong trẻo và cảm xúc. Sau đó, cô ký hợp đồng với TVB và góp mặt trong nhiều bộ phim truyền hình, đồng thời phát triển sự nghiệp âm nhạc với các ca khúc nhạc phim. Cô được đánh giá cao nhờ hình ảnh trẻ trung, năng động và khả năng biểu diễn đa lĩnh vực. Trong sự nghiệp, cô từng phát hành các đĩa đơn và biểu diễn tại nhiều sự kiện lớn ở Hong Kong và khu vực. Ngoài nghệ thuật, đời tư của cô cũng nhận được sự quan tâm. Cặp nghệ sĩ được công chúng ủng hộ và thường chia sẻ cuộc sống gia đình trên mạng xã hội. Năm 2023, cô lần đầu chia sẻ bệnh tình của con trai, bé được chẩn đoán mắc hội chứng hiếm gặp, và tích cực tham gia hoạt động nâng cao nhận thức cộng đồng. Hong Kong - Diễn viên Xa Thi Mạn, 50 tuổi, cho biết đã lập di chúc với mong muốn phân định tài sản cá nhân rõ ràng. Nguồn: [Link nguồn]Nguồn: [Link nguồn]"
71cd0d6cfc036616e4db78f9b2ba06a3,Trường Giang bị hất văng,2026-02-26T01:06:02+00:00,24h,https://www.24h.com.vn/giai-tri/truong-giang-bi-hat-vang-c731a1740136.html,vi,trang-chu,phim Tết|Báu vật trời cho|Trường Giang|phòng vé|đánh bại Trấn Thành|bán vé|rạp Việt|sao Việt|báo phụ nữ|báo gia đình,,"Lưu bài viết thành công Bạn có thể xem lại bài viết đã lưu ở trangTin bài đã lưu Trước khi cuộc đấu Tết Bính Ngọ chính thức bước vào giai đoạn cao điểm, bảng xếp hạng phòng vé gần như mặc định vị trí số một và thứ hai thuộc về Thỏ ơi của Trấn Thành và Nhà ba tôi một phòng của Trường Giang. Ở giai đoạn bán vé sớm, hai bộ phim liên tục so kè từng suất chiếu, tạo thế song mã rõ rệt. Đứng thứ ba khi đó là Mùi phở, còn Báu vật trời cho bị xếp cuối trong nhóm phim Tết, ít được nhắc đến trong các cuộc so sánh doanh thu đặt trước. Trong những ngày cao điểm Tết, cục diện càng rõ ràng. Thỏ ơi liên tục giữ vị trí số một, còn phim của Trường Giang yên vị ở vị trí thứ hai. Mùi phở và Báu vật trời cho “ngậm ngùi” xếp sau hai cái tên có lợi thế truyền thông vượt trội. Số liệu cuối tuần trước cho thấy khoảng cách đáng kể giữa các phim. Bỏ qua phim của Trấn Thành, vị trí thứ hai là Nhà ba tôi một phòng với 41.7 tỷ đồng (412.204 vé/4.761 suất chiếu), trong khi Báu vật trời cho dừng ở 28 tỷ đồng (262.068 vé/3.161 suất). Khoảng cách hơn 13 tỷ đồng đủ để khẳng định lợi thế nghiêng về phía Trường Giang. Nhà ba tôi một phòng tụt hạng sau một tuần đứng vị trí thứ hai trên bảng xếp hạng doanh thu ngày. Tuy nhiên, sau một tuần miệt mài đua nhau ngoài rạp Việt, ngày 24/2 cho thấy rạp Việt có sự dịch chuyển. Thỏ ơi tiếp tục dẫn đầu với 25,31 tỷ đồng (329.584 vé/4.317 suất chiếu). Bất ngờ nằm ở vị trí thứ hai là Báu vật trời cho thu 6,02 tỷ đồng (78.860 vé/1.580 suất), vượt Nhà ba tôi một phòng đạt 5,75 tỷ đồng (75.893 vé/1.814 suất chiếu). Điều đáng nói, dù có ít suất chiếu hơn, Báu vật trời cho lại bán được nhiều vé hơn phim của Trường Giang, cho thấy tỷ lệ lấp đầy rạp cao hơn. Từ vị trí bị xem là “ngoài cuộc chơi”, bộ phim của Lê Thanh Sơn đã tạo ra cú đảo chiều bất ngờ nhất kể từ đầu mùa phim Tết. Cú đảo chiều ngày 24/2 không chỉ là thay đổi vị trí, mà là tín hiệu tích cực và đáng mừng cho Báu vật trời cho, bộ phim vốn bị xem là “ngoài cuộc chơi” truyền thông. Ngay từ ban đầu, Nhà ba tôi một phòng chọn hướng đi an toàn. Phim khai thác thương hiệu cá nhân Trường Giang và tệp khán giả gia đình. Phim không gắn nhãn 18+, không có chi tiết gây tranh cãi mạnh, tập trung vào yếu tố tình thân. Nhờ đó, Trường Giang “lẳng lặng thu tiền khán giả”, với tổng doanh thu hiện vào khoảng hơn 91,8 tỷ đồng. Tuy nhiên, khi cuộc đua phòng vé nóng lên, các ê-kíp Thỏ ơi và Mùi phở tung chiêu truyền thông seeding, cầu cứu... phía Trường Giang bắt đầu đáp trả bằng loạt chiến dịch truyền thông. Tận dụng lợi thế ""phim gia đình đáng xem"", mạng xã hội xuất hiện nhiều bài đăng cho thấy Nhà ba tôi một phòng bỗng “full phòng” dù ít suất chiếu. Ngay cả nhà sản xuất - đạo diễn Trường Giang không chịu đứng yên. Anh chia sẻ hình ảnh nhiều cụm rạp kín ghế được, thậm chí có ý tưởng làm phần tiếp theo mang tên Nhà ba tôi nhiều phòng như cách khẳng định sức hút. Đồng thời, hình ảnh Trường Giang xuất hiện dày đặc tại các buổi cinetour, hay khoảnh khắc anh đề nghị hỗ trợ viện phí cho một khán giả 20 tuổi có mẹ đang điều trị bệnh… xuất hiện khắp nơi. Tất cả nằm trong chiến lược duy trì sức nóng doanh thu. Giữa cuộc cạnh tranh ồn ào của mùa phim Tết, Báu vật trời cho không phải cái tên chiếm sóng truyền thông. Phim không tạo tranh luận dữ dội, không có phát ngôn gây sốc, cũng không dựa vào hình ảnh “ông hoàng phòng vé” để kéo sự chú ý. Trong phần lớn thời gian đầu, tác phẩm của Lê Thanh Sơn đứng ở nhóm sau trong bảng tổng sắp, với lượng suất chiếu khiêm tốn. Tuy vậy, biểu đồ doanh thu của phim lại đi theo hướng ổn định, cho thấy tính bền bỉ của ngựa ô mang tên Báu vật trời cho. Hiện tại, tổng doanh thu của phim có Tuấn Trần, Phương Anh Đào đạt khoảng 61,6 tỷ đồng. Báu vật trời cho chứng minh vị thế ""ngựa chạy đường dài"" trong cuộc đua nghìn tỷ đồng. So với xuất phát điểm thấp, ít vé đặt trước, ít suất chiếu ở nhiều cụm rạp, đây là mức tăng trưởng đáng chú ý. Mốc 100 tỷ đồng từng bị xem là ngoài tầm với, giờ không còn quá xa với Báu vật trời cho nếu nhịp bán vé được duy trì, yếu tố truyền miệng được đẩy mạnh. Theo ghi nhận của Tiền Phong, không ít chuyên gia, giới làm phim bày tỏ sự tiếc nuối cho trường hợp của Báu vật trời cho. Ở thời điểm ra rạp, phim không có lợi thế về suất chiếu lẫn độ phủ truyền thông, trong khi nội dung lại thuộc nhóm dễ tiếp cận nhất mùa Tết. Phim khai thác câu chuyện một người mẹ đơn thân rời bỏ quá khứ để bắt đầu lại. Tuyến tình cảm giữa nhân vật của Phương Anh Đào và Tuấn Trần được triển khai theo hướng tiết chế, không đẩy cao kịch tính. Các mảng miếng hài xoay quanh nhân vật “tổng tài” doQuách Ngọc Ngoanthể hiện tạo nhiều tiếng cười. Bối cảnh làng biển và lễ Nghinh Ông mang lại màu sắc văn hóa địa phương, phù hợp không khí Tết. Tổng thể phim giữ được sự cân bằng giữa yếu tố giải trí và thông điệp về gia đình, tình thân. Đây là điều mà nhiều chuyên gia cho rằng phù hợp với không khí Tết nhưng lại không được hậu thuẫn tương xứng về truyền thông lẫn suất chiếu. Sau tất cả, việc Báu vật trời cho hất văng Nhà ba tôi một phòng cho thấy bộ phim ít ồn ào hoàn toàn có khả năng bứt tốc doanh thu, khẳng định vị thế ""ngựa chạy đường dài"" trong cuộc đua nghìn tỷ đồng nếu đó là tác phẩm chất lượng. ""Thỏ ơi"" - do Trấn Thành đạo diễn - cạnh tranh ""Nhà ba tôi một phòng"" của Trường Giang, ""Mùi phở"" và ""Báu vật trời cho"" dịp Tết 2026. Nguồn: [Link nguồn]Nguồn: [Link nguồn]"
ef07995b8b7e8e5ed2377cd864c43c97,Steven Nguyễn – Một thập kỷ đi chậm để bước ra ánh sáng,2026-02-25T23:04:00+00:00,24h,https://www.24h.com.vn/giai-tri/steven-nguyen-mot-thap-ky-di-cham-de-buoc-ra-anh-sang-c731a1738884.html,vi,trang-chu,Steven Nguyễn|Nguyễn Huy|sinh năm 1991|Mưa Đỏ|vai Quang|soái ca phản diện|Bi Long đại ca|Hùng Long Phong Bá 3|Không Giới Hạn|VTV giờ vàng|bao phu nu|bao 24h,,"Lưu bài viết thành công Bạn có thể xem lại bài viết đã lưu ở trangTin bài đã lưu Trong dòng chảy của điện ảnh Việt, không thiếu những gương mặt nổi lên rất nhanh, cũng không hiếm những diễn viên bền bỉ nhiều năm nhưng chỉ quanh quẩn ở vùng an toàn. Steven Nguyễn thuộc nhóm thứ ba – những người đi rất lâu, rất chậm, và chỉ thực sự được gọi tên khi đã đi qua phần khó nhất của hành trình. Sinh năm 1991, tên thật Nguyễn Huy, Steven Nguyễn không bước vào nghề bằng con đường thuận lợi. Anh từng thi trượt Đại học Sân khấu – Điện ảnh, một cột mốc tưởng như có thể khép lại giấc mơ diễn xuất với nhiều người. Nhưng thay vì dừng lại, Steven chọn cách khác: đi vòng. Con đường ấy dài hơn, tốn nhiều thời gian hơn và ít được chú ý hơn, nhưng cũng là con đường anh kiên trì theo đuổi suốt hơn một thập kỷ. Mười năm đi chậm trong nghề diễn Hơn 10 năm làm nghề, Steven Nguyễn xuất hiện trong nhiều dự án với đủ loại vai trò: từ web-drama, phim truyền hình đến điện ảnh. Anh từng nhận những vai nhỏ, vai phụ, thậm chí là vai quần chúng. Có thời điểm, để duy trì cuộc sống và tiếp tục bám trụ với nghề, Steven làm nhiều công việc khác nhau như soát vé sân khấu, nhận vai quần chúng, di chuyển liên tục giữa các địa điểm quay. Có lúc, anh chỉ được quay vài phân cảnh, nhưng vẫn chấp nhận lặn lội tới tỉnh xa. Đó là giai đoạn mà tên tuổi của Steven Nguyễn “đủ để không bị quên”, nhưng chưa đủ để tạo dấu ấn rõ ràng. Anh đi casting hàng chục lần và không ít lần bị loại ngay từ vòng đầu. Những lần bị từ chối diễn ra lặp đi lặp lại, khiến hành trình theo nghề trở nên nặng nề và đầy thử thách. Tuy vậy, Steven vẫn tiếp tục xuất hiện trong các dự án nhỏ, kiên trì tích lũy kinh nghiệm, chờ một cơ hội đủ lớn để bứt ra khỏi quỹ đạo quen thuộc. Steven Nguyễn thời đóng ""Bi Long đại ca"" Bước ngoặt đầu tiên đến vào năm 2020, khi Steven Nguyễn tham gia series web-drama “Bi Long đại ca”. Trong vai Bi Long – một nhân vật giang hồ vừa mạnh mẽ vừa giàu cảm xúc – anh bắt đầu được chú ý nhiều hơn. Ngoại hình nam tính, khả năng võ thuật và phong thái màn ảnh giúp Steven tạo được dấu ấn nhất định trong dòng phim hành động chiếu mạng. Tuy nhiên, cú hích này vẫn chưa đủ mạnh để đưa anh thoát khỏi hình ảnh một diễn viên quen mặt trong các dự án web-drama. Sau “Bi Long đại ca”, Steven Nguyễn tiếp tục góp mặt trong một số dự án như “Hùng Long Phong Bá”, “Bạn gái tôi là trùm trường”… Dù có thêm khán giả, vị trí của anh trong làng phim ảnh vẫn chưa thực sự thay đổi. Những vai diễn hành động tiếp nối nhau giúp Steven giữ được nhịp làm nghề, nhưng chưa tạo ra một bước ngoặt rõ ràng về mặt hình ảnh và vị thế. Sự thay đổi chỉ thực sự đến khi “Mưa đỏ” ra mắt. Trong bộ phim này, Steven Nguyễn vào vai Quang – một sĩ quan ở phía đối lập. Trên kịch bản, đây là dạng vai phản diện tưởng như dễ đoán, thậm chí có nguy cơ rơi vào lối mòn “ác một màu”. Tuy nhiên, cách Steven tiếp cận nhân vật đã mang lại hiệu quả bất ngờ. Steven Nguyễn trong ""Mưa đỏ"" Quang không được xây dựng như một phản diện đơn thuần. Nhân vật này có những mâu thuẫn nội tâm, những giằng xé giữa lý trí và cảm xúc, giữa vị trí đứng trên chiến tuyến và những khoảnh khắc rất con người. Chính cách thể hiện tiết chế, không phô trương đã giúp Steven Nguyễn khiến khán giả vừa dè chừng, vừa tò mò, thậm chí có lúc đồng cảm với nhân vật phản diện. Không phải vai chính diện, cũng không phải nhân vật được xây dựng để lấy nước mắt, Quang lại trở thành một trong những vai diễn được nhắc đến nhiều nhất của “Mưa đỏ”. Với nhiều khán giả, đây là lần đầu tiên họ thật sự “nhớ mặt, nhớ tên” Steven Nguyễn. Steven Nguyễn nhìn nhận vai diễn như một dấu mốc quan trọng trong sự nghiệp của mình. Anh cảm thấy rất biết ơn vai Quang của “Mưa đỏ”. Thành công của “Mưa đỏ” không chỉ giúp Steven Nguyễn được khán giả yêu mến, mà còn nhận được sự đánh giá tích cực từ giới chuyên môn. Nhân vật phản diện do anh thể hiện được xem là một trong những điểm nhấn của phim, góp phần tạo nên sức lan tỏa của tác phẩm. Năm 2025 là năm Steven Nguyễn bứt lên rõ rệt: vai Quang trong “Mưa đỏ” giúp anh trở thành vai diễn phản diện được yêu thích, đồng thời series “Hùng Long Phong Bá 3” do anh đóng chính ghi dấu ở cả trong và ngoài nước. Cụ thể, phim được vinh danh tại Asian Academy Creative Awards (AACA) ở Singapore ngày 4/12/2025 (Vietnam Best Original Production by a Streamer) và nhận giải Viewing Experience – Vietnam tại Asia-Pacific Broadcasting+ Awards. Ở trong nước, Steven được trao Nam diễn viên điện ảnh được yêu thích nhất tại Ngôi Sao Xanh 2025 (hơn 9,1 triệu lượt bình chọn), đồng thời được gọi tên ở hạng mục Cặp đôi điện ảnh được yêu thích nhất cùng Lê Hạ Anh; sau đó tiếp tục nhận danh hiệu Diễn viên của năm tại Male Icon Awards 2025. Thành công liên tiếp giúp Steven Nguyễn trở thành cái tên được báo chí và truyền thông săn đón. Trên mạng xã hội, lượng người theo dõi của anh tăng nhanh. Không chỉ xuất hiện dày đặc ở các sự kiện, Steven còn trở thành gương mặt được nhiều thương hiệu lựa chọn cho các chiến dịch quảng bá. Dù vậy, Steven Nguyễn không xem đây là điểm dừng. Khi được hỏi về việc liệu 2025 có phải là “năm của Steven Nguyễn”, anh chia sẻ: “Năm nay, tôi cảm thấy bản thân may mắn khi có được những sự công nhận từ nhiều phía, đạt được nhiều thành công hơn. Nhưng thật sự thì tôi không phải là người dễ bằng lòng với hiện tại. Tôi sẽ luôn cố gắng, không để mình giậm chân tại chỗ. Tôi sẽ tiến lên phía trước và có nhiều thứ hay ho hơn để cống hiến cho tất cả những khán giả đã yêu thương tôi”. Steven Nguyễn cũng thẳng thắn nhìn lại quãng thời gian dài làm nghề trước khi được công chúng biết đến rộng rãi: “Tôi rất thích câu ""khi bạn muốn bỏ cuộc thì hãy nhớ lý do bạn bắt đầu"". Nói bản thân không lúc nào mệt mỏi hay muốn buông xuôi là không đúng. Cũng có lúc tôi chùn chân chứ. Những lúc đó, tôi luôn nhớ lại lý do mình bắt đầu và quá trình mình cố gắng tới bây giờ là vì cái gì. Hơn nữa, sau lưng còn rất nhiều người kỳ vọng, yêu thương và luôn ủng hộ tôi như gia đình, người hâm mộ thì sao tôi lại bỏ cuộc”. Anh cho biết, động lực để tiếp tục không chỉ đến từ đam mê, mà còn từ những người luôn âm thầm ủng hộ phía sau. Anh chia sẻ: “Ngày xưa, tôi không có nhiều fan lắm đâu. Có một số bạn biết tôi từ chương trình truyền hình, một vài dự án web-drama và luôn ủng hộ tôi tới bây giờ. Nếu giờ tôi bỏ cuộc có phải sẽ phụ lòng rất nhiều người không? Sự yêu thương của mọi người chính là động lực để tôi bước tới thời điểm hiện tại”. Bước sang năm 2026, Steven Nguyễn tiếp tục xuất hiện trong các dự án có quy mô lớn. Đáng chú ý là phim truyền hình giờ vàng “Không giới hạn”, do Đài Truyền hình Việt Nam phối hợp với Bộ Tổng tham mưu Quân đội nhân dân Việt Nam thực hiện, dự kiến lên sóng đầu năm 2026. Trong phim, Steven vào vai Đào Minh Kiên – một chiến sĩ thời bình trong lực lượng cứu hộ cứu nạn. Nói về vai diễn này, Steven Nguyễn cho biết: “Khi tham gia bộ phim tôi mới hiểu được những nguy hiểm mà các anh phải đối mặt trong những lần cứu hộ. Thật sự tôi quá ngưỡng mộ về sự hy sinh của các anh, những người lính thời bình”. Steven Nguyễn đóng phim giờ vàng VTV ""Không giới hạn"" Anh cũng bày tỏ sự kỳ vọng vào dự án: “Anh em chúng tôi rất tâm huyết với bộ phim này, mong quý vị khán giả sẽ đón nhận khi phim lên sóng”. Song song với truyền hình, Steven Nguyễn còn tham gia dự án điện ảnh “Trại buôn người”, đảm nhận vai nam chính với nhiều cảnh quay hành động và tâm lý phức tạp, dự kiến ra rạp đầu năm 2026. Việc xuất hiện liên tục ở cả hai mảng điện ảnh và truyền hình cho thấy Steven đang bước vào giai đoạn hoạt động dày đặc nhất kể từ khi theo nghề. Nhìn lại hành trình đã qua, “Mưa đỏ” không chỉ là một bộ phim thành công, mà còn là cột mốc khẳng định Steven Nguyễn đã đúng khi không từ bỏ con đường diễn xuất giữa những năm tháng nhiều hoài nghi. Từ một diễn viên từng làm soát vé sân khấu, nhận vai quần chúng và bị loại ở nhiều buổi casting, anh bước ra ánh sáng bằng chính sự kiên trì và lựa chọn không rẽ lối. Những giải thưởng, sự ghi nhận và sức hút truyền thông ở thời điểm hiện tại không phải là điểm kết của câu chuyện. Với Steven Nguyễn, đó là nền tảng để bước vào một giai đoạn mới – nơi anh có cơ hội thử sức với những vai diễn phức tạp hơn, đa dạng hơn, và khẳng định vị trí của mình trên bản đồ điện ảnh – truyền hình Việt. Năm 2025 đánh dấu nhiều sao nam hành động trở nên nổi tiếng, tham gia nhiều dự án trăm tỷ đặc sắc và đạt kỷ lục phòng vé. Nguồn: [Link nguồn]Nguồn: [Link nguồn]"
3f79d267a621c085bd1b8c2b2863722f,Sự thật mối tình dang dở của Đường Tăng trong Tây du ký 1986,2026-02-25T22:04:00+00:00,24h,https://www.24h.com.vn/giai-tri/su-that-moi-tinh-dang-do-cua-duong-tang-trong-tay-du-ky-1986-c731a1739295.html,vi,trang-chu,Tây du ký 1986|Đường Tăng|Nữ vương|Chu Lâm|Tôn Ngộ Không|Lục Tiểu Linh Đồng|sao Hoa ngữ|Phim Trung Quốc|Từ Thiếu Hoa,,"Lưu bài viết thành công Bạn có thể xem lại bài viết đã lưu ở trangTin bài đã lưu Theo QQ, bộ phim Tây du ký 1986 đang giữ kỷ lục là tác phẩm được phát sóng lại nhiều lần nhất với hơn 4.000 lượt. Chính vì vậy, Tây du ký 1986 đã đi sâu vào tiềm thức khán giả, là ký ức tuổi thơ của nhiều thế hệ. Cũng do đó, mỗi câu chuyện, phân cảnh trong Tây du ký 1986 đều được mang ra mổ xẻ, phân tích, so sánh với nguyên tác gốc của nhà văn Ngô Thừa Ân. Trong Tây du ký 1986, tập 16 Thỉnh kinh Nữ Nhi Quốc rất được khán giả yêu thích vì mối tình đẹp nhưng dang dở của Nữ vương và Đường Tăng. Một người si tình, một người động lòng phàm nhưng không quên chính đạo. Đoàn phim Tây du ký đã thành công khi chuyển thể câu chuyện mang màu sắc lãng mạn, mơ hồ nhẹ nhàng nhưng gây tiếc nuối khiến bao đời sau khán giả còn si mê. Nữ vương trong phim là người e lệ, hòa nhã, không dám bày tỏ tình cảm nhiều. Nàng cũng hiểu cho tấm lòng hướng Phật của Đường Tăng nên mới có cảnh chia ly đẫm lệ ở cuối phim. Nữ vương Nữ Nhi Quốc là kiếp nạn tình ái của Đường Tăng. Tuy nhiên, thực tế trong bản nguyên tác Nữ vương Nữ Nhi quốc là người táo bạo mạnh mẽ và thẳng thắn. Nữ vương đưa Đường Tăng tới hoàng cung và ép Đường Tăng phải trở thành vợ chồng với mình. Trong bữa tiệc, Nữ vương không ngại ôm ấp, kề má nói lời tình tứ với Đường Tăng. Để thoát thân, Đường Tăng và các đồ đệ phải lập mưu, giả vờ quy thuận. Sau đó, họ cùng nhau tới bến thuyền, để tạm biệt các đồ đệ tự mình đi thỉnh kinh. Khi thuyền rời bến, Tôn Ngộ Không mới cướp được sư phụ từ tay Nữ vương. Trư Bát Giới còn đứng trên thuyền chửi Nữ vương thậm tệ, đến mức bà ta ngã bệnh. Bản phim lãng mạn hóa mối tình này và được yêu thích nhờ tình cảm nhẹ nhàng e lệ của đôi bên. Tuy nhiên, trong bản truyện, Nữ vương là người mạnh mẽ quyết đoán hơn. Sự thay đổi của đạo diễn biên kịch đã giúp bản phim Tây du ký 1986 trở nên đẹp lãng mạn và dễ tiếp cận với khán giả. Trước đó, đạo diễn Dương Khiết cũng nhiều lần cân nhắc tạo hình của Trư Bát Giới vì theo mô tả nhân vật này có gương mặt yêu quái lợn rất dữ tợn. Nhưng nếu giữ nguyên sẽ khiến trẻ em sợ hãi, trong khi Trư Bát Giới là nhân vật gây hài của phim. Nỗ lực của đoàn phim Tây du ký 1986 trong hoàn cảnh thiếu thốn kinh phí, hạn chế về kỹ thuật đã đem đến một tác phẩm sống mãi với thời gian. Đạo diễn Dương Khiết chỉ đạo diễn xuất. Bà là người có công lớn nhất trong việc hoàn thành sản xuất Tây du ký 1986. Với sự khắt khe, nghiêm cẩn của mình, bà đem lại tác phẩm hoàn hảo nhất cho khán giả. Là một trong những nhân vật nữ gây ấn tượng mạnh nhất trong ""Tây du ký"" 1986, nhưng nhân vật này có số phận khá bi thảm. Nguồn: [Link nguồn]Nguồn: [Link nguồn]"
528c56739f116f9cf8a1925ffaa89b29,"Văn Mai Hương mua vàng hình ngựa, Quách Thành Danh được vợ tặng quà ngày Thần Tài",2026-02-26T10:06:18+00:00,24h,https://www.24h.com.vn/giai-tri/ca-si-quach-thanh-danh-van-mai-huong-tu-thuong-chut-vang-ngay-via-than-tai-c731a1740334.html,vi,trang-chu,vía Thần Tài|mùng 10 tết|Thanh Hằng|Quách Thành Danh|Văn Mai Hương,,"Lưu bài viết thành công Bạn có thể xem lại bài viết đã lưu ở trangTin bài đã lưu Ngày vía Thần Tài nhằm mùng 10 Tết Bính Ngọ 2026, ca sĩ Văn Mai Hương ra tiệm mua vàng, nữ trang và vàng trang sức hình ngựa. Sau 1 năm làm việc chăm chỉ, cô muốn tự thưởng cho bản thân cũng như lấy hên dịp phim điện ảnh Thỏ ơi! Văn Mai Hương đóng chính cán mốc doanh thu 320 tỷ đồng ở ngày thứ 10 ra rạp. Ca sĩ Văn Mai Hương. Ảnh: FBNV ""Tôi mua chút vàng gọi là 'nạp vía' cho phim đạt doanh thu cao hơn nữa cũng như các dự án trong năm nay sẽ thật thuận lợi. Món vàng trang sức hình ngựa cũng rất đáng yêu và có ý nghĩa trong năm mới"", ca sĩ chia sẻ. Người mẫu Thanh Hằng đăng clip chơi giật lì xì với ông xã bằng hình thức độc lạ. Người mẫu Thanh Hằng và chồng chơi đập tiền Cụ thể, vợ chồng chị bày một số tờ tiền giấy với đủ loại mệnh giá trên bàn rồi thi nhau xem ai đập dính nhiều tiền hơn. Kết quả, Thanh Hằng được 1 triệu lẻ 5 nghìn đồng còn nhạc trưởng Trần Nhật Minh được 500 nghìn đồng. Clip chơi trò chơi vui vẻ đầu năm của vợ chồng người mẫu thu hút bình luận sôi nổi. Chia sẻ với VietNamNet, ca sĩ Quách Thành Danh vừa nhận món quà đặc biệt từ vợ - chị Thanh Ngọc là một tượng vàng 3D hình Thần Tài. ""Tôi hơi bất ngờ vì sáng mùng 10, tôi đã mua 1 cây vàng lấy vía rồi. Đến trưa, khi ngồi ăn cơm cùng Ngọc, cô ấy bất ngờ mang ra tượng vàng Thần Tài tặng tôi, thành ra năm nay tự nhiên gấp đôi lộc lá"", anh nói. Quách Thành Danh vui và hãnh diện khi nhận quà từ vợ. Với anh, tượng vàng chủ yếu mang ý nghĩa tinh thần nên anh không hỏi thêm giá trị của món quà. Nam ca sĩ cũng vừa nhận nút bạc YouTube (chứng nhận từ YouTube khi các nhà sáng tạo nội dung đạt cột mốc 100.000 người đăng ký - PV), xem như đầu năm ""có bạc lẫn vàng"". TPO - So với phim gần nhất của Trấn Thành là ""Bộ tứ báo thủ"", ""Thỏ ơi!"" cho thấy nhiều nhân vật, lát cắt và mâu thuẫn kịch tính hơn. Trailer u tối, bí... Nguồn: [Link nguồn]Nguồn: [Link nguồn]"
b07e350f8b9544f7dfbe89a897c3a33e,Con trai cựu Thủ tướng Canada khen Katy Perry ngầu và dễ thương,2026-02-26T03:46:19+00:00,24h,https://www.24h.com.vn/giai-tri/con-trai-cuu-thu-tuong-canada-khen-katy-perry-ngau-va-de-thuong-c731a1740133.html,vi,trang-chu,Justin Trudeau|Katy Perry|Xavier Trudeau|24h|báo phụ nữ|báo gia đình,,"Lưu bài viết thành công Bạn có thể xem lại bài viết đã lưu ở trangTin bài đã lưu Con trai cựu Thủ tướng Canada khen ngợi Katy Perry. Trong video TikTok do nhà sáng tạo nội dung Guy Hobeika (DrHobs) đăng tải cuối tuần qua, Xavier Trudeau chia sẻ về Katy: ""Cô ấy rất ngầu và dễ thương"". Xavier cho biết anh và Katy Perry đã có những cuộc trò chuyện kéo dài về nhiều chủ đề, bao gồm âm nhạc. ""Chúng tôi ngồi nói chuyện hàng giờ về sự nghiệp âm nhạc của tôi. Cô ấy cho tôi lời khuyên cũng như định hướng những bước tiếp theo. Thật tuyệt"", Xavier nói với Hobeika. Xavier Trudeau kể về cuộc gặp gỡ với bạn gái của bố - ca sĩ Katy Perry Con trai cả của Justin Trudeau cũng tiết lộ gần đây anh tham dự tiệc sinh nhật của con trai rapper Drake. Tại đây, nam nghệ sĩ giành 5 giải Grammy đã khen các sản phẩm âm nhạc của Xavier và động viên anh tiếp tục theo đuổi đam mê. Justin có con trai Xavier với vợ cũ Sophie Grégoire Trudeau, cùng với hai người con khác là Ella-Grace, 16 tuổi và Hadrien, 11 tuổi. Xavier theo đuổi âm nhạc và hoạt động với nghệ danh Xav, thường chia sẻ các sản phẩm trên mạng xã hội. Dù là con của một chính trị gia nổi tiếng, anh đang từng bước xây dựng hình ảnh nghệ sĩ độc lập. Katy Perry và Justin Trudeau. Ảnh: Instagram Justin Trudeau và Katy Perry vướng tin đồn hẹn hò từ mùa hè năm ngoái, sau đó xác nhận mối quan hệ vào tháng 10. Hai người từng trải qua nhiều chuyến du lịch cùng nhau, từ California tới Paris, Tokyo... Tháng trước, Katy cùng bạn trai tham dự Diễn đàn Kinh tế Thế giới ở Davos, Thụy Sĩ. Vài ngày sau, hai người tới Canada nghỉ dưỡng tại biệt thự 3,1 triệuUSDTrudeau mới mua ở Montreal. Cuối tuần qua, Katy và chính trị gia 54 tuổi được trông thấy đi nghỉ tại câu lạc bộ bãi biển tư nhân cao cấp ở Montecito, California, Mỹ. Con gái Daisy 5 tuổi của Katy với bạn trai cũ, Orlando Bloom, cũng đi cùng. Mối quan hệ của hai người được cho là ngày càng nghiêm túc khi họ liên tục dành thời gian bên nhau trong năm mới và dần giới thiệu con cái với nửa kia. Cựu Thủ tướng Canada Justin Trudeau vừa chi 3,1 triệu USD mua biệt thự cổ tại Montreal. Đây được xem là tổ ấm mới của ông cùng nữ ca sĩ Katy Perry. Nguồn: [Link nguồn]Nguồn: [Link nguồn]"
d76c52572f97e2e640858440705cf604,Đột kích bắt khẩn cấp nam ca sĩ trong khách sạn,2026-02-25T02:33:38+00:00,24h,https://www.24h.com.vn/giai-tri/dot-kich-bat-khan-cap-nam-ca-si-trong-khach-san-c731a1739977.html,vi,trang-chu,Chancellor|ma túy|bắt giữ|Nagoya|điều tra|nhạc sĩ|báo phụ nữ|báo 24h|24h.com.vn|giải trí 24h,,"Lưu bài viết thành công Bạn có thể xem lại bài viết đã lưu ở trangTin bài đã lưu Theo Xsport News, Chancellor bị bắt khẩn cấp vào rạng sáng 23/2 tại một khách sạn ở thành phố Nagoya, tỉnh Aichi, Nhật Bản. Cơ quan chức năng cho biết vụ bắt giữ được thực hiện trong quá trình kiểm tra đột xuất. Tại hiện trường, cảnh sát phát hiện các gói chất nghi là cocaine và cần sa. Tang vật đã được niêm phong để giám định, phục vụ công tác điều tra. Nguồn tin ban đầu cho hay có bốn gói nghi là cocaine và một gói cần sa được tìm thấy trong phòng lưu trú. Nhà chức trách đang làm rõ số lượng cụ thể, nguồn cung cấp và quá trình tiếp nhận các chất cấm này. Hiện chưa có thông tin chính thức về lời khai của Chancellor cũng như việc nam nghệ sĩ có thừa nhận hành vi hay không. Chancellor và Jakops bị bắt để điều tra hành vi sử dụng chất cấm. Theo quy định pháp luật Nhật Bản, các hành vi liên quan đến tàng trữ và sử dụng ma túy bị xử lý nghiêm khắc, kể cả đối với người nước ngoài. Trong nhiều trường hợp, nghi phạm có thể bị tạm giữ để phục vụ điều tra trước khi cơ quan công tố đưa ra quyết định truy tố. Chancellor sinh năm 1989, hoạt động trong vai trò ca sĩ, nhạc sĩ và nhà sản xuất. Anh tốt nghiệp Berklee College of Music, một trong những cơ sở đào tạo âm nhạc danh tiếng tại Mỹ. Trở về Hàn Quốc hoạt động nghệ thuật, Chancellor ghi dấu ấn ở mảng R&B và tham gia sản xuất cho nhiều nghệ sĩ Kpop. Anh được đánh giá là nghệ sĩ có chuyên môn, từng góp mặt trong nhiều dự án hợp tác quốc tế. Những năm gần đây, Chancellor duy trì hoạt động ổn định với vai trò nghệ sĩ độc lập và nhà sản xuất. Về đời tư, anh kết hôn năm 2022 và thông báo đón con đầu lòng vào tháng 10/2025. Thông tin bị bắt giữ khiến dư luận Hàn Quốc và cộng đồng người hâm mộ bất ngờ, bởi trước đó nam nghệ sĩ không vướng ồn ào pháp lý. Liên quan vụ việc, cảnh sát tỉnh Aichi cũng bắt giữ thêm ba người khác trong cùng đợt kiểm tra. Trong số này có Jakops (Simon Junho Sakai), cựu thành viên nhóm Dalmatian. Jakops hiện là nhà sản xuất và điều hành công ty giải trí XGLAX, đơn vị quản lý nhóm nhạc nữ XG. Theo truyền thông địa phương, vụ việc xảy ra chỉ một ngày sau khi nhóm nghệ sĩ tham dự buổi biểu diễn của XG tại Nagoya. Công ty XGLAX cho biết đang xác minh tình hình và sẽ hợp tác với cơ quan chức năng. Hiện cơ quan điều tra Nhật Bản chưa công bố thêm chi tiết về tiến trình xử lý. Các diễn biến tiếp theo của vụ việc phụ thuộc vào kết quả giám định tang vật và quá trình lấy lời khai những người liên quan. Simon Junho Sakai (nghệ danh Jakops) - CEO hãng đĩa XGLAX và nhà sản xuất của nhóm nhạc XG - bị cảnh sát Nhật Bản bắt giữ tại tỉnh Aichi với cáo buộc... Nguồn: [Link nguồn]Nguồn: [Link nguồn]"
a7711fa076d0b63e8d3f31af10640d01,Phương Mỹ Chi mê mẩn món bánh ở chợ quê từng nhiều lần lọt top món ngon nhất thế giới,2026-02-26T12:00:00+00:00,24h,https://www.24h.com.vn/am-thuc/phuong-my-chi-me-man-mon-banh-o-cho-que-tung-nhieu-lan-lot-top-mon-ngon-nhat-the-gioi-c460a1739933.html,vi,trang-chu,bánh xèo|món ăn Việt Nam|đặc sản chợ quê|ẩm thực Việt|Phương Mỹ Chi,,"Lưu bài viết thành công Bạn có thể xem lại bài viết đã lưu ở trangTin bài đã lưu Ca sĩ Phương Mỹ Chi dành sự yêu thích đặc biệt cho bánh xèo, món ăn mà cô gọi là “khoái khẩu” và thường xuyên gắn bó trong cả đời sống lẫn công việc nghệ thuật. Sự yêu thích này được thể hiện rõ qua khoảnh khắc cô cùng mẹ và NSƯT Hạnh Thúy thưởng thức bánh xèo vàng ươm, giòn rụm – món ăn dân dã nhưng luôn khiến cô hào hứng. Không chỉ dừng ở việc thưởng thức, Phương Mỹ Chi còn tham gia sự kiện đổ bánh xèo phục vụ khán giả sau thành công của bộ phim Nhà gia tiên, nơi món bánh này xuất hiện nhiều lần như một chi tiết đậm chất văn hóa. Trong phim, bánh xèo mang ý nghĩa gắn kết gia đình, được đạo diễn Huỳnh Lập đưa vào như một cách tôn vinh ẩm thực Việt. Nhờ đó, Phương Mỹ Chi không chỉ thưởng thức món ăn yêu thích mà còn có cơ hội tự tay làm bánh, tạo nên kỷ niệm đáng nhớ và lan tỏa tình yêu với món ăn truyền thống này. Tên gọi bánh xèo bắt nguồn từ chính âm thanh vui tai khi bột được đổ vào chảo nóng. Tiếng “xèo xèo” ấy không chỉ báo hiệu một chiếc bánh sắp chín, mà còn gợi lên không khí bếp núc ấm cúng, nơi cả nhà quây quần chờ đợi. Từ lâu, bánh xèo đã trở thành món ăn quen thuộc trong đời sống người Việt, xuất hiện từ bữa cơm gia đình đến những quán ăn bình dân, từ làng quê đến phố thị. Mỗi chiếc bánh xèo là sự kết hợp hài hòa giữa bột, nhân, rau sống và nước chấm, tưởng đơn giản nhưng lại đầy tinh tế. Bánh xèo truyền thống được làm từ bột gạo xay mịn, pha cùng nước và một chút nghệ để tạo màu vàng óng đặc trưng. Nhân bánh thường gồm tôm, thịt ba chỉ, giá đỗ – những nguyên liệu quen thuộc, dễ tìm trong đời sống hàng ngày. Tuy nhiên, để bánh xèo ngon, người làm không chỉ dựa vào công thức, mà còn dựa vào cảm giác. Bột phải đủ loãng để bánh mỏng, chảo phải đủ nóng để bánh giòn, lượng dầu vừa phải để bánh không khô mà cũng không ngấy. Chính những chi tiết nhỏ ấy tạo nên sự khác biệt giữa bánh xèo “ăn được” và bánh xèo “ăn nhớ”. Mỗi vùng miền lại có một kiểu bánh xèo riêng, phản ánh rõ điều kiện tự nhiên và khẩu vị địa phương. Bánh xèo miền Trung thường nhỏ, vỏ mỏng, giòn rụm, nhân đơn giản, ăn kèm nhiều rau sống và nước chấm đậm đà. Ở Nam Bộ, bánh xèo lại to bản, nhiều nhân, vỏ bánh béo hơn nhờ nước cốt dừa, ăn kèm đủ loại rau vườn. Dù khác nhau về hình thức, nhưng điểm chung của bánh xèo ở mọi miền vẫn là sự hài hòa và cảm giác quây quần mà món ăn mang lại. Nếu vỏ bánh là phần xác, thì nước chấm chính là linh hồn của bánh xèo. Nước chấm bánh xèo thường được pha từ nước mắm, chua – ngọt – mặn cân bằng, thêm tỏi, ớt, đôi khi có gan, đậu phộng giã nhuyễn tùy vùng. Một chiếc bánh xèo dù giòn đến đâu, nhân ngon đến mấy, nếu thiếu chén nước chấm đúng vị thì cũng khó trọn vẹn. Đó là lý do mỗi gia đình, mỗi quán lại có “bí quyết” pha nước chấm riêng, tạo nên dấu ấn không lẫn vào đâu được. Không ít người lớn lên cùng ký ức về những buổi chiều mưa, mẹ hoặc bà đứng bên bếp, đổ bánh xèo, mùi thơm lan khắp nhà. Trẻ con ngồi chờ, nghe tiếng bánh xèo xèo vui tai, người lớn thì chuyện trò rôm rả. Trong đời sống hiện đại, bánh xèo vẫn giữ vai trò là món ăn gắn kết. Nó không phải món ăn vội, mà là món để cùng nhau ngồi xuống, cuốn bánh với rau, chấm nước mắm và trò chuyện. Giữa rất nhiều món ăn mới mẻ, bánh xèo vẫn giữ được vị trí riêng bởi sự dung dị và linh hoạt. Món bánh này có thể biến tấu theo nguyên liệu sẵn có, phù hợp với nhiều khẩu vị, nhiều hoàn cảnh. Quan trọng hơn, bánh xèo mang lại cảm giác thân thuộc. Dù ăn ở quán sang hay quán nhỏ ven đường, người ta vẫn tìm thấy trong đó hương vị quen của quê nhà, của bữa cơm gia đình. Ở góc độ văn hóa, bánh xèo không chỉ là món ăn, mà còn là biểu hiện của đời sống cộng đồng. Từ cách đổ bánh, chờ bánh chín, đến cách cuốn bánh và chấm nước mắm, tất cả đều gắn với sự chia sẻ và gắn kết. Trong dòng chảy hiện đại của ẩm thực, khi nhiều món ăn được thương mại hóa mạnh mẽ, bánh xèo vẫn giữ được tinh thần ban đầu: giản dị, rộn ràng và đầy sức sống. Đó là món ăn mà chỉ cần nghe tiếng “xèo” vang lên, người ta đã thấy lòng mình chùng lại, nhớ về một góc bếp quen, một miền ký ức rất Việt Nam. Món ngon này khiến Mỹ Tâm rất thích. Ai ăn được là cực ghiền, còn nếu không, chỉ nghe mùi là lắc đầu từ chối. Nguồn: [Link nguồn]Nguồn: [Link nguồn]"
90bcd3100d94c078a97156beb5b4a7a8,Một món ăn ở Đà Nẵng khiến Văn Toàn - bạn thân Hoà Minzy thích mê mệt,2026-02-26T08:00:00+00:00,24h,https://www.24h.com.vn/am-thuc/mot-mon-an-o-da-nang-khien-van-toan-ban-than-hoa-minzy-thich-me-met-c460a1737916.html,vi,trang-chu,bánh tráng cuốn thịt heo|đặc sản Đà Nẵng|Văn Toàn|món ăn miền Trung|cách làm mắm nêm,,"Lưu bài viết thành công Bạn có thể xem lại bài viết đã lưu ở trangTin bài đã lưu Không chỉ được biết đến với tốc độ và lối chơi xông xáo trên sân cỏ, tiền đạo Nguyễn Văn Toàn - bạn thân hơn 10 năm của ca sĩ Hoà Minzy, còn khiến người hâm mộ thích thú bởi những chia sẻ rất đời thường về ẩm thực. Trong đó, một đặc sản miền Trung đã nhiều lần được anh nhắc tới với sự yêu thích đặc biệt, mỗi khi có dịp đặt chân đến Đà Nẵng, đó chính là món ""bánh tráng cuốn thịt heo chấm với mắm nêm"". Trên trang cá nhân, Văn Toàn không ít lần bày tỏ rằng bản thân rất thèm và nhớ món ăn này. Có thể thấy, từ sở thích ăn uống giản dị ấy, hình ảnh Văn Toàn ngoài sân cỏ hiện lên gần gũi, thân quen hơn trong mắt người hâm mộ. Bánh tráng cuốn thịt heo là đặc sản nổi tiếng miền Trung, đặc biệt là Đà Nẵng - Quảng Nam, gồm thịt heo luộc/quay mềm béo, rau sống phong phú (diếp cá, húng quế, dưa leo), bún, bánh tráng dai mềm, cuốn lại và chấm cùng mắm nêm pha đặc biệt, tạo nên hương vị hài hòa, thanh mát và đậm đà. Món ăn này kết hợp tinh tế vị ngọt của thịt, thanh mát của rau, thơm béo của da heo và vị mặn-ngọt-chua-cay hấp dẫn của mắm nêm, là món ăn phổ biến và được yêu thích trên khắp Việt Nam. Món ăn đơn giản này, bạn cũng có thể thực hiện được ngay tại nhà bởi những nguyên liệu vô cùng đơn giản. Đặc biệt vào dịp Tết, bạn hoàn toàn có thể biến tấu từ những nguyên liệu sẵn có trong tủ lạnh để có được một món ăn đổi vị, chống ngán, thú vị cho gia đình. Món thịt luộc cuốn bánh tráng chấm mắm nêm đầy đủ dưỡng chất. Nguyên liệu: - Thịt heo (ba rọi hoặc thịt đùi). - Rau ăn kèm: xà lách, húng quế, rau thơm, tía tô, diếp cá, giá, dưa leo. - Bánh tráng để cuốn. - Bún tươi. - Mắm nêm. - Thơm (dứa). - Sả, ớt, chanh, tỏi, đường. Cách làm: - Để thịt heo luộc ngon và không bị hôi thì bạn nên luộc 2 lần. Thịt heo sau khi mua về rửa sạch rồi trụng sơ qua nước sôi với một ít muối và rửa lại bằng nước lạnh để làm sạch thịt trước khi luộc chín. - Tiếp tục cho vào nồi một lượng nước vừa đủ ngập mặt thịt, cho thêm một củ hành đập dập, 1 ít muối và nặn 1 ít nước cốt chanh hoặc giấm vào để luộc thịt cho trắng. Đun sôi, sau đó cho thịt vào luộc chín thì vớt thịt ra cho vào tô nước lạnh. - Thịt heo sau khi để nguội bớt thì cắt mỏng vừa ăn, sau đó xếp lên dĩa. - Rau nhặt lá bỏ phần cuống và lá già, rửa sạch với nước muối pha loãng, rồi vớt rau ra rổ và để ráo nước. - Dưa leo rửa sạch, cắt dài hoặc cắt lát xéo. - Bún trụng qua nước sôi. - Công thức pha mắm nêm: tỏi, ớt, sả, thơm băm nhuyễn. Đặt chảo lên bếp, đun nóng ít dầu ăn rồi cho tỏi, ớt, sả, vào phi thơm vàng. Tiếp tục cho vào chảo 5 muỗng canh mắm nêm, thơm băm nhuyễn, 3 muỗng canh đường, khuấy đều và nấu khoảng 4-5 phút rồi tắt bếp. Mắm nêm trước khi ăn, bạn cho vào 1 muỗng canh nước cốt chanh, khuấy đều là được. Tùy theo sở thích, bạn có thể cuộn to hay nhỏ thịt, các loại rau. - Cuốn và thưởng thức thôi. ""Thành công của món bánh mì ở đây là nhờ nước sốt đặc biệt, dù tôi thấy nó hơi cay một chút', một du khách Hàn Quốc chia sẻ. Nguồn: [Link nguồn]Nguồn: [Link nguồn]"
791a7a0ab00d9b7627d70e51d5635b23,"Thịt lợn nấu cùng những món này, ăn vào dinh dưỡng tăng vọt, sức khỏe thăng hạng",2026-02-26T05:00:00+00:00,24h,https://www.24h.com.vn/am-thuc/thit-lon-nau-cung-nhung-mon-nay-an-vao-dinh-duong-tang-vot-suc-khoe-thang-hang-c460a1740014.html,vi,trang-chu,thịt lợn|món ngon từ thịt lợn|thịt lợn giàu dinh dưỡng|ai không nên ăn thịt lợn|chế độ ăn uống lành mạnh,,"Lưu bài viết thành công Bạn có thể xem lại bài viết đã lưu ở trangTin bài đã lưu Sự kết hợp giữa thịt lợn và nấm hương được coi là một ""cặp bài trùng"" trong y học cổ truyền và dinh dưỡng học hiện đại. Trong khi thịt lợn giàu protein và sắt, thì nấm hương chứa hàm lượng chất xơ dồi dào cùng các polysaccharide giúp kích thích hệ thống miễn dịch. Đặc biệt, nấm hương có khả năng hấp thụ bớt lượng cholesterol xấu trong thịt lợn, giúp món ăn trở nên thanh nhẹ hơn, hỗ trợ giảm mỡ máu và bảo vệ sức khỏe tim mạch cho người thưởng thức. (Ảnh minh họa: VietNamNet) Sự kết hợp giữa thịt lợn và tỏi mang lại lợi ích sức khỏe vượt trội nhờ khả năng tối ưu hóa hấp thụ dưỡng chất. Thịt lợn rất giàu vitamin B1 (thiamin) – hoạt chất thiết yếu để chuyển hóa năng lượng và giảm mệt mỏi, nhưng loại vitamin này vốn dễ bị đào thải và khó hấp thụ hoàn toàn. Khi nấu cùng tỏi, hoạt chất allicin trong tỏi sẽ kết hợp với vitamin B1 tạo thành allithiamine, một hợp chất giúp cơ thể hấp thụ vitamin B1 dễ dàng hơn và giữ lại trong máu lâu hơn gấp nhiều lần. Ngoài ra, tỏi còn có tính kháng khuẩn và giúp phân giải chất béo trong thịt, không chỉ làm tăng hương vị mà còn bảo vệ hệ tim mạch và tăng cường sức đề kháng cho cơ thể. Cà rốt chứa hàm lượng beta-carotene (tiền vitamin A) cực kỳ cao, nhưng loại chất này chỉ tan tốt nhất trong môi trường có chất béo. Khi hầm thịt lợn cùng cà rốt, mỡ tự nhiên từ thịt sẽ đóng vai trò là dung môi hoàn hảo giúp hòa tan và giải phóng hoàn toàn lượng vitamin A dồi dào này. Sự kết hợp này không chỉ giúp cải thiện thị lực, tăng cường sức đề kháng mà còn cung cấp collagen giúp làn da luôn căng mịn, hồng hào từ sâu bên trong. Sự kết hợp giữa thịt lợn và củ sen được coi là ""cặp bài trùng"" dinh dưỡng nhờ khả năng bù trừ hoàn hảo cho nhau. Trong khi thịt lợn cung cấp protein và sắt giúp bổ máu, thì chất xơ dồi dào trong củ sen giúp ngăn chặn hấp thụ cholesterol xấu và hỗ trợ tiêu hóa hiệu quả. Đặc biệt, lượng vitamin C từ củ sen giúp cơ thể hấp thụ sắt từ thịt tốt hơn, đồng thời tính mát của nó còn giúp trung hòa tính nóng của thịt, giúp thanh nhiệt, giảm căng thẳng và cải thiện chất lượng giấc ngủ rõ rệt. Bí đỏ giàu kẽm và các chất chống oxy hóa, khi kết hợp cùng vitamin nhóm B (đặc biệt là B1) có sẵn trong thịt lợn sẽ tạo thành một ""combo"" dưỡng chất cực kỳ tốt cho não bộ. Sự kết hợp này giúp giảm căng thẳng, cải thiện trí nhớ và thúc đẩy quá trình trao đổi chất của hệ thần kinh trung ương. Đây là món ăn được các chuyên gia dinh dưỡng khuyên dùng cho những người thường xuyên làm việc trí óc căng thẳng hoặc trẻ em đang trong giai đoạn ôn thi. Với tuyệt chiêu xuất sắc mà dễ làm này đảm bảo món thịt bò xào không bao giờ dai nữa. Nguồn: [Link nguồn]Nguồn: [Link nguồn]"
8e4836504445fca1d69339e642f3f68c,"Một món ăn luôn cháy hàng vào ngày vía Thần Tài, bạn hoàn toàn có thể tự làm tại nhà",2026-02-26T02:00:00+00:00,24h,https://www.24h.com.vn/am-thuc/mot-mon-an-luon-chay-hang-vao-ngay-via-than-tai-ban-hoan-toan-co-the-tu-lam-tai-nha-c460a1740206.html,vi,trang-chu,cá lóc nướng|món ăn ngày vía Thần Tài|cách làm cá lóc nướng|lễ vật cúng Thần Tài|món ăn truyền thống Việt Nam,,"Lưu bài viết thành công Bạn có thể xem lại bài viết đã lưu ở trangTin bài đã lưu Trong mâm cúng ngày vía Thần Tài (mùng 10 tháng Giêng âm lịch), bên cạnh bộ tam sên, hoa quả và vàng mã, nhiều gia đình – đặc biệt ở Nam bộ – còn chuẩn bị thêm món cá lóc nướng. Dù không bắt buộc, đây lại là lễ vật mang đậm màu sắc dân gian và chứa đựng nhiều ý nghĩa biểu trưng. Cá lóc là loài cá quen thuộc của vùng sông nước, gắn bó với đời sống người dân từ bao đời nay. Trong quan niệm truyền thống, cá lóc tượng trưng cho sự bền bỉ, khả năng thích nghi và vươn lên mạnh mẽ. Việc dâng cá lóc nướng trong ngày vía Thần Tài thể hiện ước mong làm ăn thuận lợi, vượt qua khó khăn, “cá hóa rồng” – vươn lên trong năm mới. Ở nhiều tỉnh miền Tây, cá lóc thường được nướng trui nguyên con, giữ nguyên vảy, không cạo sạch hoàn toàn. Cách chế biến mộc mạc này mang ý nghĩa giữ trọn sự nguyên sơ, thành tâm dâng lễ. Vì sao mâm cúng thần Tài của người miền Nam phải có cá lóc nướng? (Ảnh: Pinterest) Dưới góc nhìn văn hóa, cá lóc nướng không phải là yếu tố bắt buộc trong mâm cúng Thần Tài, mà là nét đặc trưng vùng miền. Món ăn dân dã này nhắc nhở con người trân trọng lao động, biết ơn thiên nhiên và đề cao sự cần cù – những yếu tố thực tế quyết định sự thịnh vượng. Nhiều chuyên gia văn hóa cho rằng, điều quan trọng trong ngày vía Thần Tài không nằm ở mâm cao cỗ đầy mà ở lòng thành và sự chỉn chu. Nếu có điều kiện và theo phong tục địa phương, gia chủ có thể chuẩn bị cá lóc nướng như một cách giữ gìn nét truyền thống. Nếu không, mâm lễ vẫn trọn vẹn khi được chuẩn bị gọn gàng, sạch sẽ và thành tâm. Nếu dâng cúng, nên chọn cá tươi, nướng chín kỹ, bày biện trang trọng trên đĩa sạch. Sau khi cúng, cá có thể dùng trong bữa cơm gia đình như một cách “thụ lộc”, tạo không khí sum vầy, ấm cúng. Cá lóc nướng vì thế không chỉ là lễ vật trong ngày vía Thần Tài, mà còn là biểu tượng của sự mộc mạc, bền bỉ và khát vọng no đủ – những giá trị giản dị nhưng thiết thực cho một năm mới hanh thông, tài lộc. Món ăn đơn giản này bạn hoàn toàn có thể làm được ở nhà mà không cần phải ra quán. Nguyên liệu làm món cá lóc nướng giấy bạc - món ăn lấy may ngày vía Thần Tài Nguyên liệu: 1 kg cá lóc, 2 muỗng canh tỏi băm, 2 muỗng canh hành tím băm, 2 muỗng canh sốt ướp thịt nướng Gia vị: Hạt nêm, bột ngọt, đường, muối Dụng cụ: Thau, chén, giấy bạc, vỉ nướng, kéo, dao, thớt Cách làm món cá lóc nướng giấy bạc Để làm sạch cá lóc, bạn mổ bụng lấy phần ruột và phần mang cá, dùng kéo cắt phần vây, đuôi cá bỏ đi và dùng dao cạo sạch lớp vảy bên ngoài. Sau đó, bạn dùng muối chà xát vào phần thân và ruột của cá rồi rửa lại thật sạch với nước. Kế tiếp, bạn dùng dao khứa thân cá những đường chéo hoặc ngang để khi ướp và nướng cá thấm gia vị và ngon hơn. Ướp cá Bạn cho 2 muỗng canh tỏi băm, 2 muỗng canh hành tím băm, 2 muỗng canh sốt ướp thịt nướng, 1 muỗng canh hạt nêm, 1 muỗng canh bột ngọt, 1 muỗng canh đường vào chén rồi dùng muỗng trộn đều hỗn hợp. Kế tiếp, bạn cho cá vào 1 cái thau lớn, rồi bạn thoa hỗn hợp gia vị vừa trộn lên thân và từng khứa cá. Sau đó, bạn cho một ít phần gia vị còn lại vào bụng cá rồi ướp cá trong 1 tiếng để các gia vị thấm vào cá. Nướng cá Bạn sử dụng miếng giấy bạc trải ra mặt phẳng rồi cho cá lóc đã ướp ở bước 2 vào. Sau đó, bạn gấp 2 đầu giấy bạc lại trước rồi gấp hai bên và vuốt nhẹ để giấy gói chặt cá lại. Bạn cho than vào bếp rồi nhóm lửa cho đến khi than cháy hồng, tiếp tục bạn đặt vỉ nướng lên bếp rồi cho cá lóc đã gói giấy bạc đặt lên vỉ và nướng mỗi mặt trong 30 phút. Sau khi nướng mỗi mặt xong, bạn mở giấy bạc phía bên trên ra và nướng thêm 15 phút nữa là hoàn thành. Hoàn tất cá lóc nướng giấy bạc Cá lóc nướng giấy bạc tỏa hương thơm đặc trưng và màu sắc bắt mắt, từng sớ thịt của cá chín mềm, thấm gia vị và giữ được độ ngọt của cá. Ngày vía thần Tài mùng 10 tháng Giêng, nếp nướng cá lóc đỏ lửa khắp Sài thành, vì sao món dân dã này trở thành lễ vật cúng thần Tài quen thuộc của... Nguồn: [Link nguồn]Nguồn: [Link nguồn]"
56f79779ceb60f10177b351486e6dd0b,"Xuyên đêm nướng nghìn con cá lóc, kịp giờ đẹp cúng vía Thần Tài",2026-02-26T01:12:00+00:00,24h,https://www.24h.com.vn/am-thuc/xuyen-dem-nuong-nghin-con-ca-loc-kip-gio-dep-cung-via-than-tai-c460a1740204.html,vi,trang-chu,Thần Tài|Đồng Nai|vía Thần Tài|cá lóc|cá lóc nướng cá lóc,,"Lưu bài viết thành công Bạn có thể xem lại bài viết đã lưu ở trangTin bài đã lưu Từ 21h ngày 25/2 (mùng 9 tháng Giêng âm lịch), các bếp nướng cá lóc khu vực chợ Hoá An (phường Biên Hòa, tỉnh Đồng Nai) bắt đầu đỏ lửa. Người dân tất bật chuẩn bị nướng hơn nghìn con cá để kịp giao trước giờ đẹp cúng vía Thần Tài. Khi trời đã về khuya, làn khói trắng đục cuồn cuộn bay lên giữa ánh lửa bập bùng. Mùi cá lóc nướng thơm lừng, hòa cùng tiếng quạt tay phành phạch. Anh Lê Sao Hè vừa trở từng con cá trên bếp than đỏ rực, vừa chăm chú quạt lửa, canh độ chín. Những con cá lóc được xiên cây mía, da dần chuyển màu vàng ruộm. “Phải canh lửa đều tay, không quá lớn để tránh cháy sém, cũng không quá nhỏ khiến cá khô. Cá đạt chuẩn là da vàng đều, thịt chín tới nhưng vẫn giữ được độ ngọt”, anh Hè chia sẻ. Toàn bộ số cá được nhập từ miền Tây lên ngay trong ngày để đảm bảo độ tươi ngon. Đợt cao điểm này, anh nhập khoảng 2 tấn cá gần 1.500 con, tăng gấp nhiều lần so với ngày thường. “Ngày Thần Tài ở miền Nam, nhiều gia đình có thói quen cúng cá lóc nướng. Nhu cầu tăng mạnh nên chúng tôi phải làm xuyên đêm mới kịp giao cho khách trước giờ đẹp sáng mùng 10”, anh nói. Gia đình anh Hè đã có 12 năm gắn bó với nghề bán cá lóc nướng. Anh cho biết, nghề được người anh ở TP Cần Thơ truyền lại, từ kinh nghiệm chọn cá, xiên cá sao cho thẳng. Mỗi mẻ cá nướng kéo dài khoảng 30-40 phút. Để kịp phục vụ lượng khách tăng đột biến, nhiều cửa hàng chủ động nướng sơ từ trước, khi khách đến mua sẽ làm nóng lại để cá luôn nóng hổi, giữ được hương vị thơm ngon. Để kịp chuẩn bị hơn nghìn suất cá lóc nướng giao trước giờ đẹp sáng mùng 10 tháng Giêng, anh Hè phải huy động 15 người trong gia đình cùng tham gia. Người nhóm lửa, người xiên cá, trở cá; người rửa rau, chia bún, chuẩn bị bánh tráng và pha nước chấm… Mỗi người một việc, làm liên tục cả ngày lẫn đêm mới kịp phục vụ lượng khách tăng đột biến trong dịp vía Thần Tài. Cá lóc nặng khoảng 1,2-1,4kg được làm sạch, dùng thân cây mía xiên dọc rồi dựng quanh bếp than để nướng chín đều. Giá bán dao động 150-160.000 đồng/con tùy trọng lượng. Khi có khách mua, cá được làm nóng, thêm mỡ hành và gói kín bằng giấy bạc để giữ nhiệt, đảm bảo còn nóng hổi khi bày lên mâm cúng vía Thần Tài. Chị Thúy, một tiểu thương tại chợ cho biết, lượng khách thường tăng đột biến vào khung “giờ đẹp” sáng mùng 10 tháng Giêng. Từ rạng sáng, nhiều người đã tìm đến đặt mua cá để kịp chuẩn bị mâm cúng. “Từ khoảng 5-9h sáng là đông nhất. Ai cũng tranh thủ mua cá kịp giờ đẹp cúng vía Thần Tài nên chúng tôi phải làm liên tục, người hâm nóng cá, người rưới mỡ hành, người gói giấy bạc”, chị Thúy chia sẻ. Hơn 0h5 hôm nay (mùng 10 tháng Giêng), ông Trần Viết Thắng (ngụ phường Biên Hòa) đã tranh thủ ghé mua cá. Ông kiên nhẫn chờ đợi để chọn cho mình con cá vừa ra lò, vàng đều và ưng ý nhất. Ông cho biết, năm nào gia đình cũng chuẩn bị cá lóc nướng để cúng Thần Tài, với mong muốn một năm làm ăn thuận lợi, buôn may bán đắt. “Biết sáng sớm sẽ rất đông nên tôi đi mua từ khuya cho chắc. Có cá sẵn ở nhà, sáng chỉ việc bày lên mâm cúng cho kịp giờ đẹp”, ông Thắng chia sẻ. Ngày vía thần Tài mùng 10 tháng Giêng, nếp nướng cá lóc đỏ lửa khắp Sài thành, vì sao món dân dã này trở thành lễ vật cúng thần Tài quen thuộc của... Nguồn: [Link nguồn]Nguồn: [Link nguồn]"
74875b476515e5f3c73e79a5fc520e7c,Nem rán trữ tủ lạnh nhiều ngày: Tiện lợi nhưng có an toàn?,2026-02-25T18:00:00+00:00,24h,https://www.24h.com.vn/am-thuc/nem-ran-tru-tu-lanh-nhieu-ngay-tien-loi-nhung-co-an-toan-c460a1740059.html,vi,trang-chu,nem rán|nem rán trữ tủ lạnh|an toàn thực phẩm|bảo quản nem đúng cách,,"Lưu bài viết thành công Bạn có thể xem lại bài viết đã lưu ở trangTin bài đã lưu Thực phẩm để qua đêm, kể cả trong tủ lạnh, vẫn tiềm ẩn nguy cơ vì nhiệt độ lạnh chỉ làm chậm chứ không tiêu diệt vi khuẩn. Nem rán chứa thịt, trứng, nấm và rau củ, đều giàu đạm, độ ẩm cao, dễ nhiễm khuẩn nếu bảo quản lâu hoặc không đúng cách. Nem đã rán khi làm nóng lại sẽ hút thêm dầu, tăng chất béo và dễ gây ngán, rối loạn tiêu hóa; nem chưa rán còn rủi ro cao hơn do nguyên liệu sống có thể phân hủy, sinh độc tố. Vì vậy, nên làm vừa đủ ăn trong ngày thay vì trữ dài ngày. Một chiếc nem khoảng 100 g đã chứa gần 120 calo, ăn nhiều dễ vượt nhu cầu năng lượng của bữa ăn. Nem rán có thể được bảo quản trong tủ lạnh trong thời gian ngắn nếu thực hiện đúng quy trình và sử dụng sớm Nếu nem rán được trữ lạnh sai cách hoặc quá thời gian an toàn, người dùng có thể đối mặt với nhiều nguy cơ: Nhiễm khuẩn thực phẩm: Vi khuẩn vẫn có thể tồn tại và phát triển chậm trong môi trường lạnh, đặc biệt với thực phẩm giàu đạm. Nhiễm khuẩn chéo: Nem để chung với thực phẩm sống, không bọc kín có thể bị lây nhiễm vi khuẩn từ các thực phẩm khác. Giảm giá trị dinh dưỡng: Rau củ trong nhân dễ mất vitamin, phần nhân khô, bở, làm giảm chất lượng món ăn. Tăng chất béo không có lợi: Rán lại nhiều lần khiến nem thấm thêm dầu, gây áp lực cho hệ tiêu hóa. Ngộ độc thực phẩm: Nem để quá lâu có thể gây đau bụng, tiêu chảy, buồn nôn nếu tiếp tục sử dụng. Ăn nem rán thế nào cho an toàn? Để đảm bảo sức khỏe khi sử dụng nem rán, người nội trợ nên lưu ý: Ăn với lượng vừa phải, tránh dùng thường xuyên vì đây là món chiên rán giàu năng lượng và chất béo. Ưu tiên ăn khi còn nóng, ngay sau khi rán chín để đảm bảo hương vị và độ an toàn. Kết hợp với rau sống, rau thơm, dưa góp hoặc rau luộc nhằm bổ sung chất xơ, giảm cảm giác ngấy. Hạn chế dùng nhiều nước chấm mặn hoặc ngọt để tránh tăng lượng muối và đường trong khẩu phần. Không sử dụng nem có dấu hiệu bất thường như mùi lạ, vị chua, màu sắc thay đổi, bề mặt nhớt. Tránh ăn nem đã rán lại nhiều lần hoặc khi đang gặp vấn đề về tiêu hóa. Nem rán có thể được bảo quản trong tủ lạnh trong thời gian ngắn nếu thực hiện đúng quy trình và sử dụng sớm. Tuy nhiên, để đảm bảo hương vị và an toàn thực phẩm, cách tốt nhất vẫn là chế biến và thưởng thức ngay trong ngày, thay vì trữ dài ngày để ăn dần. Tâm lý tiếc của thường khiến nhiều gia đình e ngại việc vứt bỏ thức ăn thừa sau Tết. Tuy nhiên, việc cố gắng giữ lại những món ăn lâu ngày trong tủ... Nguồn: [Link nguồn]Nguồn: [Link nguồn]"
74358f2eb4e851da3743c0bb5d9279fa,Tiệm đậu hũ thối khiến người dân bị loạn thần,2026-02-26T12:00:00+00:00,24h,https://www.24h.com.vn/du-lich-24h/tiem-dau-hu-thoi-khien-nguoi-dan-bi-loan-than-c76a1737983.html,vi,trang-chu,Đài Loan|Đài Bắc|đậu hũ thối|ẩm thực Đài Loan|du lịch Đài Loan|Trung Quốc,,"Lưu bài viết thành công Bạn có thể xem lại bài viết đã lưu ở trangTin bài đã lưu Ngày 13/2, chính quyền thành phố Đài Bắc, Đài Loan (Trung Quốc) cho biết sẽ thanh tra toàn diện một tiệm đậu hũ thối tại quận Trung Sơn, sau khi người dân phản ánh mùi hôi từ cửa hàng gây ảnh hưởng tâm thần. Trong bài viết trên mạng xã hội Threads hôm 11/2, một người dùng cho biết mùi từ tiệm đậu phụ thối Ngọc Lý Kiều Đầu (Yuli Qiaotou), gần ga tàu điện ngầm Jiannan Road, đã khiến cô rơi vào trạng thái ""lo âu trầm trọng"" và tự nhổ phần lớn tóc của mình. Bài viết nhận hơn 20.000 lượt tương tác sau hai ngày đăng tải. Đội thanh tra môi trường tại tiệm đậu hũ thối Ngọc Lý Kiều Đầu. Nguồn: jemarx.dtmy Cô gái cho biết cuộc sống mỗi ngày như ""ác mộng"" kể từ khi tiệm đậu hũ thối hoạt động. ""Tôi phát điên khi phải sống chung với mùi hôi thối mỗi ngày, khủng khiếp đến mức khiến tôi rơi vào trạng thái hoảng loạn, tự nhổ sạch tóc trên đầu mình"", cô gái chia sẻ kèm hình ảnh mảng đầu hói, tóc rụng trên sàn nhà, các loại thuốc bôi, thuốc điều trị tâm lý từ bác sĩ và văn bản phản hồi từ Cục Bảo vệ Môi trường Đài Bắc. Bà Nhan Linh Trân, Trưởng nhóm thanh tra thuộc Cục Bảo vệ Môi trường Đài Bắc, cho biết cơ quan nhiều lần kiểm tra nhà hàng sau khi nhận được các khiếu nại từ tháng 12/2024. Trước đó, cơ sở này từng bị phạt tiền do vi phạm các quy định về mùi. Ngày 9/2 năm ngoái, cơ quan chức năng đã đo nồng độ mùi tại đây và phát hiện chỉ số cao gấp 10 lần giới hạn cho phép. Nhà hàng sau đó bị phạt 585.000 Đài tệ (18.640 USD) vì vi phạm Luật kiểm soát ô nhiễm Không khí. Đến kỳ kiểm tra bổ sung vào ngày 20/4 cùng năm, các thanh tra xác nhận tiệm đã lắp đặt máy hút mùi nhà bếp, máy rửa bát công nghiệp và hệ thống khử mùi bằng công nghệ plasma. Những thiết bị này đã giúp nồng độ mùi trở lại ngưỡng cho phép. Bà Nhan cho biết thêm, sau thời điểm đó, số lượng đơn khiếu nại giảm xuống còn khoảng 2-3 vụ mỗi tháng và các đợt kiểm tra định kỳ không phát hiện sai phạm. Gần đây số khiếu nại lại tăng đột biến. Nhiều người dân cho hay khu vực xung quanh tiệm đậu phụ thối Ngọc Lý Kiều Đầu có mùi nồng nặc. Tuy nhiên, vẫn chưa rõ nguyên nhân do đặc tính của món đậu phụ thối hay do hệ thống thông gió của cửa hàng hoạt động kém hiệu quả. Do đã lâu chưa có đợt rà soát tổng thể, cơ quan chức năng dự kiến tiến hành đánh giá lại nồng độ mùi sau kỳ nghỉ Tết Nguyên đán. Tại Đài Loan, các hoạt động gây mùi khó chịu trong khu dân cư được quản lý chặt chẽ bởi Luật kiểm soát ô nhiễm không khí. Khác với bụi mịn hay khí thải công nghiệp, ""nồng độ mùi"" được đo lường bằng phương pháp túi khí mẫu và hội đồng cảm quan (những người thẩm định mùi được đào tạo). Theo luật này, các cơ sở kinh doanh để phát tán mùi hôi vượt tiêu chuẩn có thể bị phạt từ 20.000 đến 1 triệu Đài tệ (637 - 31.863 USD) đối với hộ kinh doanh cá thể. Nếu là doanh nghiệp lớn, mức phạt có thể lên tới 20 triệu Đài tệ. Đậu hũ thối đặc sản Đài Loan. Ảnh: Alex Lozupone Các nhà hàng có diện tích trên 100 m2 hoặc vốn điều lệ trên 100.000 Đài tệ (3.186 USD) bắt buộc lắp đặt thiết bị xử lý khí thải (máy lọc tĩnh điện, khử mùi plasma). Nếu một cơ sở nhận quá ba khiếu nại trong 30 ngày, cơ quan chức năng có quyền cưỡng chế kiểm tra ngay lập tức. Đại diện Cục Bảo vệ Môi trường Đài Loan khuyến khích người dân đề xuất các vị trí cụ thể để đặt thiết bị đo nồng độ mùi, nhằm đảm bảo kết quả phản ánh đúng thực tế bức xúc của cộng đồng. Theo dữ liệu của Trip.com, trong kỳ nghỉ Tết Nguyên Đán 2026 người Việt đi du lịch nhiều hơn và có những xu hướng mới so với năm ngoái. Trong đó Trung... Nguồn: [Link nguồn]Nguồn: [Link nguồn]"
2288cb11c4b4c8506ab565e0d47fbdbe,"Vẻ đẹp hoang sơ, kiêu hãnh của Hòn Khoai",2026-02-26T08:00:00+00:00,24h,https://www.24h.com.vn/du-lich-24h/ve-dep-hoang-so-kieu-hanh-cua-hon-khoai-c76a1738391.html,vi,trang-chu,Hòn Khoai|đảo biển|chủ quyền Việt Nam|lịch sử|hoang sơ|vẻ đẹp,,"Lưu bài viết thành công Bạn có thể xem lại bài viết đã lưu ở trangTin bài đã lưu Cụm đảo Hòn Khoai (xã Đất Mũi, tỉnh Cà Mau) được coi là “cánh cửa ngoài khơi” của cực Nam Tổ quốc, nằm ở phía Đông Nam mũi Cà Mau, cách đất liền khoảng 15km. Không lâu nữa, với cầu cảng, cầu vượt biển nối với đất liền, nơi đây sẽ thành điểm nhấn của sự phát triển hướng ra biển, tiến về phương Nam. Hòn Khoai cùng các đảo vệ tinh Hòn Sao, Hòn Go, Hòn Đồi Mồi và Hòn Đá Lẻ tạo thành vành đai tự nhiên án ngữ biển Tây Nam. Nước biển nơi đây trong vắt, ánh lên sắc ngọc bích dưới nắng phương Nam. Từ đất liền nhìn ra, Hòn Khoai nổi bật với màu xanh bạt ngàn của rừng nguyên sinh phủ kín. Những thân cây cổ thụ rễ bám chặt vào vách đá, vươn mình trước gió biển quanh năm lộng thổi. Cầu cảng Hòn Khoai cũng đang được xây dựng khẩn trương. Mỗi khi bình minh lên, mặt trời từ từ nhô khỏi đường chân trời, nhuộm hồng cả một vùng trời biển, tạo nên khung cảnh vừa hùng tráng vừa thơ mộng. Hoàng hôn buông xuống lại mang theo gam màu cam đỏ rực rỡ. Đến đây, người ta có thể nghe rõ tiếng gió thổi qua tán rừng, tiếng sóng vỗ vào ghềnh đá, cảm nhận mùi mặn mòi của biển và hơi ấm của nắng gió phương Nam. Mỗi bước chân trên đảo như chạm vào sự giao hòa giữa thiên nhiên và lịch sử. Điểm nhấn đặc biệt trên đảo Hòn Khoai là ngọn hải đăng cổ kính - một trong những ngọn hải đăng lâu đời ở vùng biển phía Nam. Từ đây, phóng tầm mắt ra xa là biển trời mênh mông, nơi sóng vỗ rì rào vào vách đá, kể câu chuyện về bao lớp người đã bám đảo giữ biển. Không chỉ có thiên nhiên nguyên sơ, Hòn Khoai còn là “cột mốc sống” khẳng định chủ quyền biển đảo của Việt Nam. Trên đảo có lực lượng bộ đội ngày đêm canh giữ, bảo vệ vùng biển phía Tây Nam của Tổ quốc. Hòn Khoai còn gắn liền với dấu mốc lịch sử hào hùng khi nơi đây từng diễn ra cuộc khởi nghĩa do thầy giáo Phan Ngọc Hiển lãnh đạo năm 1940. Dấu tích ấy khiến hòn đảo không chỉ đẹp mà còn thiêng liêng, nhắc nhớ về truyền thống đấu tranh bất khuất của quân và dân vùng cực Nam. Hải đăng Mũi Kê Gà, ngọn hải đăng cổ nhất Việt Nam, là điểm đến lý tưởng để khám phá vẻ đẹp thiên nhiên hoang sơ và hùng vĩ giữa biển khơi, đồng thời... Nguồn: [Link nguồn]Nguồn: [Link nguồn]"
528ee34d677dcdc692dcb4a335a7517e,"Không còn gấu trúc thật, vườn thú cho nhân viên hóa trang để kéo khách",2026-02-26T05:00:00+00:00,24h,https://www.24h.com.vn/du-lich-24h/khong-con-gau-truc-that-vuon-thu-cho-nhan-vien-hoa-trang-de-keo-khach-c76a1740217.html,vi,trang-chu,Nhật Bản|Adventure World|hoá trang thành gấu trúc|gấu trúc - Không còn gấu trúc thật|vườn thú cho nhân viên hóa trang để kéo khách,,"Lưu bài viết thành công Bạn có thể xem lại bài viết đã lưu ở trangTin bài đã lưu Gần đây, những địa điểm du lịch gần gũi với thiên nhiên ngày càng được giới trẻ yêu thích và rừng trúc là một trong những điểm đến nổi bật. Không cần... Nguồn: [Link nguồn]Nguồn: [Link nguồn]"
732caa67f5d6638a7131a5cda84a07ac,Vì sao trên giường khách sạn thường đặt 4 chiếc gối?,2026-02-26T02:21:04+00:00,24h,https://www.24h.com.vn/du-lich-24h/vi-sao-tren-giuong-khach-san-thuong-dat-4-chiec-goi-c76a1737438.html,vi,trang-chu,khách sạn|gối khách sạn,,"Lưu bài viết thành công Bạn có thể xem lại bài viết đã lưu ở trangTin bài đã lưu Theo Science News, việc khách sạn đặt 4 chiếc gối trên giường không chỉ để trang trí mà còn nhằm đáp ứng thói quen ngủ đa dạng của du khách. Các gối thường có độ cao, độ mềm khác nhau để khách dễ lựa chọn chiếc phù hợp, mang lại giấc ngủ thoải mái. Mỗi người có tư thế và nhu cầu riêng - người chỉ cần một gối, người lại muốn thêm gối kê lưng hoặc chân. Vì vậy, việc chuẩn bị sẵn 4 chiếc gối giúp khách linh hoạt điều chỉnh theo ý thích mà không cần nhờ đến bộ phận buồng phòng. Ngoài sử dụng khi ngủ, gối cũng được khách hàng sử dụng để tựa vào đầu giường đọc sách, xem điện thoại, dùng máy tính xách tay... Chiếc gối êm ái giúp khách giảm đau lưng, cổ, vai, mang tới sự thoải mái. Khi ngủ, việc có nhiều gối cũng góp phần nâng đỡ tốt hơn cho vùng cổ, vai và lưng của du khách, giúp hạn chế tình trạng đau mỏi. Điều này đặc biệt quan trọng với những người vừa trải qua hành trình di chuyển dài mệt mỏi. Việc đặt 4 chiếc gối trên giường khách sạn nằm trong sự tính toán nhằm tối ưu trải nghiệm nghỉ ngơi và tăng tính thẩm mỹ. Ảnh minh họa: Freepik “Giấc ngủ chiếm 1/3 cuộc đời nên tư thế ngủ không thể xem nhẹ. Một chiếc gối phù hợp có thể là chìa khóa cho giấc ngủ hoàn hảo”, Science News viết. Nghiên cứu y khoa cho thấy gối quá cao hoặc quá thấp đều gây hại cho cột sống. Gối cao dễ dẫn đến đau, thoái hóa đốt sống cổ; gối quá thấp khiến đầu ngả ra sau, tăng nguy cơ cong vẹo cột sống và trào ngược dạ dày. Các nhà khoa học khuyến nghị gối cần nâng đỡ cả đầu và cổ để giữ đường cong tự nhiên của cột sống; có thể kê thêm một gối dưới chân để thư giãn cơ bắp và hỗ trợ lưu thông máu. Bên cạnh đó, việc cung cấp đủ 4 chiếc gối trên giường cũng là tiêu chuẩn bắt buộc của một số thương hiệu, chuỗi khách sạn lớn, nhằm mang tới sự nhất quán, chuyên nghiệp về hình ảnh. Những chiếc gối giúp giường ngủ trở nên sang trọng nhưng cũng mềm mại, ấm cúng hơn. Không được nói to số phòng của khách là quy tắc bắt buộc, một phần của tiêu chuẩn bảo mật quốc tế trong ngành khách sạn. Nguồn: [Link nguồn]Nguồn: [Link nguồn]"
db697ac6e07132f77389a2e04d873517,"Vì sao không nên mặc áo croptop, quần đùi, quần tất khi đi máy bay?",2026-02-25T18:00:00+00:00,24h,https://www.24h.com.vn/du-lich-24h/vi-sao-khong-nen-mac-ao-croptop-quan-dui-quan-tat-khi-di-may-bay-c76a1739820.html,vi,trang-chu,máy bay|kinh nghiệm du lịch,,"Lưu bài viết thành công Bạn có thể xem lại bài viết đã lưu ở trangTin bài đã lưu Nhiều người thường chọn trang phục thoải mái khi đi máy bay, đặc biệt trên các chuyến bay đường dài. Những lựa chọn phổ biến có thể kể đến như áo phông, quần thể thao hay áo hoodie. Tuy nhiên, theo chia sẻ trên Daily Mail, một tiếp viên hàng không khuyến cáo hành khách nên cân nhắc kỹ hơn khi chọn trang phục, đề phòng những tình huống khẩn cấp có thể xảy ra trong chuyến bay. Andrea Fischbach, tiếp viên hàng không của American Airlines, cho biết cô luôn tuân theo một quy tắc do mẹ dạy từ thuở nhỏ. “Tôi đi du lịch rất nhiều từ khi còn bé. Có một quy tắc mẹ luôn yêu cầu tôi phải tuân thủ và đến nay tôi vẫn giữ thói quen đó”, cô chia sẻ. Theo Andrea, trong trường hợp hạ cánh khẩn cấp, hành khách có thể phải trượt xuống máng thoát hiểm để sơ tán. “Việc trượt xuống máng thoát hiểm không hề dễ chịu, thậm chí có thể gây đau và va chạm mạnh khi tiếp đất ở phía dưới. Vì vậy, tốt nhất hành khách nên mặc trang phục che kín cơ thể càng nhiều càng tốt để hạn chế trầy xước hoặc chấn thương”, cô cho biết. Cô cũng khuyến cáo hành khách không nên mang giày cao gót, mặc quần áo quá bó sát hay đeo quá nhiều trang sức khi đi máy bay, bởi những món đồ này có thể gây bất tiện trong quá trình làm thủ tục và di chuyển tại sân bay. Từ kinh nghiệm thực tế, một số tiếp viên hàng không cho rằng, quần đùi, áo phông croptop, quần tất, dép xỏ ngón là những trang phục không phù hợp khi đi máy bay, nhất là khi có sự cố. Ảnh minh hoạ: Freepik Một tiếp viên hàng không khác, Sille Rydell, cũng đăng tải video trên tài khoản TikTok @sillerydell, chia sẻ về những trang phục cô khuyên hành khách không nên mặc khi đi máy bay. Theo Sille Rydell, quần đùi, áo croptop - kiểu áo dáng ngắn thường dài đến eo hoặc trên rốn - cùng dép xỏ ngón đều không phải lựa chọn phù hợp cho chuyến bay. Đây là kinh nghiệm mà cô rút ra sau khi chứng kiến nhiều tình huống thực tế. Cụ thể, cô cho rằng hành khách không nên mặc quần đùi, áo crop top vì nhiệt độ trong khoang máy bay thường khá lạnh. Trong khi đó, dép xỏ ngón tuy phù hợp khi đi biển nhưng lại bất tiện nếu phải di chuyển nhanh hoặc sơ tán trong tình huống hạ cánh khẩn cấp. Sille cũng khuyến cáo hành khách tránh những chất liệu dễ gây bí bách, khó chịu, bởi nhiệt độ trong khoang có thể thay đổi trong suốt chuyến bay. Ngoài ra, cô cho rằng quần tất không phải lựa chọn phù hợp khi bay vì thường được làm từ sợi tổng hợp. Trong trường hợp xảy ra hỏa hoạn, chất liệu này có thể nóng chảy và dính vào da, tiềm ẩn nguy cơ gây bỏng. Du khách có thể tham khảo lời khuyên từ chuyên gia công thái học hướng dẫn tư thế ngủ thoải mái trên những chuyến bay hạng phổ thông có chỗ ngồi chật... Nguồn: [Link nguồn]Nguồn: [Link nguồn]"
2f6a8d3ff0560ebdd649bc0eb52403e9,Du khách trả giá vì du lịch không ngừng nghỉ,2026-02-25T12:00:00+00:00,24h,https://www.24h.com.vn/du-lich-24h/du-khach-tra-gia-vi-du-lich-khong-ngung-nghi-c76a1733817.html,vi,trang-chu,du khách Mỹ|du khách|du lịch,,"Lưu bài viết thành công Bạn có thể xem lại bài viết đã lưu ở trangTin bài đã lưu Meredith Bethune, sống tại New York, Mỹ, từng có cuộc sống mà nhiều người mơ ước: trung bình mỗi tháng bay quốc tế một lần để phục vụ công việc, đi khắp thế giới đưa tin về các điểm đến nổi tiếng. Những lời mời như du ngoạn dọc bờ biển Na Uy, sau đó bay thẳng tới Las Vegas (Mỹ) dự lễ khai trương một nhà hàng luôn là ""đề nghị không thể chối từ"" vì quá hấp dẫn. Đổi lại, Bethune sống trong trạng thái di chuyển không ngừng nghỉ suốt nhiều năm. ""Những chuyến bay đường dài liên tục, các bữa ăn thịnh soạn, lịch trình kín mít và giấc ngủ thất thường đã âm thầm bào mòn sức khỏe"", Bethune nói, lý giải việc cô tăng cân nhanh chóng và thường xuyên rơi vào trạng thái kiệt sức. Bethune chụp ảnh lưu niệm khi đi bộ tại khu vực Grand Canyon, một trong những điểm du lịch nổi tiếng tại Mỹ. Ảnh: BI Ban đầu, Bethune tự trấn an rằng sự sa sút sức khỏe chỉ là ""cái giá phải trả"" cho công việc mơ ước. Đổi lại, cô có những trải nghiệm hiếm có như trekking ở Peru hay tham gia tour safari ngắm động vật hoang dã tại Kenya. Tuy nhiên, sau nhiều năm, nữ nhà báo buộc phải đối diện sự thật rằng cô không thể tiếp tục lối sống này nếu muốn bảo vệ sức khỏe. Bề ngoài, Bethune có cuộc sống lý tưởng, nhưng phía sau là những chuyến bay đêm triền miên, thiếu ngủ và vừa đặt chân đến nơi đã phải lao ngay vào công việc. Sau nhiều chuyến đi, cô mất gần một tuần mới hồi phục vì lệch múi giờ, chưa kể áp lực chờ đợi ở sân bay do hoãn hoặc hủy chuyến. Lịch trình dày đặc khiến Bethune hiếm khi có thời gian trả lời email. Mỗi lần trở về nhà, cô gần như không kịp nghỉ ngơi trước khi phải xử lý một hộp thư điện tử đầy ắp công việc. Việc thường xuyên tiếp xúc với không khí khô trên máy bay cũng làm suy yếu hệ miễn dịch, khiến Bethune dễ mắc các bệnh như cảm lạnh, cúm hoặc những bệnh lây nhiễm thông thường. Chế độ ăn uống của cô cũng thiếu cân bằng. Trong các chuyến công tác, Bethune thường xuyên dự những bữa ăn thịnh soạn và cảm thấy có áp lực phải thử nhiều món để phục vụ bài viết, hoặc ăn uống thất thường vì lịch trình di chuyển dày đặc. Những người làm trong lĩnh vực du lịch có lợi thế được đi nhiều nơi miễn phí, nhưng đổi lại lịch trình làm việc luôn dày dặc. Ảnh: Freelancer FAQS ""Tôi hầu như không tập thể dục vì thường xuyên về khách sạn muộn, rời đi sớm và phải ngồi hàng giờ trên xe giữa các điểm dừng"", cô chia sẻ. Việc di chuyển liên tục đôi khi khiến Bethune cảm thấy cô đơn. Phần lớn thời gian, cô ở bên các đối tác, đồng nghiệp và hướng dẫn viên - những người thân thiện nhưng không gắn bó lâu dài trong cuộc sống cá nhân. Bạn bè thân thiết của cô sống xa, còn các chuyến thăm liên tục bị trì hoãn vì công việc. Trong khi đó, cha mẹ Bethune ngày càng lớn tuổi và cần nhiều sự hỗ trợ hơn. Sau gần 10 năm rong ruổi, Bethune nhận ra sức khỏe của mẹ cô suy giảm rõ rệt. Điều này trở thành hồi chuông cảnh tỉnh, buộc cô phải nghiêm túc nhìn lại lối sống của mình. Những chuyến đi không ngừng đã âm thầm tàn phá sức khỏe của cô. Hiện tại, Bethune cho biết cô cảm thấy tốt hơn nhiều khi giảm tần suất du lịch. Mỗi năm, cô chỉ bay một đến hai lần để công tác, tập thể dục gần như mỗi ngày và duy trì chế độ ăn uống lành mạnh. Nhờ đó, cô giảm được khoảng 22 kg và ngủ ngon hơn. Khi phải đi xa, Bethune ưu tiên các điểm đến gần nhà. Gần đây, cô hoàn thành chuyến đi bộ xuyên hẻm núi Grand Canyon — điều mà trước đây cô không dám thử vì thể trạng không cho phép. ""Từ bỏ công việc mơ ước không hề dễ dàng, nhưng tôi muốn giữ gìn sức khỏe tốt nhất có thể trong thời gian dài"", Bethune nói. Brazil - Nam du khách 37 tuổi ngạt thở và thiệt mạng sau khi tham gia trò chơi ăn dưa hấu không dùng tay để giành giải thưởng tại khu nghỉ dưỡng ở Sao... Nguồn: [Link nguồn]Nguồn: [Link nguồn]"
14c43427d33741ac617890a107e469b6,Xác minh thông tin giáo viên bắt học sinh tiểu học liếm đất,2026-02-26T14:34:07+00:00,24h,https://www.24h.com.vn/giao-duc-du-hoc/xac-minh-thong-tin-giao-vien-bat-hoc-sinh-tieu-hoc-liem-dat-c216a1740406.html,vi,trang-chu,giáo viên|học sinh tiểu học|liếm đất,,"Lưu bài viết thành công Bạn có thể xem lại bài viết đã lưu ở trangTin bài đã lưu Cụ thể, theo phản ánh, cô giáo được “nhắc” đến thuộc Trường Tiểu học Trưng Nhị (phường Phúc Yên, Phú Thọ) đã bắt học sinh trong lớp phải liếm đất. Một số em không liếm, nhưng phần lớn đều phải cúi xuống mặt đất vì quá sợ cô giáo. Hình ảnh đang lan truyền trên mạng xã hội (ảnh: MXH) Người đăng tải thông tin cho biết, sáng nay cô giáo đã xin lỗi. Tuy nhiên, nhiều phụ huynh bức xúc cho rằng không dừng lại ở việc xin lỗi. Trao đổi với phóng viên VOV chiều nay, lãnh đạo Phường Phúc Yên (Phú Thọ) cho biết, đã nắm được thông tin và đã giao cho công an phường vào cuộc xác minh sự việc. “Trong cuộc họp tối nay, chúng tôi sẽ thông tin rõ ràng về sự việc sau khi công an phường vào cuộc” - lãnh đạo UBND phường Phúc Yên cho biết thêm. Ban giám hiệu Trường Mầm non Gia Thụy (phường Bồ Đề, TP Hà Nội) đã tạm đình chỉ công tác đối với 2 giáo viên của trường để xác minh, điều tra hành vi... Nguồn: [Link nguồn]Nguồn: [Link nguồn]"
4b465637e9e86fe39d8bf826a0c18faf,Thấp thỏm 12 khu vực tuyển sinh lớp 10 tại Hà Nội,2026-02-26T12:00:00+00:00,24h,https://www.24h.com.vn/giao-duc-du-hoc/thap-thom-12-khu-vuc-tuyen-sinh-lop-10-tai-ha-noi-c216a1740270.html,vi,trang-chu,tuyển sinh lớp 10|Hà Nội|phụ huynh|địa giới hành chính|chính sách giáo dục|kỳ thi lớp 10|giáo dục Hà Nội,,"Lưu bài viết thành công Bạn có thể xem lại bài viết đã lưu ở trangTin bài đã lưu Nhiều trường THCS tại Hà Nội đã chủ động hỗ trợ phụ huynh hoàn thiện hồ sơ để đăng kí xét tuyển sớm vào các trường THPT ngoài công lập. Tâm lí “giữ chỗ” xuất hiện rõ nét khi phương án phân tuyến lớp 10 năm học 2026-2027 chưa được công bố. Bà Nguyễn Thu Hương, Hiệu trưởng Trường THCS Nguyễn Du (phường Cửa Nam, Hà Nội) cho biết, nhiều phụ huynh đề nghị nhà trường photo học bạ để nộp hồ sơ xét tuyển vào trường ngoài công lập. Giáo viên chủ nhiệm tập hợp, chuyển lên hiệu trưởng kí xác nhận rồi trả lại cho phụ huynh. Hoạt động này diễn ra thường niên, song năm nay nhu cầu có phần tăng hơn do yếu tố địa giới hành chính thay đổi. Thí sinh tại Hà Nội thituyển sinh lớp 10năm học 2025-2026. Ảnh: NHƯ Ý Anh Nguyễn Văn Hùng có con học lớp 9 tại Trường THCS Nguyễn Du chia sẻ, gia đình được giáo viên thông báo trên nhóm Zalo về việc nhà trường hỗ trợ hồ sơ xét tuyển sớm. Anh dự kiến đăng kí cho con vào Trường THPT Tạ Quang Bửu (ĐH Bách khoa Hà Nội). Gia đình thấy rằng đây là phương án phù hợp với năng lực học tập của con và điều kiện tài chính. Nhiều trường THPT ngoài công lập đã thông báo tuyển sinh từ cuối năm 2025. Trong bối cảnh phương án phân tuyến công lập chưa rõ ràng, lựa chọn ngoài công lập trở thành một “điểm tựa an toàn” để phụ huynh tại Thủ đô giảm áp lực. Tuy nhiên, điều khiến không ít gia đình băn khoăn là việc đăng kí nguyện vọng vào trường công lập năm nay sẽ được tổ chức ra sao khi không còn cấp quận/huyện như trước. Chị Trần Thị Hồng Nhung, phường Hồng Hà (Hà Nội) đặt vấn đề: Nếu không còn ranh giới hành chính cũ, tuyến tuyển sinh có thay đổi? Nhu cầu học “trái tuyến” liệu còn được đáp ứng như các năm trước và con chị sẽ đăng kí nguyện vọng ở đâu khi xét theo phân tuyến cũ, gia đình chị thuộc quận Tây Hồ và tuyến tuyển sinh của con thuộc các trường THPT của quận Tây Hồ, Ba Đình. Nhưng phường Hồng Hà hiện nay gồm các phường cũ của 5 quận Tây Hồ, Hoàn Kiếm, Hai Bà Trưng, Ba Đình, Long Biên. Việc sắp xếp lại địa giới hành chính không đơn thuần là tinh gọn bộ máy. Trong quản trị công, mỗi thay đổi về cấu trúc quản lí đều có thể kéo theo điều chỉnh về chính sách. Giáo dục, với tính chất nhạy cảm và tác động xã hội rộng lớn, càng chịu ảnh hưởng rõ rệt. Mô hình 12 khu vực tuyển sinh lớp 10 của Hà Nội trước đây được thiết kế dựa trên ranh giới quận, huyện. Đây không chỉ là cách chia địa lí, mà còn là công cụ điều tiết chỉ tiêu, phân bổ học sinh, giảm áp lực dồn vào các trường trung tâm. Khi cấu trúc hành chính thay đổi, việc duy trì cơ học mô hình phân tuyến cũ đặt ra câu hỏi về tính hợp lí và cập nhật của chính sách. Nếu nền tảng địa giới không còn nguyên vẹn, cơ sở kĩ thuật của cách chia 12 khu vực cũng cần được rà soát. Tuy vậy, không thể mặc định rằng cứ thay đổi địa giới thì tuyển sinh sẽ tự động thay đổi theo. Phân tuyến lớp 10 thực chất là công cụ điều tiết cơ hội tiếp cận giáo dục công lập, gắn với bài toán quy hoạch mạng lưới trường lớp, mật độ dân cư và chênh lệch chất lượng giữa các trường. Trao đổi với Tiền Phong, lãnh đạo Sở GD&ĐT Hà Nội cho biết chưa có hướng dẫn tuyển sinh cụ thể. Các thông tin về phân tuyến phải chờ sau khi UBND TP Hà Nội phê duyệt chính thức mới được công bố. Như vậy, đến thời điểm này, chưa có văn bản chính thức nào từ Sở GD&ĐT Hà Nội hay UBND TP Hà Nội về việc thay thế 12 khu vực tuyển sinh bằng phương án mới dựa trên GIS hay địa điểm cư trú. Điều đó đồng nghĩa mọi thông tin đang lưu hành mới dừng ở mức lấy ý kiến, dự kiến hoặc trao đổi nội bộ, chưa phải quy định chính thức. Trong khi phương án phân tuyến chưa được công bố, cấu trúc môn thi của kì tuyển sinh lớp 10 năm học 2026-2027 đã dần rõ ràng trên phạm vi cả nước. Khoảng 2/3 số tỉnh, thành phố đã công bố môn thi thứ ba; phần lớn lựa chọn ngoại ngữ. Việc công bố sớm giúp học sinh chủ động kế hoạch ôn tập ngay từ học kì 2 thay vì chờ sát thời điểm thi. Một số địa phương như Lâm Đồng, Vĩnh Long tổ chức xét tuyển với lớp 10 đại trà, song thí sinh muốn vào trường chuyên vẫn phải thi ba môn: Toán, Ngữ văn và tiếng Anh. Riêng Tuyên Quang chọn môn Khoa học tự nhiên. Với Hà Nội, địa phương có quy mô giáo dục lớn, mỗi năm hơn 100.000 thí sinh dự thi lớp 10 THPT công lập, quyết định môn thi thứ ba luôn thu hút sự quan tâm đặc biệt của dư luận. Trên cơ sở nhiều căn cứ khoa học và thực tiễn, thành phố đã quyết định chọn ngoại ngữ là môn thi thứ ba đối với tuyển sinh vào lớp 10 THPT công lập không chuyên năm học 2026-2027. Như vậy, thí sinh sẽ làm ba bài thi gồm Toán, Ngữ văn và ngoại ngữ. Những năm trước, kì thi lớp 10 của Hà Nội thường diễn ra vào đầu tháng 6. Hiện thời gian tổ chức kì thi năm học 2026-2027 vẫn chưa được công bố. Trong bối cảnh đó, câu hỏi về mô hình phân tuyến vẫn để ngỏ. Việc sắp xếp lại địa giới hành chính tạo ra tiền đề để rà soát chính sách, song thay đổi - nếu có - cần dựa trên tính toán tổng thể về quy hoạch trường lớp, phân bố dân cư và bảo đảm công bằng tiếp cận giáo dục. Ổn định chính sách, công bố kịp thời và minh bạch lộ trình điều chỉnh sẽ là yếu tố then chốt để bảo đảm niềm tin của phụ huynh, học sinh trong một kì thi vốn đã nhiều áp lực. Để giảm áp lực cho học sinh THCS trong kỳ thi vượt cấp, Bộ GD&ĐT cần thiết sửa quy chế tuyển sinh THPT, trong đó giữ nguyên 2 môn thi Toán và Ngữ văn... Nguồn: [Link nguồn]Nguồn: [Link nguồn]"
c9daa10a051b0a4066728f2373a50133,Đại học Bách khoa TP HCM nhân đôi ba loại điểm Toán,2026-02-26T08:00:00+00:00,24h,https://www.24h.com.vn/giao-duc-du-hoc/dai-hoc-bach-khoa-tp-hcm-nhan-doi-ba-loai-diem-toan-c216a1740307.html,vi,trang-chu,Đại học Bách khoa TP HCM|tuyển sinh đại học 2026|quy đổi IELTS,,"Lưu bài viết thành công Bạn có thể xem lại bài viết đã lưu ở trangTin bài đã lưu Ngày 26/2, trường Đại học Bách khoa, Đại học Quốc gia TP HCM, công bố phương án tuyển sinh. Trường dành hầu hết chỉ tiêu (95-99%) để xét tuyển tổng hợp từ điểm học bạ, thi tốt nghiệp THPT và đánh giá năng lực; còn lại tuyển thẳng, ưu tiên xét tuyển học sinh giỏi quốc gia, quốc tế. Với phương thức xét tuyển tổng hợp, trường Đại học Bách khoa nhân đôi điểm môn Toán trong kết quả học bạ, thi tốt nghiệp THPT và đánh giá năng lực. Năm ngoái, trường chỉ nhân đôi điểm môn này trong bài thi đánh giá năng lực. Hội đồng tuyển sinh cho hay đây là bước tiếp nối trong lộ trình lấy môn Toán làm trọng tâm đánh giá đầu vào. Điểm xét tuyển tổng hợp = Điểm học lực + Điểm cộng + Điểm ưu tiên Trong đó, Điểm học lực = (Điểm năng lực) x 70% + (Điểm tốt nghiệp THPT quy đổi) x 20% + (Điểm học THPT quy đổi) x 10%. Công thức tính điểm xét tuyển của Đại học Bách khoa TP HCM năm 2026 cụ thể như sau: Điểm cộng dành cho thí sinh có thành tích đặc biệt, tối đa 10/100 điểm, sẽ được công bố sau. Điểm ưu tiên thực hiện theo quy định của Bộ Giáo dục và Đào tạo, tối đa 9,17/100. Năm ngoái, trường Đại học Bách khoa tuyển hơn 5.500 sinh viên. Chuẩn đầu vào trải rộng từ 55,05 đến 85,41/100, cao nhất là ngành Khoa học máy tính. Thí sinh TP HCM thi tốt nghiệp THPT 2025. Ảnh: Quỳnh Trần Trường ĐH Bách khoa TPHCM, Trường ĐH Khoa học Xã hội và Nhân văn TPHCM và Trường ĐH Khoa học Sức khỏe thuộc ĐH Quốc gia TPHCM sẽ xét tuyển tổng hợp... Nguồn: [Link nguồn]Nguồn: [Link nguồn]"
5a4ee00880ac5aadfff8f9d8b5eb4d70,Học phí cao nhất của Trường ĐH Y khoa Phạm Ngọc Thạch năm 2026 là 81 triệu đồng,2026-02-26T05:00:00+00:00,24h,https://www.24h.com.vn/giao-duc-du-hoc/hoc-phi-cao-nhat-cua-truong-dh-y-khoa-pham-ngoc-thach-nam-2026-la-81-trieu-dong-c216a1740269.html,vi,trang-chu,học phí|đại học|Y khoa|Phạm Ngọc Thạch|tuyển sinh|năm 2026,,"Lưu bài viết thành công Bạn có thể xem lại bài viết đã lưu ở trangTin bài đã lưu Theo thông tin tuyển sinh vừa được công bố, năm 2026, Trường ĐH Y khoa Phạm Ngọc Thạch dự kiến tuyển khoảng 2.155 chỉ tiêu cho 13 ngành đào tạo đại học chính quy. Trong đó, ngành Y khoa chiếm số lượng lớn nhất với 830 chỉ tiêu; tiếp đến là Điều dưỡng (400 chỉ tiêu), Dược học (200 chỉ tiêu) và Răng – Hàm – Mặt (115 chỉ tiêu). Các ngành khác như Dinh dưỡng, Kỹ thuật xét nghiệm y học, Y học cổ truyền, Hộ sinh… có chỉ tiêu dao động từ 40 đến 100 sinh viên. Học phí của Trường ĐH Y khoa Phạm Ngọc Thạch năm 2026 tăng mạnh. Về học phí, mức dự kiến áp dụng trong năm học 2026–2027 ở một số ngành cụ thể như sau: Ngành Y khoa và Răng – Hàm – Mặt là 81 triệu đồng/năm, tăng gần 26 triệu đồng so với năm trước đó; Ngành Dược học và Y học cổ truyền: 68 triệu đồng/năm, tăng gần 13 triệu đồng. Các ngành cử nhân còn lại: 47 triệu đồng/năm, tăng gần 6 triệu đồng so với năm trước. Học phí năm 2026 -2027. Nhà trường cho biết lộ trình tăng học phí các năm tiếp theo (nếu có) sẽ không vượt quá 10% mỗi năm. So với năm học 2025–2026, mức học phí mới tăng đáng kể. Trước đó, các ngành Y khoa, Răng – Hàm – Mặt, Dược học, Y học cổ truyền thu khoảng 55,2 triệu đồng/năm; các ngành còn lại khoảng 41,8 triệu đồng/năm. Bảng học phí dự kiến. Năm 2026, trường tiếp tục áp dụng hai phương thức tuyển sinh gồm: xét tuyển dựa trên điểmkỳ thi tốt nghiệp THPTvà xét tuyển thẳng theo quy định của Bộ GD&ĐT. Các tổ hợp xét tuyển gồm B00, B03, B08, A00, A01, D01 và D07. Thí sinh không được quy đổi điểm ngoại ngữ khi lựa chọn tổ hợp có môn tiếng Anh. Thông tin ngành học, chỉ tiêu, tổ hợp xét tuyển của Trường năm 2026. Việc điều chỉnh học phí được cho là nhằm bảo đảm điều kiện đào tạo, đầu tư cơ sở vật chất và nâng cao chất lượng giảng dạy trong bối cảnh các ngành khối sức khỏe có chi phí đào tạo cao. Tuyển sinh khối ngành sức khỏe năm 2026 ghi nhận nhiều thay đổi khi một số trường đại học mở thêm ngành mới, đồng thời điều chỉnh phương thức và tổ... Nguồn: [Link nguồn]Nguồn: [Link nguồn]"
bd65e0fa3c67884d9f964a0afb3648ea,TPHCM buộc một trường hoàn trả học phí cho hơn 2.000 người học,2026-02-26T02:00:00+00:00,24h,https://www.24h.com.vn/giao-duc-du-hoc/tphcm-buoc-mot-truong-hoan-tra-hoc-phi-cho-hon-2000-nguoi-hoc-c216a1740207.html,vi,trang-chu,giáo dục|Lý Tự Trọng|kiểm tra|sai phạm|học phí|đào tạo|TP.HCM,,"Lưu bài viết thành công Bạn có thể xem lại bài viết đã lưu ở trangTin bài đã lưu Sở Giáo dục và Đào tạo TPHCM vừa thông báo điều chỉnh, cập nhật kết quả kiểm tra đột xuất đối với Trường Cao đẳng Lý Tự Trọng TPHCM, thay thế cho thông báo trước đó (vào tháng 9/2025). Việc điều chỉnh được thực hiện sau khi cơ quan chức năng rà soát lại kết luận trước đó cùng các báo cáo giải trình của nhà trường. Sinh viên Trường Cao đẳng Lý Tự Trọng trong buổi học thực hành Theo thông báo, trong giai đoạn từ năm học 2020-2021 đến năm học 2024-2025, trường đã tạm thu học phí của 15.943 người học với tổng số tiền hơn 158 tỷ đồng. Tính đến ngày 31/3/2025, nhà trường đã hoàn trả 137 tỷ đồng cho 13.921 người học. Tuy nhiên, vẫn còn 2.022 người chưa được nhận lại tiền, với tổng số tiền hơn 20,4 tỷ đồng. Sở Giáo dục và Đào tạo TPHCM yêu cầu nhà trường khẩn trương hoàn lại khoản học phí đã tạm thu đối với học sinh, sinh viên thuộc diện được miễn, giảm theo quy định. Trường hợp không thể thực hiện việc chi trả, nhà trường phải giải trình cụ thể nguyên nhân từng trường hợp, đồng thời xác định trách nhiệm của cá nhân, tổ chức liên quan đến việc chậm trễ, làm ảnh hưởng quyền lợi của người học. Đồng thời, trường phải hoàn trả ngân sách nhà nước đối với số kinh phí đã rút dự toán về tài khoản tiền gửi của đơn vị mở tại Kho bạc Nhà nước hoặc ngân hàng thương mại. Sở Giáo dục và Đào tạo TPHCM cũng nêu rõ nhiều hành vi vi phạm hành chính trong lĩnh vực giáo dục nghề nghiệp của Trường Cao đẳng Lý Tự Trọng TPHCM. Các sai phạm được xác định, gồm: phân công giảng viên dạy vượt định mức giờ giảng, sử dụng giảng viên chưa đủ điều kiện, chuyên môn không phù hợp, bố trí sĩ số vượt quy mô lớp học, riêng môn Kỹ năng mềm có sĩ số bình quân 350 học sinh, sinh viên mỗi lớp. Ngoài ra, Sở còn ghi nhận nhà trường không thực hiện chế độ báo cáo về hoạt động liên kết đào tạo, tổ chức đào tạo liên thông khi chưa đủ điều kiện, xây dựng và ban hành chương trình đào tạo không bảo đảm mục tiêu, cấu trúc, nội dung và khối lượng kiến thức tối thiểu theo quy định,... Trường không tổ chức giảng dạy đúng theo kế hoạch, tiến độ và thời khóa biểu đào tạo, có lớp trúng tuyển theo hình thức chính quy nhưng lại sắp xếp tiến độ học theo hình thức vừa làm vừa học. Đối với môn kỹ năng mềm, thời khóa biểu thể hiện 55 tiết, trong khi chương trình quy định 60 tiết. Việc kiểm tra, thi và đánh giá được tổ chức không đúng quy định, bài thi trên giấy có nhiều điểm chưa phù hợp như không đánh phách, thiếu chữ ký giám khảo, chấm bài sơ sài. Cùng với đó, trường còn xét công nhận tốt nghiệp cho người học chưa đủ điều kiện, cấp văn bằng, chứng chỉ chậm thời hạn, vi phạm quy định về lưu trữ, bảo quản hồ sơ người học, không xây dựng và sử dụng đầy đủ các loại sổ sách quản lý đào tạo theo quy định. Thay vì phải đóng học phí theo quy định như hiện nay, sắp tới việc đào tạo bác sĩ nội trú sẽ được TPHCM chi trả toàn bộ học phí. Nguồn: [Link nguồn]Nguồn: [Link nguồn]"
7fb35087efb2000a3fb50b30ac0775c9,Nhiều trường thành viên của ĐHQG TPHCM đổi mới phương thức xét tuyển 2026,2026-02-26T00:00:00+00:00,24h,https://www.24h.com.vn/giao-duc-du-hoc/nhieu-truong-thanh-vien-cua-dhqg-tphcm-doi-moi-phuong-thuc-xet-tuyen-2026-c216a1740108.html,vi,trang-chu,xét tuyển|đại học|ĐHQG|TPHCM|phương thức xét tuyển|sinh viên|chọn nghề,,"Lưu bài viết thành công Bạn có thể xem lại bài viết đã lưu ở trangTin bài đã lưu Năm 2026, Trường ĐH Khoa học xã hội và Nhân văn TPHCM (ĐHQG TPHCM) dự kiến tuyển sinh theo 2 phương thức, gồm: Xét tuyển thẳng theo quy định của Bộ GD-ĐT và xét tuyển tổng hợp. Ở năm 2025, nhà trường tuyển sinh 3 phương thức, gồm: xét tuyển thẳng, điểm thi đánh giá năng lực (ĐGNL), điểm thi THPT. 2026 cũng là năm đầu tiên trường có phương thức xét tuyển tổng hợp kết hợp các tiêu chí: Kết quả kỳ thi ĐGNL ĐHQG TPHCM năm 2026; kết quả học tập 3 năm THPT (HB); thành tích trong học tập, hoạt động xã hội, văn hóa, thể dục, thể thao, văn nghệ; chứng chỉ ngoại ngữ quốc tế. Công thức tính điểm gồm: ĐXT = w1THPT + w2ĐGNL + w3HB + [điểm cộng] + [điểm ưu tiên] Với w là trọng số của các thành phần điểm thi, cụ thể: + w1 là trọng số của điểm thi tốt nghiệp THPT năm 2026; + w2 là trọng số của điểm thi ĐGNL của ĐHQG TPHCM năm 2026; + w3 là trọng số của điểm HB: tổng điểm trung bình cộng kết quả học tập của 3 năm học THPT cao nhất thuộc một trong các tổ hợp xét tuyển của ngành tương ứng. Trong đó: w1 = 45%, w2 = 45% và w3 = 10% Tổng điểm (w1THPT + w2ĐGNL + w3HB) được gọi là Điểm học lực (ĐHL), được tính theo nguyên tắc riêng. Một số ngành học, chương trình dự kiến mở thêm trong năm 2026 của Trường ĐH Khoa học Xã hội và Nhân văn Năm 2026, Trường ĐH Khoa học Sức khỏe (ĐHQG TPHCM) cũng dự kiến triển khai áp dụng 2 phương thức xét tuyển. Trong đó, trường dành khoảng 5% tổng chỉ tiêu cho các đối tượng xét tuyển thẳng, ưu tiên xét tuyển thẳng theo quy định của Bộ GD- ĐT; 95% còn lại dành cho phương thức xét tuyển tổng hợp. Công thức xét tuyển tổng hợp: Điểm xét tuyển = Điểm thi ĐGNL × a + Điểm thi THPT × b + Điểm HB × c + Điểm cộng (nếu có) + Điểm ưu tiên đối tượng, khu vực (nếu có). Trong đó, hệ số a, b, c dự kiến lần lượt là: tối thiểu 40%, tối đa 35%, tối đa 25%; điểm THPT và điểm HB được tính theo tổ hợp môn xét tuyển. Ngành và chỉ tiêu tuyển sinh dự kiến của Trường ĐH Khoa học Sức khỏe năm 2026. Năm nay, Trường ĐH Công nghệ thông tin (ĐHQG TPHCM) lần đầu tiên mở chỉ tiêu tuyển sinh viên quốc tế vào ngành kỹ thuật phần mềm. Đối tượng tuyển sinh là công dân các quốc gia thuộc Hiệp hội các quốc gia Đông Nam Á (ASEAN), có nguyện vọng học tập tại trường, ngành kỹ thuật phần mềm, theo chương trình đào tạo giảng dạy bằng tiếng Việt; đã tốt nghiệp THPT hoặc tương đương. Về phương thức tuyển sinh, nhà trường dự kiến tuyển sinh 2 phương thức: Tuyển thẳng theo quy chế tuyển sinh của Bộ GD-ĐT và xét tuyển tổng hợp. Chỉ tiêu xét tuyển dự kiến của Trường ĐH Công nghệ thông tin năm 2026 Năm 2026, Trường dự kiến tuyển sinh 5.045 chỉ tiêu cho 39 ngành/nhóm ngành chương trình đào tạo thuộc 8 lĩnh vực. Ở phương thức xét tuyển, trường có 2 phương thức chính: Phương thức 1: xét tuyển thẳng, ưu tiên xét tuyển theo quy chế tuyển sinh ĐH của Bộ GD-ĐT; xét tuyển thí sinh có quốc tịch nước ngoài, tốt nghiệp THPT ở nước ngoài dựa trên kết quả học tập THPT; áp dụng cho các chương trình đào tạo theo đề án (chương trình tiên tiến, chương trình tăng cường tiếng Anh). Phương thức 2:  Xét tuyển theo phương thức kết hợp (kết quảkỳ thi tốt nghiệp THPTnăm 2026 hoặc kết quả kỳ thi ĐGNL kết hợp điểm học bạ). Tất cả điểm tổ hợp của kết quả điểm thi THPT 2026, điểm tổ hợp của học bạ, kết quả kỳ thi ĐGNL năm 2026 sẽ được chuẩn hóa về thang điểm 30 khi áp dụng vào công thức kết hợp. Mức học phí dự kiến của Trường ĐH Khoa học Tự nhiên năm 2026 Sáng 25/2, Đại học Bách Khoa Hà Nội công bố, năm 2026 sẽ tuyển sinh 9.880 chỉ tiêu và giữ ổn định 3 phương thức tuyển sinh gồm: Xét tuyển tài năng... Nguồn: [Link nguồn]Nguồn: [Link nguồn]"
dfa3ad794fe3f0f80274c8431de9f81e,Vô sinh không do bệnh lý: 4 nguyên nhân bất ngờ đến từ lối sống nhiều người thường chủ quan,2026-02-26T14:00:00+00:00,24h,https://www.24h.com.vn/suc-khoe-doi-song/vo-sinh-khong-do-benh-ly-4-nguyen-nhan-bat-ngo-den-tu-loi-song-nhieu-nguoi-thuong-chu-quan-c62a1733185.html,vi,trang-chu,nguyên nhân gây vô sinh|vô sinh do đâu|thói quen gây vô sinh,,"Lưu bài viết thành công Bạn có thể xem lại bài viết đã lưu ở trangTin bài đã lưu Cuộc sống hiện đại với nhiều áp lực và thói quen sinh hoạt thiếu khoa học đã khiến tỷ lệ vô sinh ngày càng gia tăng và trẻ hóa. Tuy nhiên, nhiều người chỉ tập trung thăm khám chuyên sâu tại cơ quan sinh sản mà bỏ qua những ""kẻ thù giấu mặt"" từ chính lối sống và các bệnh lý khác tưởng chừng như không liên quan đến chức năng sinh sản. Việc nhận diện sớm những nguyên nhân này là bước đầu tiên và quan trọng để cải thiện khả năng thụ thai tự nhiên. Dưới đây là những nguyên nhân gây vô sinh bất ngờ mà nhiều người thường chủ quan: Cân nặng đóng vai trò quan trọng trong việc điều hòa hormone sinh sản. Tế bào mỡ không chỉ là nơi dự trữ năng lượng mà còn tham gia vào quá trình sản xuất estrogen. - Thừa cân, béo phì:Lượng mỡ dư thừa làm tăng sản xuất estrogen, gây mất cân bằng nội tiết tố. Ở nữ giới, điều này dẫn đến rối loạn rụng trứng, buồng trứng đa nang. Ở nam giới, béo phì làm giảm nồng độ testosterone và tăng nhiệt độ vùng bìu, khiến chất lượng tinh trùng suy giảm. - Quá gầy:Ngược lại, khi cơ thể thiếu hụt chất béo nghiêm trọng, não bộ sẽ nhận tín hiệu rằng cơ thể không đủ năng lượng để nuôi dưỡng thai nhi, từ đó ngừng tiết các hormone kích thích rụng trứng. Theo ThS.BSCKII Nguyễn Trần Thành - Phó Trưởng khoa Phẫu thuật Tiết niệu - Nam học (Bệnh viện 19-8), khi nam giới gặp tình trạng thừa cân, béo phì thì chất lượng tinh trùng và khả năng sinh lý cũng bị ảnh hưởng. Tuy nhiên, không phải trường hợp nào béo phì chất lượng tinh trùng cũng suy giảm và không phải trường hợp nào chất lượng tinh trùng giảm thì đều liên quan tới béo phì. Thói quen của nhiều nam giới hiện đại là để điện thoại trong túi quần hoặc đặt máy tính xách tay (laptop) trực tiếp lên đùi khi làm việc có thể gây vô sinh do nhiệt độ và bức xạ. (Ảnh minh họa AI) Nhiều nam giới thường xuyên để điện thoại trong túi quần hoặc đặt máy tính xách tay trực tiếp lên đùi khi làm việc. Thói quen này vô tình làm tăng nhiệt độ vùng bìu, gây ảnh hưởng tiêu cực đến chất lượng tinh trùng. Tinh hoàn cần nhiệt độ thấp hơn nhiệt độ cơ thể khoảng 1-2 độ C để sản xuất tinh trùng tốt nhất. Nhiệt lượng tỏa ra từ laptop khi đặt trên đùi trong thời gian dài sẽ làm nóng vùng bìu, gây chết tinh trùng hoặc làm giảm khả năng di động của chúng. Tương tự, sóng điện từ của điện thoại khi để quá gần cơ quan sinh dục trong thời gian dài cũng được cảnh báo là có thể ảnh hưởng tiêu cực đến sức khỏe sinh sản. Đây là một trong những nguyên nhân khiến nhiều người ngạc nhiên nhất. Theo các chuyên gia, sức khỏe răng miệng có mối liên hệ mật thiết với sức khỏe sinh sản ở cả nam và nữ. Ở nam giới, vi khuẩn gây bệnh viêm nướu, viêm nha chu có thể xâm nhập vào máu, gây ra phản ứng viêm toàn thân. Tình trạng này ảnh hưởng trực tiếp đến số lượng và khả năng di chuyển của tinh trùng. Thậm chí, vi khuẩn từ miệng có thể lây lan và gây tắc nghẽn ống dẫn tinh. Đối với nữ giới, bệnh nha chu có thể kéo dài thời gian thụ thai. Phụ nữ mắc bệnh nướu răng thường mất nhiều thời gian để có thai hơn so với người có sức khỏe răng miệng tốt. Ngoài ra, viêm lợi nặng trong thai kỳ còn làm tăng nguy cơ sinh non và thai nhẹ cân. Vì vậy, việc khám nha khoa định kỳ và giữ gìn vệ sinh răng miệng sạch sẽ là điều cần thiết trước khi có kế hoạch sinh con. Khi cơ thể bị căng thẳng, não bộ sẽ tiết ra hormone cortisol và epinephrine. Sự gia tăng của các hormone này sẽ ức chế vùng hạ đồi, làm gián đoạn quá trình sản xuất các hormone sinh dục. Ở phụ nữ, stress nặng có thể gây trễ kinh hoặc vô kinh (ngừng rụng trứng). Ở nam giới, áp lực tâm lý làm giảm ham muốn tình dục và số lượng tinh trùng. Một tinh thần thoải mái, ngủ đủ giấc chính là liều thuốc tự nhiên tốt nhất để tăng cường khả năng thụ thai. Vô sinh hiếm muộn đôi khi bắt nguồn từ những thói quen nhỏ nhặt hàng ngày. Để bảo vệ sức khỏe sinh sản, các cặp đôi cần duy trì lối sống lành mạnh: kiểm soát cân nặng, giữ vệ sinh răng miệng, hạn chế tiếp xúc nhiệt độ cao ở vùng kín và giữ tinh thần lạc quan. Nếu sau 6 tháng đến 1 năm quan hệ đều đặn không sử dụng biện pháp tránh thai mà chưa có tin vui, cả hai vợ chồng nên đi khám sớm để tìm ra nguyên nhân và có hướng điều trị kịp thời. Tỷ lệ vô sinh nữ đang có xu hướng tăng nhanh trong xã hội hiện đại. Bên cạnh các yếu tố di truyền, nhiều tác nhân từ môi trường và bệnh lý viêm nhiễm... Nguồn: [Link nguồn]Nguồn: [Link nguồn]"
eeade6793b91ddadd70764f311267d31,"Bia không cồn thực chất là gì, vì sao nó không rẻ?",2026-02-26T12:00:00+00:00,24h,https://www.24h.com.vn/suc-khoe-doi-song/bia-khong-con-thuc-chat-la-gi-vi-sao-no-khong-re-c62a1740388.html,vi,trang-chu,lịch sử|uống rượu bia|Sự thật|thú vị|bia không say,,"Lưu bài viết thành công Bạn có thể xem lại bài viết đã lưu ở trangTin bài đã lưu Những năm gần đây, thị trường đồ uống thế giới và Việt Nam chứng kiến cuộc chuyển mình mạnh mẽ với sự lan tỏa rộng rãi của bia không cồn (hay bia 0 độ). Với nhiều người, loại đồ uống này không hẳn là lựa chọn bất đắc dĩ dành cho những người phải lái xe, mà trở thành một biểu hiện của lối sống hiện đại, văn minh, lành mạnh, cân bằng giữa sở thích hưởng thụ, sự ham vui và ý thức bảo vệ sức khỏe. Bia không cồn ngày càng được yêu thích trên thế giới. (Ảnh: Sportzorg) Bia không cồn là loại bia đã được loại bỏ phần lớn hoặc toàn bộ hàm lượng ethanol (cồn) nhưng vẫn giữ được hương vị, mùi thơm và đặc tính của bia truyền thống. Theo quy định tại nhiều quốc gia và các tổ chức thực phẩm quốc tế, thuật ngữ ""không cồn"" thường áp dụng cho các sản phẩm có nồng độ cồn dưới 0.5% ABV. Nguyên liệu để làm bia không cồn hoàn toàn giống với bia truyền thống, bao gồm bốn thành phần cốt lõi là nước, mạch nha (thường là đại mạch), hoa bia và men bia. Nước chiếm khoảng 90-95% thành phần, đóng vai trò dung môi hòa tan các chất chiết xuất. Mạch nha cung cấp đường để tạo màu sắc và vị ngọt đặc trưng. Hoa bia mang lại vị đắng thanh và hương thơm thảo mộc, đồng thời đóng vai trò là chất bảo quản tự nhiên. Cuối cùng, men bia là tác nhân sinh học giúp chuyển hóa đường thành cồn và các hợp chất tạo hương. Trong một số dòng bia hiện đại, nhà sản xuất có thể bổ sung các hương liệu tự nhiên để bù đắp lượng hương vị bị mất đi trong quá trình tách cồn. Tại Việt Nam, ngày càng có thêm nhiều thương hiệu sản xuất bia không cồn. (Ảnh: TNC) Có hai hướng tiếp cận chính để sản xuất bia không cồn, đòi hỏi kỹ thuật và máy móc khác nhau tùy vào quy mô nhà máy. Phương pháp hạn chế lên men: Các nghệ nhân nấu bia sử dụng các loại men đặc biệt không có khả năng chuyển hóa đường phức tạp thành cồn, hoặc họ can thiệp vào nhiệt độ để ngắt quãng quá trình lên men ngay từ giai đoạn đầu. Điều này giúp kiểm soát nồng độ cồn ở mức cực thấp ngay trong bình chứa mà không cần can thiệp sau đó. Phương pháp tách cồn (De-alcoholization): Đây là phương pháp phổ biến nhất ở các thương hiệu lớn. Bia được nấu và lên men hoàn toàn như bia bình thường, sau đó cồn sẽ được loại bỏ thông qua các kỹ thuật vật lý. Hai kỹ thuật hàng đầu là chưng cất chân không (đun nóng bia ở áp suất thấp để cồn bay hơi ở nhiệt độ chỉ khoảng 30-40°C, giúp bảo vệ hương vị) và lọc màng thẩm thấu ngược (dùng áp suất cao đẩy bia qua một lớp màng lọc siêu nhỏ chỉ cho cồn và nước đi qua, sau đó chưng cất tách cồn và đưa nước trở lại hỗn hợp bia ban đầu). Những loại bia độ cồn thấp có lịch sử từ ít nhất là thời kỳ châu Âu trung cổ. Trong thời kỳ hiện đại hơn, các phong trào tiết chế và nhu cầu tránh dùng cồn khi lái xe, vận hành máy móc hay khi đang dùng thuốc đã dẫn đến sự phát triển của các loại bia không gây say. Nhiều người lầm tưởng rằng bia không cồn sẽ có giá rẻ hơn vì không chứa cồn, nhưng sự thật lại hoàn toàn ngược lại. Việc sản xuất bia không cồn thực chất đòi hỏi sự đầu tư về máy móc và công nghệ cao hơn nhiều so với bia thông thường. Để tách cồn mà không làm biến đổi hương vị của bia, các nhà máy phải sử dụng hệ thống chưng cất chân không ở nhiệt độ thấp để tránh làm ""cháy"" bia. Sự phức tạp trong quy trình vận hành và chi phí bảo trì thiết bị là lý do vì sao giá thành của một lon bia không cồn thường tương đương hoặc đôi khi cao hơn một chút so với các dòng bia truyền thống cùng phân khúc. Bia không cồn xuất hiện từ rất lâu rồi dần phổ biến trên khắp thế giới. (Ảnh: ZeroBeers) Hiện nay, bia không cồn chiếm thị phần lớn trong ngành giải khát toàn cầu. Nhiều người tìm đến loại đồ uống này không chỉ vì hương vị thơm ngon mà còn có lợi ích cho sức khỏe. Một trong những sự thật thú vị nhất về bia không cồn chính là lợi ích đối với cân nặng. Trong khi bia truyền thống chứa lượng calo đáng kể từ cồn và carbohydrate, bia không cồn thường có lượng calo chỉ bằng một nửa hoặc thậm chí là 1/3. Điều này biến nó thành một lựa chọn thay thế thông minh cho những người đang trong chế độ ăn kiêng hoặc tập luyện cường độ cao nhưng vẫn muốn tham gia các buổi tiệc tùng. Khác với quan niệm thông thường rằng bia gây mất nước, bia không cồn thực tế lại là một thức uống đẳng trương (isotonic) tuyệt vời. Nhiều nghiên cứu khoa học, đặc biệt là tại Đức, đã chỉ ra rằng các vận động viên marathon thường sử dụng bia không cồn sau khi thi đấu để bù đắp lượng nước và khoáng chất đã mất. Nhờ vào hàm lượng polyphenol tự nhiên dồi dào từ lúa mạch và hoa bia, loại đồ uống này còn có khả năng kháng viêm và tăng cường hệ miễn dịch cho cơ thể. Nó giúp giảm thiểu áp lực lên hệ thống cơ bắp và hỗ trợ quá trình hồi phục nhanh chóng sau những giờ tập luyện mệt mỏi. Dân thể thao yêu thích chọn bia không còn vì lợi ích sức khỏe thể chất, tinh thần. (Ảnh: Pilsner) Bia không cồn mang lại một lợi ích tâm lý đặc biệt gọi là hiệu ứng giả dược (placebo effect). Khi cầm trên tay một ly bia có bọt trắng mịn và mùi hương đặc trưng, não bộ của chúng ta sẽ tự động kích hoạt các vùng liên quan đến sự thư giãn và giao tiếp xã hội. Điều này cho phép người dùng tận hưởng bầu không khí vui vẻ của các buổi gặp mặt mà không phải chịu đựng các tác dụng phụ của cồn như đau đầu, mất kiểm soát hành vi hay cảm giác mệt mỏi vào sáng hôm sau. Đối với những người đang có ý định cắt giảm lượng rượu bia tiêu thụ, bia không cồn đóng vai trò như một công cụ chuyển đổi cực kỳ hiệu quả. Thay vì phải từ bỏ thói quen thưởng thức bia một cách đột ngột, việc thay thế bằng bia không cồn giúp cơ thể và não bộ dần thích nghi với việc uống ít cồn hơn. Hương vị tương đồng giúp đánh lừa vị giác, trong khi cảm giác sảng khoái vẫn được duy trì. Từ đó, bia không cồn hỗ trợ quá trình cai rượu hoặc giảm thiểu sự lệ thuộc vào chất kích thích một cách tự nhiên và bền vững. Chuẩn bị cho dạ dày thế nào trước bữa nhậu để chậm hấp thu rượu là vấn đề được nhiều người quan tâm. Dưới đây là các thông tin hữu ích bạn đọc có thể... Nguồn: [Link nguồn]Nguồn: [Link nguồn]"
80c6088aa1e9ff5bbfec9cb9b15c34ef,Kinh giới: Loại rau gia vị quen thuộc nhưng là thảo dược quý,2026-02-26T10:00:00+00:00,24h,https://www.24h.com.vn/suc-khoe-doi-song/kinh-gioi-loai-rau-gia-vi-quen-thuoc-nhung-la-thao-duoc-quy-c62a1732695.html,vi,trang-chu,kinh giới|rau kinh giới|rau gia vị|thảo dược quý|công dụng của rau kinh giới,,"Lưu bài viết thành công Bạn có thể xem lại bài viết đã lưu ở trangTin bài đã lưu Theo y học cổ truyền và nghiên cứu hiện đại, kinh giới chứa nhiều hợp chất sinh học có lợi như carvacrol, thymol, flavonoid, rosmarinic, giúp tăng cường sức khỏe. Loại rau này thường được dùng hỗ trợ điều trị cảm cúm, cảm lạnh nhờ khả năng ức chế tác nhân gây bệnh, giảm sốt và đau nhức; dân gian hay nấu cháo kinh giới ăn nóng hoặc dùng tinh dầu xông mũi để thông đường hô hấp. Ngoài ra, kinh giới còn có lợi cho tim mạch nhờ hàm lượng kali và chất chống oxy hóa, giúp ổn định huyết áp và hạn chế stress oxy hóa. Kinh giới còn có tác dụng hỗ trợ tiêu diệt ký sinh trùng đường ruột như giun, sán, nhờ đó giúp cải thiện tiêu hóa, giảm đầy bụng, khó tiêu. Với phụ nữ, kinh giới được cho là có khả năng làm dịu cơn đau bụng trong kỳ kinh nguyệt. Kinh giới không chỉ góp phần tạo hương vị cho món ăn, kinh giới còn được xem là một thảo dược tự nhiên quý Nhờ chứa flavonoid, kinh giới có tác dụng an thần, kháng viêm, giúp giảm căng thẳng, cải thiện giấc ngủ và hạn chế đau nửa đầu; hoạt chất rosmarinic còn hỗ trợ chống oxy hóa, làm chậm lão hóa da. Với hệ hô hấp, các hợp chất flavonoid, carvacrol và terpen giúp long đờm, giảm ho, làm sạch đường thở và hạn chế nhiễm trùng. Trong dân gian, kinh giới cũng được dùng để giảm viêm, trị mụn nhọt bằng cách giã lá tươi lấy nước thoa lên vùng sưng viêm. Trong y học cổ truyền, kinh giới được dùng để hỗ trợ cải thiện các chứng xuất huyết như chảy máu cam, tiểu tiện hoặc đại tiện ra máu. Lá và hoa kinh giới có thể sắc uống hoặc chế biến thành bột để dùng theo hướng dẫn dân gian. Ngoài ra, với các trường hợp dị ứng da do thời tiết hoặc thực phẩm, ngọn kinh giới có hoa được sao nóng, bọc vải chà nhẹ lên vùng da bị dị ứng, giúp giảm ngứa và mẩn đỏ. Dù có nhiều công dụng, hiệu quả của kinh giới có thể khác nhau tùy cơ địa mỗi người. Một số trường hợp dùng kinh giới để chăm sóc da hoặc trị mụn có thể gặp phản ứng như ngứa, đỏ, sưng da hoặc mụn nặng hơn. Khi xuất hiện các dấu hiệu này, cần ngưng sử dụng ngay. Theo khuyến cáo, những người ra mồ hôi nhiều không kiểm soát, đau đầu do nguyên nhân âm hư hỏa vượng không nên dùng kinh giới. Bên cạnh đó, không nên lạm dụng thảo dược này và tránh dùng chung kinh giới với cá lóc, thịt lừa hoặc cua biển để hạn chế tác dụng không mong muốn. Vỏ bưởi thường được giữ lại, phơi khô để nấu nước gội đầu. Tuy nhiên, ngoài tác dụng này, vỏ bưởi còn có nhiều công dụng quý nếu biết cách dùng... Nguồn: [Link nguồn]Nguồn: [Link nguồn]"
3d5e1af6038786f842a74cf282d93589,4 sự thật về ung thư tinh hoàn mà ít nam giới biết,2026-02-26T08:00:00+00:00,24h,https://www.24h.com.vn/suc-khoe-doi-song/4-su-that-ve-ung-thu-tinh-hoan-ma-it-nam-gioi-biet-c62a1734927.html,vi,trang-chu,ung thư tinh hoàn,,"Lưu bài viết thành công Bạn có thể xem lại bài viết đã lưu ở trangTin bài đã lưu BS Phạm Đức Mạnh, khoa Nam học, Trung tâm Tiết niệu & Nam khoa, Bệnh viện 108, cho hay ung thư tinh hoàn là sự phát triển khối u ác tính xuất phát từ một trong hai tinh hoàn. Căn bệnh này chiếm khoảng 1% trường hợp ung thư ở nam giới, 5% ca ung thư đường sinh dục - tiết niệu. Ung thư tinh hoàn có nhiều điểm riêng biệt so với các loại ung thư khác. Đối với phần lớn người bệnh ung thư tinh hoàn loại seminoma giai đoạn I, phương pháp điều trị ưu tiên sau phẫu thuật cắt bỏ tinh hoàn là theo dõi tích cực. Thay vì ngay lập tức tiến hành hóa trị hay xạ trị, các bác sĩ sẽ theo dõi người bệnh một cách chặt chẽ thông qua các lần khám, xét nghiệm và chẩn đoán hình ảnh định kỳ. Các nghiên cứu quy mô lớn đã chứng minh rằng hơn 80% người bệnh ở giai đoạn I đã được chữa khỏi hoàn toàn chỉ bằng phẫu thuật cắt bỏ tinh hoàn. Điều này tương ứng với tỷ lệ tái phát chung chỉ khoảng 15-16% trong các nghiên cứu lớn, như vậy điều trị bổ sung có thể không cần thiết. Việc áp dụng theo dõi tích cực giúp phần lớn người bệnh tránh được việc điều trị quá mức cũng như các độc tính không cần thiết của hóa trị hoặc xạ trị. Ngay cả khi ung thư tinh hoàn đã di căn lan sang các bộ phận khác của cơ thể, tiên lượng vẫn khả quan. Các bác sĩ sử dụng một hệ thống phân giai đoạn dựa trên tiên lượng quốc tế (gọi là IGCCCG) để định hướng điều trị và dự đoán kết quả. Dữ liệu từ hệ thống này cho thấy những con số đầy hy vọng: U tế bào mầm không phải seminoma - nhóm tiên lượng tốt: Tỷ lệ sống sót sau 5 năm là 96% (áp dụng cho các khối u nguyên phát ở tinh hoàn/sau phúc mạc và khi ung thư chưa di căn đến các cơ quan ngoài phổi). U tế bào mầm seminoma - nhóm tiên lượng tốt: Tỷ lệ sống sót sau 5 năm là 95% (áp dụng cho mọi vị trí khối u ban đầu và khi ung thư chưa di căn đến các cơ quan ngoài phổi). Ngay cả đối với nhóm tiên lượng xấu của loại u không phải seminoma, tỷ lệ sống sót sau 5 năm vẫn đạt 67%. Xạ trị (radiotherapy) là một vũ khí quen thuộc và mạnh mẽ trong cuộc chiến chống ung thư. Tuy nhiên, trong điều trị ung thư tinh hoàn loại seminoma giai đoạn I, các hướng dẫn y khoa hiện nay thường khuyến nghị tránh sử dụng phương pháp này. Bởi lo ngại về nguy cơ lâu dài về các khối u ác tính không phải tế bào mầm trong vùng chiếu xạ. Xạ trị hiện chỉ được dành riêng cho một nhóm người bệnh được lựa chọn rất kỹ lưỡng. Sự thay đổi này cho thấy bước tiến lớn trong tư duy y học, ưu tiên chất lượng cuộc sống lâu dài và giảm thiểu tác hại từ việc điều trị, chứ không chỉ tập trung vào việc chữa bệnh bằng mọi giá. Điều này đặc biệt quan trọng đối với những người bệnh trẻ tuổi. Nhiều người cho rằng chẩn đoán ung thư ở một cơ quan đồng nghĩa với việc phải cắt bỏ hoàn toàn cơ quan đó. Tuy nhiên, y học hiện đại đã mang đến một lựa chọn khác là ""phẫu thuật bảo tồn tinh hoàn"". Phương pháp này có thể được cân nhắc trong các trường hợp đặc biệt như: Người bệnh có khối u ở cả hai bên tinh hoàn (đồng bộ); khối u xuất hiện ở tinh hoàn duy nhất còn lại; các khối u nhỏ hoặc không xác định rõ, với các dấu ấn khối u âm tính; trường hợp tinh hoàn còn lại bình thường. Trong quá trình phẫu thuật, bác sĩ sử dụng một kỹ thuật gọi là sinh thiết cắt lạnh (Frozen Section Examination - FSE) để kiểm tra mô khối u ngay lập tức. Từ đó, giúp họ đưa ra quyết định tại chỗ có thể bảo tồn phần tinh hoàn khỏe mạnh hay không. Đây là một quyết định y khoa đòi hỏi sự cân nhắc kỹ lưỡng, các chuyên gia cần lưu ý dữ liệu về sự an toàn ung thư của phẫu thuật bảo tồn còn hạn chế và tỷ lệ tái phát tại chỗ đã được ghi nhận lên đến 27%. Như vậy, y học hiện đại không chỉ tìm cách loại bỏ ung thư mà còn nỗ lực giảm thiểu gánh nặng điều trị và tối đa hóa chất lượng cuộc sống sau này. Điều quan trọng nhất để bảo vệ sức khỏe bản thân là luôn kiểm tra khi thấy bất thường, phát hiện sớm chính là điểm lợi thế trước khi bước vào bất kỳ cuộc chiến bệnh tật nào. Nam thanh niên 22 tuổi bị chấn thương nghiêm trọng vùng tinh hoàn và cơ quan sinh dục sau tai nạn khi đang chơi bóng đá. Nguồn: [Link nguồn]Nguồn: [Link nguồn]"
47d5ac6c4dc39a45feaa1bd1399180f3,Loại quả quen thuộc giúp cơ thể hồi sức sau khi uống rượu bia,2026-02-26T05:00:00+00:00,24h,https://www.24h.com.vn/suc-khoe-doi-song/loai-qua-quen-thuoc-giup-co-the-hoi-suc-sau-khi-uong-ruou-bia-c62a1735642.html,vi,trang-chu,rượu bia|chuối giúp giải rượu|dinh dưỡng,,"Lưu bài viết thành công Bạn có thể xem lại bài viết đã lưu ở trangTin bài đã lưu Chia sẻ với PV VietNamNet, Tiến sĩ Ngô Đức Phương, Viện trưởng Viện Khoa học thuốc nam cho biết, chuối là loại quả quen thuộc với tên khoa học Musa acuminata. Trong đời sống hằng ngày, chuối thường được dùng như món ăn nhẹ bổ dưỡng. Đặc biệt, sau khi bạn uống rượu bia, chuối được xem là lựa chọn đơn giản nhưng mang lại hiệu quả rõ rệt trong việc hỗ trợ cơ thể phục hồi. Theo Tiến sĩ Phương, về mặt sinh lý, rượu bia có tác dụng lợi tiểu mạnh, khiến cơ thể nhanh chóng mất nước và điện giải. Hai khoáng chất dễ bị thiếu hụt nhất sau uống rượu là kali và magie. Khi thiếu các chất này, người uống rượu thường gặp tình trạng chuột rút, mỏi cơ, mệt mỏi kéo dài, choáng váng, tim đập nhanh, thậm chí cảm giác rã rời, uể oải cả ngày hôm sau. Trong khi đó, chuối lại là nguồn cung cấp kali tự nhiên rất dồi dào, đồng thời chứa magie, vitamin B6 và carbohydrate dễ hấp thu. Đây đều là những thành phần dinh dưỡng quan trọng giúp cơ thể nhanh chóng lấy lại cân bằng sau khi bị ảnh hưởng bởi rượu bia. Cụ thể, lượng kali và magie trong chuối giúp bù điện giải, góp phần ổn định hoạt động của cơ bắp và hệ thần kinh, từ đó giảm tình trạng chuột rút, run tay chân và mỏi cơ. Carbohydrate trong chuối cung cấp nguồn năng lượng nhanh, giúp cơ thể bớt mệt mỏi, uể oải. Đáng chú ý, vitamin B6 đóng vai trò quan trọng trong hoạt động của các enzym chuyển hóa, qua đó hỗ trợ quá trình xử lý và đào thải rượu trong cơ thể. Ăn 1- 2 quả chuối sau uống rượu giúp cơ thể hồi phục nhanh. “Một số nghiên cứu dinh dưỡng cho thấy chế độ ăn giàu kali giúp ổn định huyết áp và nhịp tim. Điều này đặc biệt có lợi khi cơ thể đang ở trạng thái stress chuyển hóa sau rượu bia”, Tiến sĩ Phương nhấn mạnh. Về cách sử dụng, chuyên gia cho rằng ăn chuối khá đơn giản, không cần chế biến cầu kỳ. Người uống rượu bia có thể ăn từ 1-2 quả chuối chín ngay sau khi uống rượu hoặc vào buổi sáng hôm sau. Việc kết hợp ăn chuối với uống thêm nước ấm hoặc nước điện giải nhẹ sẽ tăng hiệu quả bù nước, bù khoáng, từ đó hỗ trợ cơ thể phục hồi nhanh hơn. Tiến sĩ Phương lưu ý, bạn nên chọn chuối chín tự nhiên, mềm, thơm, tránh ăn chuối còn xanh vì dễ gây đầy bụng, khó tiêu, đặc biệt khi dạ dày đang nhạy cảm sau rượu bia. Ngoài ra, không nên ăn quá nhiều chuối cùng lúc để tránh dư thừa kali. Chuyên gia cũng nhấn mạnh, chuối chỉ có tác dụng hỗ trợ phục hồi thể trạng, không phải là “thuốc giải rượu” theo nghĩa trung hòa hay loại bỏ cồn ra khỏi cơ thể. Việc nghỉ ngơi đầy đủ, uống đủ nước và hạn chế rượu bia vẫn là yếu tố quan trọng nhất. Riêng với người mắc bệnh tiểu đường hoặc suy thận, cần kiểm soát lượng chuối ăn vào cho phù hợp, do hàm lượng đường và kali trong chuối có thể ảnh hưởng đến sức khỏe nếu sử dụng không đúng cách. Sau khi uống rượu, cơ thể co giật, nhịp thở không đều, da tím tái, mắt nhìn mờ, bất tỉnh... là dấu hiệu ngộ độc rượu, cần vào viện cấp cứu ngay. Nguồn: [Link nguồn]Nguồn: [Link nguồn]"
24bb27c1ab5fc0033abcb51417ccd258,"Yêu cửa sau, nam sinh 18 tuổi mắc sùi mào gà",2026-02-26T03:00:00+00:00,24h,https://www.24h.com.vn/suc-khoe-doi-song/yeu-cua-sau-nam-sinh-18-tuoi-mac-sui-mao-ga-c62a1740252.html,vi,trang-chu,sùi mào gà,,"Lưu bài viết thành công Bạn có thể xem lại bài viết đã lưu ở trangTin bài đã lưu Thời gian gần đây, Bệnh viện Da liễu Trung ương tiếp nhận và điều trị nhiều trường hợp sùi mào gà ở nhóm bệnh nhân trẻ tuổi, trong đó có những ca tổn thương ở vị trí phức tạp, đòi hỏi can thiệp kỹ thuật cao. Điển hình là bệnh nhân nam, 18 tuổi, có tiền sử quan hệ tình dục đường sinh dục – hậu môn. Bệnh nhân đến khám tại Phòng khám Chuyên đề các bệnh lây truyền qua đường tình dục (STIs) sau khi xuất hiện các u nhú vùng quanh hậu môn khoảng 1 tháng nay. Qua thăm khám, các bác sĩ ghi nhận nhiều tổn thương sùi mào gà phân bố dày đặc vùng quanh hậu môn và lan vào ống hậu môn. Đây là một thể bệnh khó, tiềm ẩn nhiều nguy cơ biến chứng nếu không được xử trí đúng cách. Bệnh nhân sau đó được chuyển đến Khoa Laser và Săn sóc da để điều trị chuyên sâu. ThS.BSNT Nguyễn Mậu Tráng - Khoa Laser và Săn sóc da, Bệnh viện Da liễu Trung ương cho biết, sau khi hội chẩn chuyên môn, bệnh nhân được chỉ định đốt loại bỏ tổn thương bằng laser CO₂ dưới gây mê. Phương pháp này giúp loại bỏ tối đa các tổn thương, đồng thời giảm đau và hạn chế sang chấn tâm lý cho người bệnh. Sau điều trị, bệnh nhân được chăm sóc vết thương tích cực, hiện tại tình trạng ổn định, vết thương tiến triển lành tốt. Người dân cần chủ động trang bị kiến thức về sức khỏe sinh sản, thực hành quan hệ tình dục an toàn, và đi khám sớm khi có dấu hiệu bất thường. Ảnh minh họa. Theo TS. Vũ Huy Lượng - Trưởng Khoa Laser và Săn sóc da, Bệnh viện Da liễu Trung ương, vùng ống hậu môn không có cơ chế bôi trơn tự nhiên như âm đạo. Vì vậy, khi quan hệ đường sinh dục – hậu môn, ma sát thường lớn hơn, dễ gây xây xát và vi chấn thương, từ đó làm tăng nguy cơ lây nhiễm các bệnh lây truyền qua đường tình dục, đặc biệt là sùi mào gà. ""Sùi mào gà ở vùng hậu môn và ống hậu môn là một trong những vị trí điều trị khó khăn nhất. Quá trình can thiệp có thể gặp các biến chứng như chảy máu, nhiễm trùng, đồng thời nguy cơ tái phát tương đối cao. Do đó, việc điều trị đòi hỏi bác sĩ có kinh nghiệm, tay nghề cao cùng với trang thiết bị phù hợp"", TS. Lượng nói. Hiện tại, Bệnh viện Da Liễu Trung ương áp dụng nhiều kỹ thuật chuyên môn như dao plasma, laser CO₂, cryotherapy, phối hợp với điều trị thuốc và chăm sóc vết thương, nhằm đảm bảo loại bỏ tổn thương hiệu quả, hạn chế tái phát và giảm thiểu nguy cơ sẹo. TS. Phạm Thị Minh Phương - Phó Giám đốc Bệnh viện Da liễu Trung ương, Phụ trách Phòng khám chuyên đề các bệnh lây truyền qua đường tình dục cho biết thêm, sùi mào gà là bệnh lây truyền qua đường tình dục phổ biến do virus HPV gây ra và có xu hướng gia tăng trong khoảng 10 năm trở lại đây. ""Nhóm nam quan hệ tình dục đồng giới (MSM) được xem là nhóm nguy cơ cao, với tỷ lệ đồng mắc các bệnh STIs khác như giang mai, lậu, thậm chí HIV ở mức đáng lưu ý. Vì vậy, truyền thông, giáo dục sức khỏe và thực hành quan hệ tình dục an toàn đóng vai trò đặc biệt quan trọng"", TS. Phương thông tin. PGS.TS. Lê Hữu Doanh - Giám đốc Bệnh viện Da liễu Trung ương nhấn mạnh, chẩn đoán và điều trị các bệnh lây truyền qua đường tình dục là một trong ba nhiệm vụ trọng tâm của bệnh viện. Phòng khám chuyên đề các bệnh lây truyền qua đường tình dục đã được xây dựng nhằm đảm bảo người bệnh được thăm khám toàn diện, kín đáo, trên tinh thần tôn trọng, đồng cảm và bảo mật thông tin. Trong thời gian tới, bệnh viện sẽ tiếp tục đẩy mạnh hoạt động truyền thông để nâng cao nhận thức cộng đồng về phòng ngừa và điều trị các bệnh lây truyền qua đường tình dục. Các bác sĩ da liễu khuyến cáo, người dân, đặc biệt là thanh thiếu niên, cần chủ động trang bị kiến thức về sức khỏe sinh sản, thực hành quan hệ tình dục an toàn, và đi khám sớm khi có dấu hiệu bất thường nhằm hạn chế biến chứng và nguy cơ lây nhiễm cho cộng đồng. Nam thanh niên đến bệnh viện khám vì các nốt sùi xuất hiện dày đặc, ngày một to dần khiến bệnh nhân đau rát khi đi vệ sinh. Nguồn: [Link nguồn]Nguồn: [Link nguồn]"
bbc811d4a778e1e5508eb0a54d5145df,"Tài chính dưới 6 triệu, nên mua điện thoại gì?",2026-02-26T11:00:00+00:00,24h,https://www.24h.com.vn/thoi-trang-hi-tech/tai-chinh-duoi-6-trieu-nen-mua-dien-thoai-gi-c407a1739905.html,vi,trang-chu,Xiaomi Redmi Note 14 Pro|Honor X7d|OPPO A60|vivo Y29|Galaxy A17 5G|tin tuc cong nghe|tin tuc 24h,,"Lưu bài viết thành công Bạn có thể xem lại bài viết đã lưu ở trangTin bài đã lưu Khi thị trường smartphone ngày càng đa dạng, phân khúc dưới 6 triệu đồng trở thành lựa chọn được nhiều người quan tâm, đặc biệt là học sinh – sinh viên hoặc người dùng cần thiết bị phục vụ nhu cầu cơ bản. Thay vì chạy theo các mẫu smartphone cao cấp, nhiều người tiêu dùng đang tìm đến những chiếc điện thoại cân bằng giữa hiệu năng, thời lượng pin và trải nghiệm thực tế. Dưới đây là 5 gợi ý đáng chú ý trong tầm giá này, hướng đến nhóm người dùng khác nhau, từ chụp ảnh, chơi game nhẹ cho tới sử dụng lâu dài. Giá bán từ: 5,89 triệu đồng Ở nhóm giá dễ tiếp cận, Galaxy A17 5G hướng tới người dùng cần một thiết bị ổn định để lướt web, học tập và giải trí cơ bản. Máy sở hữu màn hình 6,7 inch, tần số quét 90 Hz giúp thao tác mượt hơn so với các model 60 Hz truyền thống. Chip xử lý Exynos 1330 tầm trung đi kèm RAM 8GB và bộ nhớ 128GB đủ dùng cho các ứng dụng mạng xã hội, xem video hoặc chơi game nhẹ. Galaxy A17 5G. Điểm đáng chú ý là viên pin khoảng 5.000 mAh giúp thiết bị có thể hoạt động trọn ngày với mức sử dụng trung bình. Cụm 3 camera sau chất lượng 50 MP + 5 MP + 2 MP đủ để chủ nhân chụp ảnh linh hoạt ở nhiều chế độ khác nhau. Giá bán từ: 5,38 triệu đồng Vivo Y29 hướng đến người dùng mong muốn sở hữu một mẫu smartphone có thiết kế thời trang và thời lượng pin dài. Máy có cấu hình đủ khỏe để người dùng lướt thoải mái các ứng dụng phổ biến như TikTok, Facebook hay YouTube. Giá bán phải chăng cũng giúp người dùng phổ thông dễ dàng sở hữu. Vivo Y29. Điểm mạnh của thiết bị nằm ở pin lớn - dung lượng 6500 mAh kết hợp sạc nhanh 44W, giúp hạn chế tình trạng phải sạc nhiều lần trong ngày. Tuy vậy, người dùng cần hiểu rằng dòng máy này thiên về trải nghiệm cơ bản thay vì hiệu năng cao cấp; việc chơi game đồ họa nặng có thể khiến máy giảm tốc độ hoặc nóng lên. Giá bán từ: 5,65 triệu đồng Xiaomi Redmi Note 14 Pro thường được nhắc đến như một trong những lựa chọn đáng chú ý dưới 6 triệu đồng nhờ cấu hình tốt. Máy sở hữu màn hình AMOLED 6,67 inch, tần số quét 120 Hz, mang lại trải nghiệm hiển thị sắc nét khi xem phim hoặc chơi game. Bộ nhớ RAM 8GB và dung lượng bộ nhớ trong 256GB giúp người dùng thoải mái cài đặt ứng dụng và lưu trữ hình ảnh/ video. Xiaomi Redmi Note 14 Pro. Camera độ phân giải cao 200MP là lợi thế của sản phẩm này, phù hợp với người dùng thích chụp ảnh du lịch hoặc đăng mạng xã hội. Cuối cùng, viên pin 5500 mAh cùng khả năng sạc pin 45W sẽ cho phép chủ nhân có trải nghiệm liền mạch trong suốt ngày dài. Giá bán từ: 5,49 triệu đồng Honor X7d hướng đến người dùng cần một chiếc điện thoại bền bỉ về pin. Thiết bị được trang bị viên pin dung lượng lớn - 6500 mAh, kết hợp màn hình rộng 6,77 inch, sẵn sàng phục vụ nhu cầu xem video và học trực tuyến của người dùng. Ngoài ra, con chip xử lý Snapdragon 685 tầm trung với RAM 8GB và bộ nhớ 128GB đủ để chạy đa nhiệm cơ bản. Honor X7d. Ưu điểm lớn nhất của máy là thời gian sử dụng dài, phù hợp với người thường xuyên di chuyển hoặc không muốn mang theo sạc dự phòng. Thêm vào đó, nhà sản xuất còn tích hợp cho điện thoại Honor camera chính 108MP, hứa hẹn đem lại ảnh chụp sống động và sắc nét trong nhiều điều kiện chụp. Giá bán từ: 5,68 triệu đồng OPPO A60 là lựa chọn quen thuộc cho người dùng phổ thông nhờ giao diện dễ sử dụng. Máy sở hữu màn hình lớn - 6,67 inch, chip xử lý tầm trung và viên pin 5.000 mAh, đủ phục vụ nhu cầu gọi điện, lướt web và xem video. OPPO A60. Ưu điểm của sản phẩm này nằm ở trải nghiệm phần mềm đơn giản và thiết kế gọn nhẹ, đẹp mắt. Tuy nhiên, điện thoại chỉ có camera chính 50MP, đem lại ảnh chụp chất lượng khá, kém cạnh tranh hơn so với các ""đối thủ"". Cùng tham khảo 4 mẫu điện thoại Nokia giá rẻ dưới đây, tất cả đều có độ bền cao, pin ""trâu"" và đáp ứng nhu cầu nghe - gọi cơ bản. Nguồn: [Link nguồn]Nguồn: [Link nguồn]"
956a995e35352d15778c446c7355794e,"Sau Sony, đến lượt Panasonic trao mảng TV cho Trung Quốc",2026-02-26T09:30:00+00:00,24h,https://www.24h.com.vn/thoi-trang-hi-tech/sau-sony-den-luot-panasonic-trao-mang-tv-cho-trung-quoc-c407a1740349.html,vi,trang-chu,Panasonic|Trung Quốc|TV|sản xuất|Sony,,"Lưu bài viết thành công Bạn có thể xem lại bài viết đã lưu ở trangTin bài đã lưu Phát ngôn viên của Panasonic cho biết Skyworth có trụ sở ở Thâm Quyến, Trung Quốc, sẽ đảm nhận vai trò dẫn đầu trong các hoạt động bán hàng, tiếp thị và hậu cần TV của thương hiệu Nhật Bản tại khu vực. Trong khi đó, Panasonic sẽ cung cấp chuyên môn và đảm bảo chất lượng để duy trì các tiêu chuẩn hình ảnh và âm thanh nổi tiếng của mình, đồng thời cùng phát triển các mẫu TV OLED cao cấp. Hoạt động sản xuất TV tại Nhật Bản đã chính thức ngừng lại Panasonic cũng cam kết hỗ trợ “tất cả TV Panasonic được bán trước tháng 3/2026 và tất cả TV được phát hành từ tháng 4 trở đi”. Các sản phẩm TV mang thương hiệu Panasonic sẽ được phân phối tại thị trường Mỹ và châu Âu. Trước đây, Panasonic từng giữ vị trí dẫn đầu trong thị trường TV plasma, với 40,7% thị phần vào năm 2010, vượt qua các đối thủ như Samsung (33,7%) và LG (23,2%), theo số liệu từ DisplaySearch. Tuy nhiên, vào tháng 3/2014, công ty đã ngừng sản xuất TV plasma do sự chuyển hướng của thị trường sang TV LCD màn hình phẳng và các vấn đề kinh tế liên quan đến lợi nhuận. Đến năm 2016, Panasonic đã ngừng cung cấp TV cho thị trường Mỹ, và vào năm 2021, công ty thông báo sẽ thuê ngoài toàn bộ việc sản xuất TV cho một bên thứ ba. Năm 2024, Panasonic đã trở lại thị trường Mỹ với các dòng TV OLED và Mini LED “được thiết kế và phát triển hoàn toàn tại Nhật Bản”. Tuy nhiên, vào tháng 2/2025, Chủ tịch Yuki Kusumi của Panasonic tuyên bố rằng công ty “sẵn sàng bán” mảng kinh doanh TV “nếu cần thiết”. Điều này cho thấy việc sản xuất TV tại Nhật Bản gần như đã ngừng hoàn toàn, khi nhiều công ty Nhật Bản khác như Sharp, Toshiba, Hitachi và Pioneer cũng đã rút lui khỏi lĩnh vực này. Đầu năm nay, Sony đã thông báo bán 51% mảng kinh doanh điện tử tiêu dùng, bao gồm cả TV, cho TCL có trụ sở tại Huệ Châu (Quảng Đông, Trung Quốc). Kết quả là, các nhà sản xuất TV của Hàn Quốc và Trung Quốc hiện đang kiểm soát phần lớn doanh số bán TV toàn cầu. Nếu Smart TV gặp khó khăn trong việc phát trực tuyến mượt mà, nguyên nhân có thể là do tín hiệu Wi-Fi không đủ mạnh. Nguồn: [Link nguồn]Nguồn: [Link nguồn]"
fbe135121ecf4982d884a1f61ef05b2b,iPhone 18 Pro có thể thêm màu đỏ đậm,2026-02-26T08:00:00+00:00,24h,https://www.24h.com.vn/thoi-trang-hi-tech/iphone-18-pro-co-the-them-mau-do-dam-c407a1739963.html,vi,trang-chu,iPhone 18 Pro|Apple|iPhone 18,,"Lưu bài viết thành công Bạn có thể xem lại bài viết đã lưu ở trangTin bài đã lưu Theo chuyên gia Mark Gurman của Bloomberg, người từng đưa ra một số thông tin chính xác về các thiết bị chưa ra mắt của Apple, phiên bản màu đỏ mới của iPhone 18 Pro và 18 Pro Max sử dụng thân nhôm tương tựiPhone 17Pro. Lần gần nhất Apple sử dụng màu đỏ là trên iPhone SE thế hệ thứ 3, iPhone 14 và iPhone 14 Plus cùng năm 2022. Bên cạnh đó, khác với mọi năm, Gurman cho biết màu đỏ mới có thể tồn tại song song với màu cam vũ trụ như trên iPhone 17 Pro, thay vì thay thế hoàn toàn. Màu này được ưa chuộng ở thị trường Trung Quốc, nên Apple có thể tiếp tục duy trì cho năm nay và ""xa hơn nữa"". Mashable đánh giá việc Apple bổ sung màu đỏ cho các mẫu iPhone 18 dòng Pro không gây ngạc nhiên. Việc quay lại chất liệu nhôm từ iPhone 17 Pro cho phép công ty Mỹ mạnh dạn hơn trong việc lựa chọn màu sắc. Tuy nhiên, điều này cũng đi kèm một nhược điểm là iPhone 17 Pro và 17 Pro Max dễ bị trầy xước. Đây có thể là lý do Apple không phát hành iPhone 17 Pro màu đen - màu sắc chủ đạo của hầu hết iPhone mỗi năm trước đó - do vết trầy xước dễ nhìn thấy hơn trên các mẫu máy màu tối. Minh họa iPhone 18 Pro màu đỏ đậm. Ảnh: Macobserver Trước đó, dẫn các tin đồn, PhoneArena cho biết Apple đang có xu hướng chọn màu sắc phá cách hơn thay vì gam màu trung tính truyền thống như bạc hay xám không gian. Hãng được cho đang thử nghiệm màu mới cho iPhone 18 Pro là nâu cà phê, tím, đỏ burgundy và sẽ chọn một trong ba, nhưng không có màu đen. Sau khi thay đổi thiết kế trên iPhone 17 Pro, Apple năm nay sẽ tập trung vào tinh chỉnh chi tiết trên smartphone thế hệ mới. Theo Ice Universe, tài khoản nổi tiếng từng chia sẻ nhiều thông tin chính xác về sản phẩm Apple và Samsung, thay đổi nhiều nhất nằm ở mặt trước. Trong đó, Dynamic Island sẽ thu nhỏ khoảng 35% diện tích. Apple đưa một số thành phần cảm biến Face ID xuống dưới màn hình, giúp không gian hiển thị rộng rãi hơn, dù chưa thể loại bỏ hoàn toàn phần khuyết này để chuyển sang dạng đục lỗ. Ở mặt sau, Apple giữ thiết kế đảo camera chữ nhật kết hợp giữa kính và nhôm. Tuy nhiên, trước những phản ánh về sự thiếu liền mạch giữa hai loại vật liệu trên thế hệ hiện tại, hãng được cho là sẽ tối ưu hóa công nghệ sơn nhằm làm giảm sự chênh lệch về màu sắc, tạo cảm giác nguyên khối và đồng nhất. iPhone 18 Pro cũng sẽ đánh dấu bước tiến về công nghệ kết nối do Apple tự phát triển với modem C2. Theo Bloomberg và The Information, modem mới hỗ trợ tiêu chuẩn NR-NTN (mạng phi mặt đất), cho phép iPhone kết nối trực tiếp với vệ tinh để truy cập Internet thay vì giới hạn ở tin nhắn khẩn cấp như hiện nay. iPhone 18 dự kiến ra mắt vào tháng 9, cùng với mẫu iPhone màn hình gập đầu tiên của Apple. Theo Gurman, smartphone mới này sẽ chỉ có hai màu là xám đậm hoặc đen, cùng với trắng hoặc bạc. Theo báo cáo mới nhất, Apple đã bắt đầu thử nghiệm sản xuất cặp smartphone cao cấp iPhone 18 Pro và iPhone 18 Pro Max. Nguồn: [Link nguồn]Nguồn: [Link nguồn]"
bd920bf9f2af63823bb709232982c217,Tương lai của iPhone Fold sẽ đi về đâu?,2026-02-26T06:30:00+00:00,24h,https://www.24h.com.vn/thoi-trang-hi-tech/tuong-lai-cua-iphone-fold-se-di-ve-dau-c407a1740169.html,vi,trang-chu,iPhone Fold|iPhone màn hình gập|iPhone|Apple|smartphone màn hình gập|tin tuc cong nghe|tin tuc 24h,,"Lưu bài viết thành công Bạn có thể xem lại bài viết đã lưu ở trangTin bài đã lưu Nhiều nguồn tin cho rằng Apple có thể trình làng iPhone Fold vào năm 2026 nhưng đến thời điểm hiện tại, các dấu hiệu rò rỉ quan trọng vẫn khá mờ nhạt. Với quy mô chuỗi cung ứng khổng lồ của Apple, việc thiếu vắng những hình ảnh linh kiện hay bản dựng sản xuất khiến không ít người đặt câu hỏi liệu kế hoạch này có thực sự diễn ra đúng lịch trình hay không. Ảnh concept iPhone Fold. Trước đây, mỗi khi Apple chuẩn bị ra mắt sản phẩm mới, đặc biệt là iPhone, những thông tin về linh kiện, khung máy hoặc mô hình giả thường xuất hiện khá sớm khi dây chuyền sản xuất tăng tốc. Chính vì vậy, việc chưa thấy dấu hiệu tương tự từ iPhone Fold khiến nhiều nhà phân tích tỏ ra thận trọng, đồng thời cho rằng thiết bị này có thể đang gặp trở ngại về phát triển hoặc lịch ra mắt. Một nguồn tin mới đây tiết lộ rằng quá trình sản xuất thử nghiệm iPhone 18 Pro đã bắt đầu — hoàn toàn phù hợp với lịch ra mắt dự kiến vào mùa thu. Trong khi đó, iPhone Fold lại gần như vắng bóng trong các thông tin từ chuỗi cung ứng. Nếu đúng kế hoạch, sản phẩm đang phải bước vào giai đoạn sản xuất kiểm định tương tự. Ảnh concept iPhone Flip. Thông thường, vòng đời phát triển phần cứng của Apple trải qua nhiều bước như EVT (kiểm định kỹ thuật), DVT (kiểm định thiết kế) vàPVT(kiểm định sản xuất). Những rò rỉ thường xuất hiện ở giai đoạn PVT khi Apple bắt đầu chuẩn bị sản xuất hàng loạt. Việc chưa xuất hiện linh kiện, bản CAD hay mô hình cho thấy iPhone Fold có thể vẫn chưa tiến đến giai đoạn này hoặc đang được bảo mật chặt chẽ hơn bình thường. Điều này trái ngược với nhiều sản phẩm khác của Apple. Ví dụ, trước khi một mẫu iPhone hoặc iPad ra mắt, người dùng thường thấy hàng loạt ảnh chụp linh kiện như mô-đun camera, khung kim loại hay bản dựng thiết kế xuất hiện trên mạng. Những dấu hiệu này gần như chưa xảy ra với iPhone màn hình gập. Về mặt lợi ích cho người dùng, việc sản phẩm chưa bước vào sản xuất hàng loạt có thể là tín hiệu tích cực. Apple vốn nổi tiếng với chiến lược ra mắt khi công nghệ đã đủ chín muồi. Nếu hãng đang trì hoãn, điều đó có thể nhằm đảm bảo độ bền bản lề, tối ưu phần mềm hoặc giảm rủi ro lỗi phần cứng — những vấn đề từng khiến nhiều smartphone màn hình gập gặp tranh cãi trong giai đoạn đầu. Một số nguồn tin cho rằng, Apple đã thử nghiệm nhiều hướng phát triển smartphone màn hình gập trong vài năm qua, từ iPhone gập dạng sách, iPhone dạng gập vỏ sò đến iPad hoặc MacBook màn hình gập. Việc tồn tại nhiều nguyên mẫu có thể khiến thông tin rò rỉ trở nên rối rắm và khó xác nhận. Ảnh minh họa. Ngoài ra, yếu tố kinh doanh cũng có thể ảnh hưởng tới tiến độ. Smartphone màn hình gập thường có giá cao và nhu cầu chưa thực sự lớn so với iPhone truyền thống. Điều này khiến Apple có thể chọn chiến lược phát triển chậm hơn để tránh rủi ro về doanh số, đồng thời tập trung vào các hướng công nghệ khác như “spatial computing” — lĩnh vực đang được hãng nhấn mạnh thông qua các thiết bị thực tế hỗn hợp. Từ góc nhìn người dùng, câu hỏi lớn đặt ra là liệu điện thoại màn hình gập có thực sự mang lại lợi ích rõ ràng. Thiết bị dạng này hứa hẹn kết hợp smartphone và máy tính bảng trong cùng một sản phẩm, giúp đa nhiệm tốt hơn hoặc mở rộng không gian màn hình. Tuy nhiên, thân máy sẽ dày hơn, cấu trúc phức tạp và đôi khi phải đánh đổi về camera hoặc pin. Một số chuyên gia cũng cho rằng smartphone màn hình gập đang đứng giữa hai xu hướng: một bên là smartphone truyền thống ngày càng mạnh mẽ, bên kia là các nền tảng điện toán không gian cho phép mở rộng màn hình ảo mà không cần phần cứng lớn. Nếu công nghệ thực tế hỗn hợp phát triển nhanh, vai trò của điện thoại màn hình gập có thể thay đổi đáng kể. Ở thời điểm hiện tại, việc thiếu rò rỉ rõ ràng khiến nhiều người nghiêng về khả năng iPhone Fold chưa sẵn sàng cho năm 2026, hoặc sẽ ra mắt với số lượng hạn chế. Chúng tôi sẽ tiếp tục cập nhật thêm thông tin về sản phẩm này trong các tin bài tiếp theo, mời quý độc giả đón đọc. Sau nhiều năm chỉ xuất hiện trong các tin đồn rời rạc, iPhone Fold, mẫu iPhone màn hình gập đầu tiên của Apple dường như đang dần lộ diện. Nguồn: [Link nguồn]Nguồn: [Link nguồn]"
74b167f80eefbb78bb4476507f2b1a04,MacBook Pro màn cảm ứng OLED với giao diện giống iPhone có thể ra mắt trong năm nay,2026-02-26T05:00:00+00:00,24h,https://www.24h.com.vn/thoi-trang-hi-tech/macbook-pro-man-cam-ung-oled-voi-giao-dien-giong-iphone-co-the-ra-mat-trong-nam-nay-c407a1740181.html,vi,trang-chu,apple|macbook pro|oled|iphone,,"Lưu bài viết thành công Bạn có thể xem lại bài viết đã lưu ở trangTin bài đã lưu Theo Bloomberg, Apple đang chuẩn bị cho một cuộc cách mạng lớn trong dòng sản phẩm MacBook Pro. Dự kiến, các bản cập nhật ngắn hạn với bộ vi xử lý nâng cấp sẽ sớm ra mắt, nhưng một thiết kế hoàn toàn mới có thể xuất hiện sớm hơn dự kiến. Điểm nhấn trong thông tin này là chiếc MacBook Pro với màn hình cảm ứng OLED, hứa hẹn mang đến những tính năng tương tự như trên iPhone cho dòng máy tính xách tay hàng đầu của Apple. Bloomberg cho biết, mẫu MacBook Pro này dự kiến sẽ ra mắt vào cuối năm 2026, đánh dấu lần đầu tiên Apple tích hợp màn hình OLED và hỗ trợ cảm ứng trên một chiếc MacBook. Báo cáo cũng cho biết, Apple có thể thay thế phần ""tai thỏ"" hiện tại bằng giao diện Dynamic Island, tương tự như trên dòng iPhone 14 Pro. Trên MacBook Pro, Dynamic Island sẽ chứa webcam và đồng thời hoạt động như một phần mềm tương tác, có khả năng mở rộng và thích ứng tùy thuộc vào ứng dụng đang sử dụng, hiển thị các điều khiển đa phương tiện và thông tin ngữ cảnh khác. Việc tích hợp ứng dụng của bên thứ ba cũng đang được xem xét, nhằm mang đến giao diện năng động hơn cho hệ điều hành macOS. Ngoài những thay đổi về phần cứng, Apple cũng đang tinh chỉnh macOS để hỗ trợ tốt hơn cho thao tác cảm ứng. Người dùng sẽ có thể chạm hoặc nhấp chuột vào các yếu tố trên màn hình một cách linh hoạt, với các menu và điều khiển tự điều chỉnh theo phương thức tương tác. Các tính năng cử chỉ tương tự như trên iPad, như thu phóng bằng hai ngón tay và cuộn nhanh hơn, có thể được áp dụng trên toàn hệ thống. Tuy nhiên, MacBook Pro vẫn sẽ không được tiếp thị như một thiết bị ưu tiên cảm ứng, với bàn phím và bàn di chuột truyền thống vẫn là trung tâm của trải nghiệm người dùng. Các mẫu MacBook Pro OLED dự kiến sẽ giữ nguyên kích thước 14 inch và 16 inch quen thuộc, nhưng sẽ có thiết kế mỏng và nhẹ hơn. Apple dự kiến sẽ giới thiệu MacBook Pro mới với chip M5 Pro và M5 Max trong sự kiện ra mắt vào ngày 4/3. Các phiên bản OLED ra mắt sau đó có thể được trang bị bộ vi xử lý M6 Pro và M6 Max, đánh dấu một bước tiến lớn trong công nghệ sản xuất. Apple có thể sẽ ra mắt MacBook Pro OLED đầu tiên với màn hình cảm ứng vào năm tới. Nguồn: [Link nguồn]Nguồn: [Link nguồn]"
b3dafc043532f788a1e53bbcbf713396,"Galaxy S26 Ultra kém bùng nổ, Motorola và Google vẫn lỡ nhịp?",2026-02-26T03:45:00+00:00,24h,https://www.24h.com.vn/thoi-trang-hi-tech/galaxy-s26-ultra-kem-bung-no-motorola-va-google-van-lo-nhip-c407a1740254.html,vi,trang-chu,Galaxy S26 Ultra|Samsung|Motorola|Google|điện thoại cao cấp|Motorola Signature|Motorola Edge 70 Fusion,,"Lưu bài viết thành công Bạn có thể xem lại bài viết đã lưu ở trangTin bài đã lưu Khi Galaxy S26 Ultra bị mở hộp ngay trước thời điểm ra mắt vào rạng sáng 26/2 và được đem ra so sánh với các đối thủ cạnh tranh, sức hấp dẫn dành cho thiết bị đã giảm đi rất nhiều do thiếu nhiều điểm nổi bật. Đây là một chiếc Galaxy S26 Ultra chính hãng, hoạt động hoàn hảo. Trong bối cảnh người dùng không còn hứng thú với điện thoại cao cấp của Samsung, nhiều hãng điện thoại dường như cũng không tận dụng được nỗi thất vọng này. Motorola lại thu hút sự chú ý với kế hoạch ra mắt Edge 70 Fusion vào đầu tháng 3 tới đây. Chiếc smartphone Android tầm trung này của Motorola được trang bị màn hình 6,8 inch, chip Snapdragon 7s Gen 3 và pin 7.000 mAh. Tuy nhiên, nhiều câu hỏi vẫn được đặt ra: Tại sao Motorola mới chỉ hé lộ sản phẩm mà không tận dụng cơ hội để tạo tiếng vang trong bối cảnh người tiêu dùng đang thất vọng với dòng Galaxy S26? Rõ ràng đây không phải là đối thủ của Galaxy S26. Hơn nữa, sự thiếu vắng những thông tin về dòng sản phẩm chủ lực Motorola Signature, vốn được giới thiệu cách đây hơn 1 tháng và nhận sự chú ý của cộng đồng, khiến nhiều người đặt câu hỏi về chiến lược của hãng điện thoại vừa mới trở lại Việt Nam vào cuối năm ngoái. Motorola dường như đang bỏ lỡ cơ hội để cạnh tranh với Samsung, đặc biệt khi công ty Hàn Quốc đang gặp khó khăn trong việc tiếp thị. Cần nhớ rằng, Edge 60 Fusion là một trong năm mẫu smartphone được Motorola bán tại Việt Nam sau khi quay trở lại thị trường nước ta. Vì vậy, việc thiếu thông tin về bản kế nhiệm của sản phẩm cũng là điều khiến người tiêu dùng Việt cảm thấy thất vọng. Chiếc Motorola Signature đầy hứa hẹn vẫn chưa có ngày ra mắt chính thức. Nhưng Motorola không phải là cái tên duy nhất, bởi bản thân Google cũng đang bỏ lỡ cơ hội của mình. Chiếc Pixel 10a được bán với giá 499USDtừng được xem là một đối thủ đáng gờm dành cho Galaxy S26. Tuy nhiên, thiết kế và thông số kỹ thuật của sản phẩm sau khi ra mắt vào tháng này đã không thực sự ấn tượng, khiến nó khó có thể tạo ra sự khác biệt. Pixel 10a quá lặp đi lặp lại và nhàm chán để có thể cạnh tranh với dòng Galaxy S26. Ngoài ra, các thương hiệu lớn khác như OnePlus và Apple cũng đang bỏ lỡ cơ hội để “đá” Samsung trong thời điểm khó khăn này. Các chiến dịch quảng cáo của họ khá kín đáo và không tạo được sự chú ý cần thiết. Dù vậy, vẫn chưa quá muộn để Motorola hay Apple nắm bắt cơ hội và đẩy mạnh các nỗ lực tiếp thị cho sản phẩm của mình. Trải nghiệm thực tế chiếc flagship Samsung Galaxy S26 Ultra đem đến cảm nhận tuyệt vời đến bất ngờ! Nguồn: [Link nguồn]Nguồn: [Link nguồn]"
6eb52cf5644052c7dc4bb244f70619ce,"Công cụ quản lý tệp tin và hình ảnh nhanh gọn, miễn phí của Synology",2026-02-26T11:00:00+00:00,24h,https://www.24h.com.vn/cong-nghe-thong-tin/cong-cu-quan-ly-tep-tin-va-hinh-anh-nhanh-gon-mien-phi-cua-synology-c55a1740287.html,vi,trang-chu,Quản lý dữ liệu|NAS|Synology Drive|Synology Photos|quản lý hình ảnh|quản lý tập tin,,"Lưu bài viết thành công Bạn có thể xem lại bài viết đã lưu ở trangTin bài đã lưu Thay vì phụ thuộc hoàn toàn vào dịch vụ lưu trữ trực tuyến, nhiều người đang chuyển sang giải pháp NAS (Network Attached Storage - thiết bị lưu trữ dữ liệu tập trung) kết hợp phần mềm quản lý để vừa kiểm soát dữ liệu vừa tối ưu chi phí dài hạn. Trong đó phải kể đến hệ sinh thái của Synology gồm thiết bị NAS và các công cụ phụ trợ như Drive và Photos. Drive và Photos là hai trong số loạt công cụ có sẵn. Nhà phát triển đã xây dựng Drive như một trung tâm dữ liệu cá nhân hoàn chỉnh thay vì chỉ là công cụ đồng bộ file. Trải nghiệm thực tế khi thiết lập trên một hệ thống NAS DS920+, toàn bộ quy trình cấu hình chỉ mất chưa tới 10 phút. Sau đó, người dùng đã có thể truy cập dữ liệu từ laptop, điện thoại và tablet như đang dùng Google Drive, nhưng toàn bộ file nằm trong ổ cứng vật lý của chính mình. Điểm đáng chú ý đầu tiên là cơ chế đồng bộ đa nền tảng hoạt động ổn định. Trong thử nghiệm thực tế, người viết chỉnh sửa một file trình chiếu trên PC tại nhà, rồi gập laptop lại. Khi tới văn phòng, mở laptop lẫn điện thoại làm tiếp thì bản chỉnh sửa trước đó xuất hiện đầy đủ. Từ thực tế đó, người viết đánh giá, tốc độ cập nhật gần như tức thì khi kết nối mạng ổn định. Với người làm báo hoặc biên tập nội dung, khả năng này cực kỳ hữu ích khi cần chỉnh sửa nhanh tài liệu trước giờ gửi bài mà không cần mang theo máy chính. Giao diện Drive trên Android. Drive không chỉ dừng ở lưu trữ mà còn hướng tới cộng tác nhóm. Khi thử nghiệm với ba đồng nghiệp chỉnh sửa cùng một bảng kế hoạch nội dung, hệ thống khóa file tự động kích hoạt khi một người đang chỉnh sửa, ngăn ghi đè dữ liệu. Tính năng này nhìn sơ có vẻ đơn giản nhưng cực kỳ quan trọng trong các tình huống làm việc nhóm. Một điểm nữa khiến Drive khác biệt so với cloud truyền thống là quyền kiểm soát. Trong bảng quản trị, quản trị viên có thể xem ai truy cập file nào, lúc nào, từ thiết bị gì. Khi thử gửi link chia sẻ cho cộng tác viên ngoài công ty, người viết có thể đặt quyền chỉ xem, chỉ tải hoặc chỉnh sửa, thậm chí đặt ngày hết hạn. Do đó, nó sẽ đặc biệt hữu ích khi làm việc với khách hàng hoặc đối tác freelance - quyền truy cập tự động vô hiệu sau deadline. Chi tiết các cấp độ và quyền truy cập. Thiết lập sao lưu dữ liệu trên Drive. Khả năng versioning thông minh cũng là điểm cộng lớn. Trong thử nghiệm chỉnh sửa nhiều lần file có dung lượng 1GB, hệ thống chỉ lưu các phiên bản có thay đổi đáng kể thay vì lưu toàn bộ bản sao, giúp tiết kiệm đáng kể dung lượng ổ cứng. Khi cố tình xóa nhầm thư mục ảnh dự án, chỉ cần vài cú click để khôi phục phiên bản trước đó. Với người từng mất dữ liệu vì lỗi thao tác, tính năng này mang lại cảm giác an toàn rõ rệt. Drive càng phù hợp nữa với doanh nghiệp vừa và nhỏ qua khả năng đồng bộ giữa nhiều địa điểm. Khi thử cấu hình hai NAS đặt ở hai mạng khác nhau, dữ liệu được đồng bộ tự động mà không cần VPN phức tạp. Với doanh nghiệp có chi nhánh, giải pháp này giảm đáng kể chi phí hạ tầng so với việc thuê máy chủ trung tâm. Sau hơn một tháng sử dụng thực tế, phải nhận định Drive không chỉ là phần mềm mà còn là nền tảng quản trị dữ liệu. Người dùng phổ thông sẽ thấy tiện lợi như cloud quen thuộc, còn người làm chuyên môn sẽ đánh giá cao mức kiểm soát sâu. Điểm mạnh lớn nhất nằm ở nguyên tắc dữ liệu thuộc về chúng ta, không phải nhà cung cấp dịch vụ. Nếu Drive mang tới nhiều giá trị trong làm việc, thì Photos lại là mảnh ghép cảm xúc trong hệ sinh thái NAS. Ứng dụng quản lý ảnh này hướng đến mục tiêu thay thế hoàn toàn dịch vụ lưu trữ ảnh trực tuyến phổ biến bằng một thư viện riêng tư đặt ngay tại nhà hoặc văn phòng. Trải nghiệm thực tế cho thấy, Photos không đơn thuần là nơi lưu ảnh, mà giống một trung tâm hồi tưởng kỹ thuật số. Kho ảnh được quản lý nhanh, tiện trên Photos. Ngay khi bật sao lưu tự động trên điện thoại, toàn bộ ảnh hoặc chỉ ảnh mới chụp (tùy theo thiết lập) được tải lên nền mà không làm gián đoạn thao tác. Người viết thử chụp liên tiếp 50 tấm ảnh RAW trên điện thoại iPhone 16 Pro, máy vẫn hoạt động mượt trong khi tiến trình upload diễn ra âm thầm. Đây là khác biệt rõ rệt so với nhiều ứng dụng cloud khác vốn khiến máy nóng và hao pin khi đồng bộ nền. Khả năng tổ chức thông minh cũng là điểm khiến Photos trở nên “đáng tiền” dù bản thân phần mềm không thu phí. Sau khi ""import"" thư viện hơn 20.000 ảnh từ nhiều năm, hệ thống tự phân loại theo khuôn mặt, địa điểm và chủ thể. Chẳng hạn, khi tìm ảnh chụp tại Đà Lạt vào năm 2019, chỉ cần lọc theo địa điểm và mốc thời gian, toàn bộ ảnh liên quan xuất hiện trong vài giây. Với nhiếp ảnh gia hoặc người làm nội dung hình ảnh, tốc độ truy xuất này giúp tiết kiệm hàng giờ tìm kiếm thủ công. Các ảnh trong album có thể tự động tạo nhóm theo khuôn mặt hay nội dung, địa điểm,... Tính năng chia sẻ cũng được thiết kế theo hướng kiểm soát chặt. Trong thử nghiệm gửi album ảnh hoạt động ngoại khóa trường lớp cho nhóm phụ huynh, người viết đặt mật khẩu và thời hạn 7 ngày. Người nhận chỉ xem được trong khoảng thời gian đó, sau khi hết hạn thì link tự động vô hiệu. Thiết lập bảo mật khi chia sẻ ảnh/album ảnh. Một điểm thú vị nữa là khả năng tạo album theo điều kiện. Ví dụ khi người viết thiết lập điều kiện hiển thị tất cả ảnh chụp bằng ống kính 50mm trong năm nay thì hệ thống sẽ lập tức tạo album tự động. Đây là công cụ mạnh cho người chơi ảnh chuyên sâu muốn phân tích thói quen chụp hoặc thống kê thiết bị sử dụng. Photos cũng giải quyết bài toán hiệu năng NAS bằng cách cho phép ứng dụng trên PC, laptop xử lý ảnh thumbnail thay cho máy chủ. Khi bật tính năng này trong thử nghiệm upload thư viện lớn, CPU của hệ thống NAS giảm tải khoảng 4 - 5% so với khi không bật, giúp hệ thống vẫn chạy mượt các dịch vụ khác. Với người dùng chạy nhiều ứng dụng cùng lúc trên NAS, lợi ích này rất rõ ràng. Quan trọng hơn cả, toàn bộ thư viện ảnh vẫn giữ nguyên chất lượng gốc, hỗ trợ file RAW và không nén. Trong thời đại nhiều dịch vụ tự động giảm dung lượng ảnh để tiết kiệm chi phí lưu trữ, việc giữ nguyên độ phân giải tối đa mang ý nghĩa lớn với người làm sáng tạo. Sau quá trình trải nghiệm, có thể nói Photos không cố trở thành mạng xã hội ảnh mà tập trung vào vai trò thư viện cá nhân an toàn. Nó phù hợp nhất với người coi ảnh là tài sản số lâu dài chứ không chỉ là nội dung chia sẻ nhanh. Giải pháp này cho phép người dùng chủ động chọn mô hình ngôn ngữ AI, thay vì bị đóng khung trong một nền tảng duy nhất. Nguồn: [Link nguồn]Nguồn: [Link nguồn]"
3973ec89b78c4c9950d8229c1433048b,Trái Đất bắt được sóng radio và tia X phát từ quá khứ 12 tỉ năm trước,2026-02-26T08:10:00+00:00,24h,https://www.24h.com.vn/cong-nghe-thong-tin/trai-dat-bat-duoc-song-radio-va-tia-x-phat-tu-qua-khu-12-ti-nam-truoc-c55a1740337.html,vi,trang-chu,sóng radio,,"Lưu bài viết thành công Bạn có thể xem lại bài viết đã lưu ở trangTin bài đã lưu Theo Live Science, các nhà khoa học vừa xác định được một chuẩn tinh cổ đại mang tên ID830, một lỗ đen quái vật (lỗ đen siêu khối lượng) khủng khiếp đến mức phát sáng như sao và phóng tia X, sóng radio ra xa hàng tỉ năm ánh sáng. ID830 có khối lượng lớn đến gần như vô lý. Tồn tại tận 12 tỉ năm trước, khi vũ trụ mới chỉ 15% độ tuổi hiện tại, lỗ đen này đã nặng tới 440 triệu lần khối lượng Mặt Trời. Khối lượng này gấp 100 lần so với Sagittarius A* , lỗ đen siêu khối lượng nằm ở trung tâm thiên hà Milky Way (Ngân Hà) của chúng ta. Một lỗ đen quái vật đang điên cuồng ngấu nghiến vật chất và phát ra ánh sáng rực rỡ, sóng radio cũng như tia X bùng nổ trong vũ trụ sơ khai - Ảnh minh họa: NASA Vật thể này đã phá vỡ nhiều mô hình vật lý thiên văn hiện tại. Đầu tiên, nó đang phát triển vượt xa giới hạn tốc độ về sự phát triển của lỗ đen, gọi là ""giới hạn Eddington"". Chưa kể, nó phát ra cùng lúc bức xạ tia X và sóng radio cực mạnh, là 2 đặc điểm được cho là không thể cùng tồn tại. Viết trên tạp chí khoa học The Astrophysical Journal, các nhà nghiên cứu cho biết họ đã tính toán tốc độ tăng trưởng của ID830 bằng cách đo độ sáng của nó ở bước sóng tia cực tím (UV) và tia X. Độ sáng tia X của nó cho thấy ID830 đang tích tụ khối lượng với tốc độ gấp khoảng 13 lần giới hạn Eddington do một luồng khí đột ngột tràn vào, có thể đã xảy ra khi ID830 xé toạc và nuốt chửng một thiên thể nào đó đi lạc quá gần. Theo đồng tác giả Sakiko Obuchi từ Đại học Waseda ở Tokyo (Nhật Bản), thiên thể đó phải là một ngôi sao cực kỳ khổng lồ, những dạng sao giả thuyết được cho là từng tồn tại trong vũ trụ sơ khai. Điều này có nghĩa sự ""vượt giới hạn"" của vật thể này - gọi là quá trình bồi tụ siêu Eddington - chỉ là tạm thời, mà theo ước tính của các tác giả là khoảng 300 năm. Trong khi đó, việc ID830 phóng ra đồng thời sóng radio và tia X khó giải thích hơn. Hai đặc điểm này được cho là không thể cùng tồn tại vì quá trình bồi tụ siêu Eddington sẽ triệt tiêu các bức xạ như vậy. Vì vậy, rất có thể các bức xạ tia X và sóng radio này được giải phóng theo những cơ chế chưa được khoa học biết đến. Nhìn chung, những đặc điểm phá vỡ quy luật của ID830 cho thấy nó đang ở trong một giai đoạn chuyển tiếp hiếm hoi của việc tiêu thụ và thải ra năng lượng quá mức, điều khiến nó rực sáng như một ngôi sao và được gọi là chuẩn tinh. Dựa trên phân tích dưới ánh sáng cực tím các nhà khoa học cũng cho rằng các chuẩn tinh như ID830 có thể phổ biến hơn dự kiến trong vũ trụ sơ khai. Song song đó, chuẩn tinh và các lỗ đen khác trong vũ trụ sơ khai cũng sở hữu khả năng điều chỉnh sự phát triển của chính nó linh hoạt hơn, từ đó góp phần định hình các thiên hà. Theo NASA, ""cuộc diễu hành"" hiếm thấy của 6 hành tinh sẽ trở lại với bầu trời đêm vào cuối tháng 2 Nguồn: [Link nguồn]Nguồn: [Link nguồn]"
c83e7b2c67480472dc5a46d5388170f4,Dữ liệu OpenAI tiết lộ sự thật bất ngờ về ChatGPT,2026-02-26T05:00:00+00:00,24h,https://www.24h.com.vn/cong-nghe-thong-tin/du-lieu-openai-tiet-lo-su-that-bat-ngo-ve-chatgpt-c55a1740248.html,vi,trang-chu,ChatGPT|OpenAI|dữ liệu OpenAI|công cụ hỗ trợ công việc|công cụ tìm kiếm thông tin|chatbot|chia sẻ suy nghĩ|bộc lộ cảm xúc,,"Lưu bài viết thành công Bạn có thể xem lại bài viết đã lưu ở trangTin bài đã lưu Dữ liệu mới từ OpenAI cho thấy một lượng lớn người dùng sử dụng ứng dụng cho các tác vụ không liên quan đến công việc và để thể hiện cá tính cá nhân. OpenAI vừa công bố dữ liệu Signals mới được thu thập từ hàng triệu tin nhắn của người dùng gửi đi từ tháng 7/2024 đến cuối năm 2025. Công ty đã phân tích kỹ lưỡng những cuộc hội thoại này để tìm hiểu xem mọi người thực sự làm gì với ChatGPT khi họ không ở nơi làm việc. Nhiều người chia sẻ cảm xúc qua ChatGPT (Ảnh minh họa: Digital Trends) Kết quả cho thấy một bức tranh khá giống con người. Phân tích chia các tương tác thành ba nhóm: Tìm kiếm thông tin hoặc làm rõ vấn đề; Thực hiện tác vụ hỗ trợ công việc; Bày tỏ, chia sẻ suy nghĩ hoặc cảm xúc mà không mong đợi bất kỳ kết quả hoặc câu trả lời nào. Nhóm thứ ba này liên tục xuất hiện, cho thấy mọi người đang tìm thấy điều gì đó ở chatbot vượt ra ngoài phạm vi công việc. Khái niệm thể hiện cảm xúc không chỉ giới hạn ở những bộc phát cảm xúc. Nó bao gồm bất kỳ khoảnh khắc nào người dùng thể hiện suy nghĩ, ý kiến ​​hoặc cảm xúc cần được bộc lộ. Dữ liệu cho thấy những trao đổi này chiếm một phần đáng kể trong tổng số lần sử dụng. OpenAI đã thống kê những người dùng tự nguyện cung cấp tuổi của họ, và nhóm người dùng trẻ tuổi từ 18 đến 34 tuổi là những người có mức độ tương tác cá nhân cao nhất. Họ dường như cảm thấy thoải mái hơn khi coi ChatGPT như một không gian để suy nghĩ và bày tỏ ý kiến ​​hơn là chỉ là một công cụ làm việc. Gemini 3 đại chiến ChatGPT 5.1: Google cuối cùng đã tìm ra ""vũ khí"" để lật đổ OpenAI? Nguồn: [Link nguồn]Nguồn: [Link nguồn]"
1ddbd1f658d608f087bf4c3a5b0360c2,“Giá vàng hôm nay” và “Văn khấn ngày vía thần tài” đột phá bảng xếp hạng Google Trends,2026-02-26T03:34:00+00:00,24h,https://www.24h.com.vn/cong-nghe-thong-tin/gia-vang-hom-nay-va-van-khan-ngay-via-than-tai-dot-pha-bang-xep-hang-google-trends-c55a1740255.html,vi,trang-chu,Giá vàng hôm nay|văn khấn ngày vía thần tài|vàng|bạc|thần tài,,"Lưu bài viết thành công Bạn có thể xem lại bài viết đã lưu ở trangTin bài đã lưu Sáng 26/2 (tức mùng 10 tháng Giêng âm lịch, hay ngày Vía Thần Tài), hai cụm từ “giá vàng hôm nay” và “văn khấn ngày vía thần tài” bất ngờ leo thẳng lên nhóm đầu bảng xếp hạng tìm kiếm Google tại Việt Nam, ghi nhận mức tăng trưởng đột biến. Dữ liệu xu hướng tìm kiếm Google Trends theo thời gian thực cho thấy, nhu cầu tra cứu thông tin vàng và nghi lễ cúng Thần Tài tăng mạnh đúng thời điểm người dân chuẩn bị mua vàng lấy may và làm lễ cầu tài lộc đầu năm. Xu hướng tìm kiếm ""văn khấn ngày vía thần tài"". Theo bảng thống kê xu hướng tìm kiếm trong 24 giờ qua, từ khóa “giá vàng hôm nay” đạt hơn 50.000 lượt tìm kiếm, tăng 100% và bắt đầu bùng lên khoảng 2 giờ trước thời điểm thống kê. Đồ thị quan tâm thể hiện đường xu hướng giảm dần trong nửa đầu ngày, sau đó đi ngang trong nhiều giờ rồi bất ngờ dựng đứng ở đoạn cuối, cho thấy lượng người tìm kiếm tăng vọt ngay sát giờ mở cửa giao dịch. Phần phân tích từ khóa liên quan cho thấy người dùng tập trung vào các biến thể như “giá vàng”, “giá vàng hôm nay bao nhiêu”, “giá vàng SJC”, “giá vàng PNJ”, “giá vàng 9999 hôm nay”, hay “giá vàng hiện tại”, phản ánh nhu cầu cập nhật giá theo thương hiệu và loại vàng cụ thể. Song song đó, cụm “văn khấn ngày vía thần tài” cũng đạt hơn 50.000 lượt tìm kiếm, nhưng mức tăng trưởng còn mạnh hơn, lên tới 1.000% chỉ sau 4 giờ. Biểu đồ quan tâm của cụm này cho thấy đường tìm kiếm gần như đi ngang suốt phần lớn thời gian, trước khi tăng mạnh liên tục trong khoảng 8 giờ cuối và đạt đỉnh ở thời điểm gần hiện tại. Danh sách truy vấn liên quan ghi nhận nhiều cụm chi tiết như “văn khấn ngày vía thần tài 2026”, “bài cúng thần tài”, “cúng thần tài mùng 10 giờ nào tốt”, “văn khấn thần tài thổ địa mùng 10”, “bài khấn ngày thần tài”… Điều này cho thấy người dùng không chỉ tìm bài khấn chung mà còn muốn biết giờ đẹp, nghi thức chuẩn và văn mẫu đầy đủ. Sức nóng tìm kiếm trùng khớp với diễn biến giá vàng thực tế trong sáng cùng ngày. Trước giờ mở cửa giao dịch, giá vàng SJC tại Bảo Tín Minh Châu niêm yết ở mức 182,3 – 185,3 triệu đồng/lượng (mua – bán), tăng 700.000 đồng/lượng ở cả hai chiều so với cùng thời điểm hôm qua. Chênh lệch mua – bán duy trì khoảng 3 triệu đồng/lượng. Tại Phú Quý, vàng miếng SJC giao dịch quanh mức 182,3 – 185,3 triệu đồng/lượng, cũng tăng 700.000 đồng/lượng mỗi chiều và giữ chênh lệch tương tự. Một số thương hiệu khác ghi nhận mức giá thấp hơn đôi chút nhưng vẫn theo xu hướng đi lên. Cụ thể, vàng miếng SJC tại Bảo Tín Mạnh Hải được niêm yết 181,6 – 184,6 triệu đồng/lượng (mua – bán), trong khi vàng SJC tại PNJ giao dịch 182,3 – 185,3 triệu đồng/lượng. Việc đồng loạt điều chỉnh tăng ngay trước giờ giao dịch chính thức khiến người mua càng gấp rút tra cứu giá, góp phần đẩy từ khóa liên quan vàng leo top tìm kiếm. Ngoài hai chủ đề dẫn đầu, bảng xu hướng còn ghi nhận một số từ khóa đáng chú ý khác như “PSG đấu với Monaco”, “Juventus đấu với Galatasaray”, “xổ số miền nam ngày 25 tháng 2”, hay “thời tiết” với hơn 200.000 lượt tìm kiếm và mức tăng 75%. Tuy vậy, so về tốc độ tăng trưởng tức thời, nhóm từ khóa liên quan ngày Vía Thần Tài vẫn vượt trội. Chỉ ít ngày sau khi quay lại guồng làm việc hậu Tết Nguyên đán Bính Ngọ 2026, người dùng Internet Việt Nam đã rục rịch tìm kiếm thông tin về các kỳ... Nguồn: [Link nguồn]Nguồn: [Link nguồn]"
457736a957a1b61afc5f2656227643d7,Hiện tượng hiếm gặp: 6 hành tinh sắp “diễu hành” trên bầu trời,2026-02-26T02:10:14+00:00,24h,https://www.24h.com.vn/cong-nghe-thong-tin/hien-tuong-hiem-gap-6-hanh-tinh-sap-dieu-hanh-tren-bau-troi-c55a1740245.html,vi,trang-chu,diễu hành hành tinh|quan sát sao|hiện tượng thiên văn|NASA|Sao kim,,"Lưu bài viết thành công Bạn có thể xem lại bài viết đã lưu ở trangTin bài đã lưu Từ Trái Đất, chúng ta có thể nhìn thấy một số hành tinh gần gũi và sáng nhất như Sao Kim (Sao Hôm, Sao Mai), Sao Hỏa, Sao Mộc... Nhưng vào cuối tuần này, có tới 6 hành tinh cùng hiện ra. ""Nếu bạn có thể tìm được vị trí có tầm nhìn không bị cản trở về hướng Tây và bầu trời quang đãng vào ngày 28-2, bạn có thể nhìn thấy 2 hành tinh bên trong hệ mặt trời là Sao Kim và Sao Thủy, nằm gần Sao Thổ, cùng với Sao Hải Vương, Sao Thiên Vương và Sao Mộc"" - tờ Live Science dẫn lời NASA. Các hành tinh trong hệ Mặt Trời - Ảnh: NASA Thời gian quan sát cuộc diễu hành sẽ rất ngắn vì Sao Kim, Sao Thủy, Sao Thổ và sao Hải Vương chỉ xuất hiện trong chốc lát sau khi Mặt Trời lặn. NASA ước tính bạn sẽ có khoảng 45 phút. Sao Kim, Sao Thủy và Sao Thổ đều có thể nhìn thấy bằng mắt thường, nhưng bạn sẽ cần một thiết bị quan sát thiên văn chuyên dụng để quan sát các hành tinh xa xôi hơn. Sau khi quan sát Sao Kim, Sao Thủy, Sao Thổ và Sao Hải Vương, hãy nhìn lên phía Nam để tìm Sao Mộc ẩn mình phía hòm sao Song Tử (Gemini), tỏa sáng rực rỡ, độ sáng ổn định. Ba ngôi sao của Vành đai Orion sẽ nằm ở vị trí gần như chính giữa bốn hành tinh kia và Sao Mộc. Hành tinh thứ 7, Sao Thiên Vương, cũng sẽ xuất hiện trên bầu trời đêm. Với một chiếc ống nhòm hoặc kính thiên văn nhỏ, bạn hãy nhắm vào Vành đai Orion một lần nữa, theo dõi ba ngôi sao Alnitak, Alnilam và Mintaka rồi hướng thiết bị lên trên cho đến khi nhìn thấy cụm sao Pleiades (Thất Nữ) lung linh. Sao Thiên Vương sẽ nằm ngay bên dưới Pleiades, trong chòm sao Kim Ngưu (Taurus). ""Mắt thần"" của kính viễn vọng không gian James Webb đã phơi bày nhiều điều kỳ lạ về hành tinh thứ 7 của hệ Mặt Trời. Nguồn: [Link nguồn]Nguồn: [Link nguồn]"
0dc122d3f2f4b1f1608d54bb8082ede9,"Chó robot AI cõng 65 Kg nhẹ như không, chạy 18 Km/h bất chấp địa hình",2026-02-26T01:00:00+00:00,24h,https://www.24h.com.vn/cong-nghe-thong-tin/cho-robot-ai-cong-65-kg-nhe-nhu-khong-chay-18-km-h-bat-chap-dia-hinh-c55a1740123.html,vi,trang-chu,chó robot Unitree|Unitree vAs2|robot tích hợp AI|cảm biến LiDAR|công nghệ robot bốn chân|robot công nghiệp|AI tự hành|tin tức công nghệ|thiết bị tự hành thông minh,,"Lưu bài viết thành công Bạn có thể xem lại bài viết đã lưu ở trangTin bài đã lưu Cân nặng chỉ vỏn vẹn 18 Kg (tính cả pin), nhưng chú ""chó robot"" vAs2 lại sở hữu sức mạnh cơ bắp đáng kinh ngạc. Với mô-men xoắn cực đại tại các khớp lên tới 90 N·m, cỗ máy này có thể dễ dàng bứt tốc đạt ngưỡng trên 18 km/giờ. Chó robot tích hợp của Unitree phô diễn sức mạnh đáng kinh ngạc. Để duy trì nguồn năng lượng bền bỉ, As2 được trang bị viên pin lithium ""khủng"" 648Wh (15.000mAh). Khi hoạt động không tải, robot có thể chạy liên tục hơn 4 giờ và vượt qua quãng đường 20 km. Ngay cả khi phải cõng trên lưng khối lượng 15 Kg, nó vẫn duy trì được sức bền hơn 2,5 giờ hoạt động, tương đương một chuyến đi bộ dài hơn 13 Km. Không chỉ là một món đồ chơi công nghệ trưng bày trong phòng thí nghiệm, As2 được thiết kế để lao ra thực địa. Với chuẩn kháng bụi và nước IP54, cùng khả năng chịu đựng nhiệt độ khắc nghiệt từ -20 – 50 độ C, chú chó robot này sẵn sàng dấn thân vào những môi trường công nghiệp và ngoài trời khắc nghiệt nhất. Về mặt cơ khí, As2 cực kỳ linh hoạt với 12 bậc tự do, được dẫn động bởi hệ thống động cơ PMSM rotor trong tốc độ cao, quán tính thấp. Tỷ lệ mô-men xoắn trên trọng lượng đạt xấp xỉ 5 N·m/kg, mang lại những chuyển động vừa mạnh bạo vừa uyển chuyển xác đến từng milimet nhờ các vòng bi đũa chéo chuẩn công nghiệp. Các thông số di động của chú chó cơ khí này chắc chắn sẽ khiến nhiều người phải trầm trồ. Nó có thể dễ dàng leo các bậc thang cao 25 Cm, vượt dốc nghiêng 40 độ và nhảy phốc lên các bục thẳng đứng cao tới 50 Cm. Tải trọng mang vác khi đi bộ liên tục của máy đạt khoảng 15 Kg. Đặc biệt, khi ở tư thế đứng yên, phiên bản EDU của As2 có thể gánh được khối lượng lên tới 65 Kg – một con số cực kỳ ấn tượng so với thể hình của nó. Tốc độ di chuyển sẽ được tinh chỉnh tùy theo từng phiên bản: Bản As2 AIR tiêu chuẩn chạy với vận tốc tối đa 3 m/s; trong khi bản PRO và EDU có thể duy trì tốc độ 3,7 m/s và chạm đỉnh gần 5 m/s (khi không tải). Mọi phiên bản đều được ""vũ trang"" tận răng với Wi-Fi 6, Bluetooth 5.2, loa, micro, đèn chiếu sáng phía trước và camera HD. Các phiên bản cao cấp của As2 được trang bị hệ thống theo dõi thông minh ISS 3.0, cho phép robot bám sát mục tiêu với độ chính xác định vị tính bằng centimet. Mô-đun GPS và 4G cũng được tích hợp sẵn (nhưng mặc định tắt để bảo vệ quyền riêng tư, chỉ kích hoạt khi người dùng cho phép). Video về chó robot As2. Điểm ""ăn tiền"" nhất nằm ở hệ thống cảm biến nhận thức. Các mẫu PRO và EDU tự hào sở hữu hệ thống LiDAR 64-128 line chuẩn công nghiệp, trong khi bản AIR dùng LiDAR góc siêu rộng L2 do chính Unitree phát triển. Trái tim điều khiển toàn bộ cỗ máy này là một CPU 8 nhân hiệu suất cực cao. Riêng phiên bản EDU được thiết kế như một nền tảng mở, hỗ trợ module mở rộng NVIDIA Jetson Orin NX, tạo sân chơi lý tưởng để các lập trình viên phát triển hệ thống tự ra quyết định và các ứng dụng AI hiện thân (Embodied AI). Hiện tại, Unitree vẫn chưa công bố mức giá chính thức cho các phiên bản. Hãng cũng thận trọng đưa ra khuyến cáo, rằng do sở hữu cấu trúc cơ khí phức tạp và động năng cực mạnh, người dùng cần duy trì một khoảng cách an toàn nhất định khi chú chó robot này đang làm nhiệm vụ. Theo nhà sáng lập startup LinkerBot Alex Zhou Yong, sự khéo léo của đôi bàn tay con người mới là chìa khóa tạo nên các phát minh chứ không phải chiếc... Nguồn: [Link nguồn]Nguồn: [Link nguồn]"
c523fc56bc97a8f4098ecd765e581db0,"Sân bay Long Thành 16 tỷ USD được quyết định ra sao, đầu tư thế nào?",2026-02-26T11:45:00+00:00,24h,https://www.24h.com.vn/tin-tuc-trong-ngay/san-bay-long-thanh-16-ty-usd-duoc-quyet-dinh-ra-sao-dau-tu-the-nao-c46a1740386.html,vi,tin-tuc-trong-ngay,sân bay Long Thành|đầu tư|quy hoạch|xây dựng|cảng hàng không,,"Lưu bài viết thành công Bạn có thể xem lại bài viết đã lưu ở trangTin bài đã lưu Tháng 6/2015, Quốc hội biểu quyết thông qua Nghị quyết về chủ trương đầu tư Dự án Cảng hàng không quốc tế Long Thành, với 428/461 đại biểu có mặt tại hội trường tán thành, 17 đại biểu không tán thành, 16 đại biểu không biểu quyết. Dự án được xây dựng trên diện tích hơn 5.000 ha tại xã Long Thành, tỉnh Đồng Nai. Tổng mức đầu tư khái toán cho toàn bộ dự án là 336.630 tỷ đồng (tương đương 16,03 tỷUSD, áp dụng đơn giá của năm 2014). Công suất thiết kế dự án đạt 100 triệu hành khách/năm và 5 triệu tấn hàng hóa/năm. Tổng Công ty Cảng hàng không Việt Nam (ACV) làm chủ đầu tư. Nghị quyết về chủ trương đầu tư được Quốc hội thông qua nêu rõ việc xây dựng Cảng hàng không quốc tế Long Thành đạt cấp 4F theo phân cấp của Tổ chức hàng không dân dụng quốc tế (ICAO), là cảng hàng không quốc tế quan trọng của quốc gia, hướng tới trở thành một trong những trung tâm trung chuyển hàng không quốc tế của khu vực. Quy mô đầu tư dự án hơn 16 tỷ USD, chia làm 3 giai đoạn, trong đó giai đoạn 1 (từ năm 2021-2026) là hơn 4,6 tỷ USD. Giai đoạn 1 của dự án sân bay Long Thành: Đầu tư xây dựng 1 đường cất hạ cánh và 1 nhà ga hành khách cùng các hạng mục phụ trợ đồng bộ với công suất 25 triệu hành khách/năm, 1,2 triệu tấn hàng hóa/năm; chậm nhất năm 2025 hoàn thành và đưa vào khai thác. Giai đoạn 2: Tiếp tục đầu tư xây dựng thêm 1 đường cất hạ cánh cấu hình mở và 1 nhà ga hành khách để đạt công suất 50 triệu hành khách/năm và 1,5 triệu tấn hàng hóa/năm. Giai đoạn 3: Hoàn thành các hạng mục của dự án để đạt công suất 100 triệu hành khách/năm và 5 triệu tấn hàng hóa/năm. Dự án được sử dụng một phần vốn ngân sách Nhà nước, vốn cổ phần hóa doanh nghiệp Nhà nước của ngành hàng không, vốn hỗ trợ phát triển chính thức (ODA), vốn doanh nghiệp, vốn đầu tư theo hình thức đối tác công - tư (PPP) và các loại vốn khác theo quy định của pháp luật. Diện tích đất của dự án là 5.000 ha, trong đó, diện tích đất xây dựng kết cấu hạ tầng cảng hàng không là 2.750 ha, diện tích đất cho quốc phòng là 1.050 ha, diện tích đất dành cho hạng mục phụ trợ và công nghiệp hàng không, các công trình thương mại khác là 1.200 ha. Theo báo cáo của Bộ Xây dựng (kỳ giữa tháng 1/2026), dự án sân bay Long Thành giai đoạn 1 có 4 dự án thành phần. Trong đó, dự án thành phần 1 là các công trình trụ sở cơ quan quản lý nhà nước, đến nay tất cả 6 công trình trụ sở đã hoàn thành xây dựng. Dự án thành phần 2 là các công trình phục vụ quản lý bay, các hạng mục công trình xây dựng, gồm đài kiểm soát không lưu, nhà kỹ thuật, nhà VIP, nhà nguồn, công trình phục vụ quản lý bay đã hoàn thành cơ bản xây dựng vào ngày 19/12/2025. Dự án thành phần 4 là các công trình khác, hiện nay có 7 công trình gồm các công trình dịch vụ cung cấp suất ăn hàng không, kỹ thuật thương mại mặt đất, các hangar (khu bảo dưỡng tàu bay) đang được triển khai thi công. Các công trình này dự kiến sẽ hoàn thành trong tháng 6/2026. Riêng dự án thành phần 3 là các công trình thiết yếu trong sân bay do ACV làm chủ đầu tư, đã thi công hoàn thành 3/15 gói thầu. Với 12 gói thầu còn lại đang thi công, theo đánh giá của Bộ Xây dựng, có 10 gói thầu có thể đảm bảo tiến độ hoàn thành đưa vào khai thác sử dụng trong tháng 6/2026. Cụ thể, gói thầu 4.6 - đường cất hạ cánh số 1, đường lăn, sân đỗ tàu bay (khu vực ga hàng hoá, chuyển phát nhanh) đã cơ bản hoàn thành và phục vụ chuyến bay ngày 19/12/2025. Gói thầu 4.12, hạng mục đường cất hạ cánh thứ 2 được khởi công ngày 30/5/2025 dự kiến hoàn thành trong tháng 6/2026. Hiện các nhà thầu đang thi công hạng mục nền, móng đường, thoát nước, lớp bê tông xi măng M150, M350. Gói thầu 4.7, sân đỗ tàu bay, nhà ga hành khách được khởi công tháng 9/2024. Khối lượng thi công đến nay tính theo giá trị sản lượng đạt khoảng hơn 87%, cơ bản đáp ứng tiến độ. Với gói thầu 5.10 - nhà ga hành khách đến nay đã hoàn thành kết cấu bê tông cốt thép phần ngầm, tầng 1 đến 4, kết cấu thép mái (khu mái trung tâm, khu cánh, khu cầu ống lồng, khung đỡ mặt dựng, khung bảo trì, khung đỡ viền mái...), các lớp mái nhà ga. Công tác lắp đặt vách kính mặt thi công trong tháng 1 vừa qua. Công tác hoàn thiện xây dựng (xây tường, trát hoàn thiện, chống thấm, sơn, ốp lát, công tác trần, vách ngăn, nội thất, cảnh quan...) dự kiến hoàn thành trước 30/6. Gần đây, ACV và một số nhà thầu lớn tại dự án sân bay Long Thành vừa đồng loạt thay đổi nhân sự cấp cao. Trong đó, ACV thay đổi người đại diện theo pháp luật. Cụ thể, ông Lê Văn Khiên - thành viên Hội đồng quản trị vừa được bổ nhiệm kiêm người đại diện theo pháp luật của doanh nghiệp từ ngày 25/2 cho đến khi có quyết định mới. Trước đó, vị trí này do ông Vũ Thế Phiệt - Chủ tịch Hội đồng quản trị đảm nhiệm. Tổng Công ty Cổ phần Xuất nhập khẩu và Xây dựng Việt Nam (Vinaconex) - nhà thầu lớn tại dự án sân bay Long Thành - cũng vừa công bố miễn nhiệm Chủ tịch Hội đồng quản trị Nguyễn Hữu Tới từ ngày 13/2. Vinaconex không nêu lý do miễn nhiệm. Sau đó, Vinaconex bầu ông Trần Đình Tuấn làm Chủ tịch Vinaconex. Một nhà thầu khác là Công ty CP Đầu tư xây dựng Newtecons cũng thay đổi nhân sự cấp cao. Vị trí Tổng giám đốc được chuyển từ ông Võ Thanh Liêm sang ông Nguyễn Quang Thụy. Ông Thụy đồng thời là người đại diện theo pháp luật của doanh nghiệp. Tổng công ty Xây dựng số 1 (mã chứng khoán: CC1) cũng bổ nhiệm ông Trần Hữu Phong làm thành viên Hội đồng quản trị, đồng thời miễn nhiệm ông Nguyễn Văn Huấn theo nguyện vọng cá nhân. Tháp không lưu cao 123 m, là một hạng mục quan trọng của dự án sân bay Long Thành. Theo báo cáo tài chính quý IV/2025, chi phí xây dựng dở dang của ACV tại dự án Cảng hàng không quốc tế Long Thành giai đoạn 1 lên tới 34.190 tỷ đồng, tăng hơn 21.000 tỷ đồng so với đầu năm. Phối cảnh sân bay Long Thành khi hoàn thành. Sáng 25/2, Bộ Chính trị, Ban Bí thư tổ chức Hội nghị toàn quốc nghiên cứu, học tập, quán triệt và triển khai thực hiện Nghị quyết số 79-NQ/TW của Bộ Chính trị về phát triển kinh tế Nhà nước và Nghị quyết số 80-NQ/TW của Bộ Chính trị về phát triển văn hóa Việt Nam. Phát biểu chỉ đạo tại hội nghị, Tổng Bí thư Tô Lâm nêu vấn đề về hạch toán kinh tế và lấy ví dụ về công trình sân bay Long Thành với vốn đầu tư khoảng 16 tỷ USD, nếu nhìn sang các nước ở Đông Nam Á thì lớn hơn nhiều. “Thấy công bố con số của mình, người ta rất ngại. Quy mô 16 tỷ USD thì kinh khủng. Tôi hỏi đã vượt trội hơn so với Malaysia, Singapore chưa thì không chứng minh được. Tôi hỏi bao lâu thu hồi được 16 tỷ USD trả lại cho nhà nước thì cũng không trả lời được. Tôi hỏi sân bay Long Thành mỗi năm đóng góp cho tăng trưởng kinh tế quốc gia là bao nhiêu cũng không tính toán được. Thành ra nảy sinh lãng phí, tiêu cực, thậm chí thất thoát nếu không có hạch toán”, Tổng Bí thư Tô Lâm cho hay. Tổng Bí thư nêu công trình sân bay Long Thành với vốn đầu tư khoảng 16 tỷ USD, nếu nhìn sang các nước ở Đông Nam Á thì vốn đó là lớn hơn nhiều. “Thấy... Nguồn: [Link nguồn]Nguồn: [Link nguồn]"
2099dc98c46112280b012475c6f59787,Vụ trâu đực rượt đuổi rồi húc 2 người bị thương: Trâu dữ đã vượt biên,2026-02-26T11:30:00+00:00,24h,https://www.24h.com.vn/tin-tuc-trong-ngay/vu-trau-duc-ruot-duoi-roi-huc-2-nguoi-bi-thuong-trau-du-da-vuot-bien-c46a1740383.html,vi,tin-tuc-trong-ngay,trâu hung dữ|thương tích|Quảng Trị|vượt biên sang Lào|sự kiện xã hội,,"Lưu bài viết thành công Bạn có thể xem lại bài viết đã lưu ở trangTin bài đã lưu Ngày 26-2, lãnh đạo UBND xã Lao Bảo (tỉnh Quảng Trị) xác nhận đơn vị này đã đến thăm hỏi, động viên tinh thần đối với 2 người dân địa phương bị con trâu hung dữ rượt đuổi, húc trúng. Hiện sức khoẻ, tinh thần của 2 nạn nhân đã ổn định. Trong khi đó, con trâu đực hung dữ được xã này xác định là đã chạy sang nước Lào sau khi tấn công 2 người dân. Lãnh đạo UBND xã Lao Bảo thăm hỏi, động viên một trong 2 nạn nhân bị trâu dữ tấn công. Ảnh: Kim Huệ Trước đó, vào chiều 24-2, con trâu này chạy trên Quốc lộ 9 rồi vào khu vực thôn Bích La Đông và thôn Nại Cửu. Quá trình di chuyển, con trâu đã rượt đuổi, húc trúng 2 người dân ngụ thôn Bích La Đông và Xi Núc, khiến họ bị thương phải đến cơ sở y tế điều trị. Sau khi húc trúng người, con trâu này bỏ chạy vào các khu vườn của người dân gần đó và đến nay được xác định là đã chạy sang Lào. Một con trâu ""điên"" bất ngờ sổng chuồng chạy ra đường phố rồi lao vào xe máy người đi đường, húc gãy xương sườn một người phụ nữ ở Thanh Hóa Nguồn: [Link nguồn]Nguồn: [Link nguồn]"
86c7f1bb7f1222615156244e702bab37,"Dự án hơn 1000 tỷ đồng ở Thanh Hoá không rào chắn, người dân nơm nớp lo tai nạn",2026-02-26T11:00:00+00:00,24h,https://www.24h.com.vn/tin-tuc-trong-ngay/du-an-hon-1000-ty-dong-o-thanh-hoa-khong-rao-chan-nguoi-dan-nom-nop-lo-tai-nan-c46a1740372.html,vi,tin-tuc-trong-ngay,Thanh Hóa|đại lộ|mất an toàn giao thông|rào chắn|thi công không che chắn,,"Lưu bài viết thành công Bạn có thể xem lại bài viết đã lưu ở trangTin bài đã lưu Công trường thi công mở rộng đại lộ nghìn tỷ ở Thanh Hoá Dự án mở rộng đại lộ Lê Lợi (tỉnh Thanh Hoá) thuộc địa phận giáp ranh 2 phường Hạc Thành và Đông Quang có tổng mức đầu tư hơn 1.000 tỷ đồng từ ngân sách Nhà nước đang được rốt ráo triển khai. Dự kiến sau khi hoàn thành dự án, đại lộ Lê Lợi có chiều dài 1,5km, mặt cắt ngang rộng 43m, bao gồm nền đường rộng 30m và hệ thống vỉa hè hai bên. Tuyến đường được thiết kế với dải phân cách cứng ở giữa, vận tốc thiết kế đạt 50km/h. Điểm đầu của dự án mở rộng giao với Quốc lộ 47 tại ngã tư Phú Sơn, điểm cuối kết với đường đi sân bay Thọ Xuân.Từ trước Tết Nguyên đán 2026, dự án được đẩy nhanh tiến độ, hoàn thành công tác giải phóng mặt bằng và các nhà thầu rốt ráo thi công cho kịp thời điểm hoàn thành dự kiến giữa năm 2026. Tuy nhiên, theo phản ánh của nhiều hộ dân ở phường Hạc Thành và Đông Sơn (Thanh Hoá), trong quá trình triển khai nhiều hạng mục của dự án, các nhà thầu thi công gây bụi, ô nhiễm môi trường và có dấu hiệu không đảm bảo an toàn giao thông trên tuyến, tiềm ẩn nguy cơ gây tai nạn. Đặc biệt là đoạn từ ngã tư Phú Sơn đến cầu Cao, nhà thầu thi công không lắp đặt báo hiệu đúng theo quy định, bố trí sơ sài các thiết bị cảnh báo, phản quang... Cũng theo phản ánh, Công ty TNHH Hoàng Tuấn là 1 trong những nhà thầu thi công tại dự án thường không lắp đặt các biển báo, rào chắn đúng quy cách, tiềm ẩn nguy cơ mất an toàn giao thông. Ông Lê Đức Hạnh (tổ dân phố Phú Thọ 4, phường Hạc Thành) cho biết, nhiều thời điểm nhà thầu thi công không lắp rào chắn theo quy định làm người dân địa phương và người lưu thông trên đường rất lo lắng về nguy cơ gây tai nạn giao thông. Thực tế cách đây không lâu, có 2 người bị ngã ở khu vực thi công dự án. Ghi nhận của PV Báo Điện tử VTC News một số buổi chiều cuối tháng 2/2026 lưu lượng các phương tiện tham gia giao thông tại công trường đang triển khai dự án mở rộng đại lộ Lê Lợi rất đông, nhiều người gặp khó khăn khi di chuyển và đặc biệt nơm nớp nỗi lo bị ngã xe khi đi cạnh các hố công trình đang đào bới nhưng được rào chắn khá sơ sài. Chị Lê Thị Thu (tổ dân phố 6, phường Đông Sơn) cho biết: “Hằng ngày tôi đi làm qua đây và luôn thường trực nỗi lo bị va chạm sẽ ngã xuống các điểm nhà thầu đang thi công. Đặc biệt, các khung giờ tan tầm cao điểm, lượng người chen nhau di chuyển, rất nguy hiểm. Nếu có rào chắn cứng sẽ an toàn hơn”. Trả lời PV Báo Điện tử VTC News, ông Nguyễn Văn Tuấn - Phó Giám đốc Công ty TNHH Hoàng Tuấn (đơn vị thi công)   thừa nhận việc  trên, công trình dự án mở rộng đại lộ Lê Lợi không có các rào chắn đúng quy định. “Chúng tôi sẽ chỉ đạo các bộ phận khắc phục hạn chế này ngay lập tức”, ông Tuấn thông tin. Thực tế đến sáng 26/2, trên công trình dự án mở rộng đại lộ Lê Lợi, Công ty TNHH Hoàng Tuấn vẫn chưa bố trí, thiết lập các rào chắn, biển báo đúng quy định. Tại một số khu vực, máy xúc vẫn đang tiếp tục đào các hồ sâu dày đặc ven đường nơi người dân đang di chuyển mà không được che chắn, cảnh báo. Đại lộ Lê Lợi kéo dài có điểm cuối nối nút giao Nhồi, thuộc dự án đường nối TP Thanh Hóa (cũ) với sân bay Thọ Xuân. Tại khu vực này, một nút giao 5 hướng đã được hình thành, hoàn thiện mở rộng với vòng xuyến lớn, xóa bỏ tình trạng thắt cổ chai và nguy cơ tai nạn giao thông như trước. Đại lộ Lê Lợi hiện dài hơn 3 km, là trục giao thông phát triển theo hướng đông - tây của đô thị trung tâm tỉnh Thanh Hóa. Tuyến đường tập trung nhiều trung tâm thương mại, cơ quan hành chính và công trình dịch vụ. Dự án mở rộng đại lộ Lê Lợi nhằm hoàn thiện mạng lưới giao thông khu vực, tăng cường kết nối các tuyến đường quan trọng của tỉnh, thúc đẩy phát triển kinh tế xã hội. Dự án cũng được kỳ vọng nâng cao khả năng kết nối giữa khu vực trung tâm với sân bay Thọ Xuân, giảm áp lực giao thông trên các tuyến trục chính qua các phường Hạc Thành, Đông Quang, Đông Sơn, góp phần hình thành diện mạo đô thị hiện đại. Hàng trăm biệt thự, nhà liền kề xây thô bỏ hoang tại khu đô thị nghìn tỷ, trong khi Thanh tra Chính phủ vừa chỉ ra hàng loạt sai phạm trong quá trình... Nguồn: [Link nguồn]Nguồn: [Link nguồn]"
efd75678963c051365b165e7933889a2,"Ô tô con văng khỏi cao tốc Nội Bài – Lào Cai, 2 người bị thương",2026-02-26T10:30:00+00:00,24h,https://www.24h.com.vn/tin-tuc-trong-ngay/o-to-con-vang-khoi-cao-toc-noi-bai-lao-cai-2-nguoi-bi-thuong-c46a1740371.html,vi,tin-tuc-trong-ngay,tai nạn|Lào Cai|tai nạn giao thông|tai nạn ô tô|tự gây tai nạn,,"Lưu bài viết thành công Bạn có thể xem lại bài viết đã lưu ở trangTin bài đã lưu Khoảng 13h ngày 26/2, ô tô con mang biển kiểm soát 30K-391.xx chạy trên cao tốc Nội Bài - Lào Cai. Khi đến Km 159+350, đoạn qua xã Tân Hợp, tỉnh Lào Cai, xe lao vào hệ thống rào tôn bảo vệ bên đường rồi văng ra khu vực đang thi công mở rộng tuyến. Hiện trường vụ tai nạn. Vụ tai nạn làm 2 người trên xe bị thương. Trong đó, một người bị thanh sắt từ hàng rào đâm vào vùng ngực, chảy nhiều máu và được đưa đi cấp cứu ngay sau đó. Phần rào tôn bảo vệ công trường bị hư hỏng, chiếc xe cũng biến dạng sau tai nạn. Thời điểm xảy ra sự việc, khu vực này thời tiết khô ráo, trời nắng, tầm nhìn thông thoáng. Hệ thống biển báo, rào chắn và thiết bị cảnh báo an toàn giao thông trên tuyến được bố trí đầy đủ theo quy định. Nhận được tin báo, lực lượng chức năng có mặt tại hiện trường để phân luồng, điều tiết phương tiện, đồng thời phối hợp xử lý vụ việc, đảm bảo giao thông trên tuyến không bị ùn tắc kéo dài. Hôm nay, tại tỉnh Đồng Nai cũng xảy ra vụ tai nạn làm một người tử vong và 2 người bị thương. Cụ thể, khoảng 11h45 cùng ngày, tài xế Lê Phước Lâm (39 tuổi, ngụ tỉnh Lâm Đồng) lái xe khách loại 52 chỗ, biển kiểm soát 50H-677.78, chạy trên Quốc lộ 14 theo hướng từ tỉnh Đắk Lắk đi TP.HCM. Khi đến km896+300, đoạn đường cong thuộc thôn Sơn Thọ, xã Thọ Sơn, tài xế không kiểm soát được tay lái, xe lật ngang xuống lề đường. Vụ tai nạn khiến anh Cáp Hoàng T. (20 tuổi, ngụ tỉnh Lâm Đồng; hành khách trên xe) tử vong tại hiện trường. Hai hành khách khác bị thương, được đưa đến bệnh viện cấp cứu ngay sau đó. Vụ ô tô rơi xuống kênh làm 2 người tử vong ở Gia Lai được xác định xảy ra khi tài xế vào khúc cua gấp, không quen địa hình. Nguồn: [Link nguồn]Nguồn: [Link nguồn]"
d2cb4e75df60573f176cca7a1ecd3ca2,"Tai nạn xe khách nghiêm trọng ở Đồng Nai, 3 người thương vong",2026-02-26T10:00:00+00:00,24h,https://www.24h.com.vn/tin-tuc-trong-ngay/tai-nan-xe-khach-nghiem-trong-o-dong-nai-3-nguoi-thuong-vong-c46a1740368.html,vi,tin-tuc-trong-ngay,lật xe khách Đồng Nai|tai nạn giao thông|xe khách đổ|điều tra tai nạn|thương vong ở Đồng Nai,,"Lưu bài viết thành công Bạn có thể xem lại bài viết đã lưu ở trangTin bài đã lưu Chiều 26-2, cơ quan chức năng tỉnh Đồng Nai đang điều tra nguyên nhân vụ tai nạn xe khách khiến 1 người tử vong. Hiện trường vụ tai nạn Gần 12 giờ trưa cùng ngày, xe khách loại 50 chỗ do tài xế Lê Phước Lâm (39 tuổi, ngụ tỉnh Lâm Đồng) điều khiển trên Quốc lộ 14, hướng từ tỉnh Đắk Lắk đi TPHCM. Đến đoạn đường cong (thôn Sơn Thọ, xã Thọ Sơn), do trời mưa, đường trơn trượt, chiếc xe bất ngờ mất lái lật ngang vào lề đường. Vụ tai nạn làm 1 người chết, 2 người bị thương Vụ tai nạn khiến anh Cáp Hoàng Thái (20 tuổi, ngụ tỉnh Lâm Đồng) tử vong, 2 hành khách bị thương được đưa đi cấp cứu tại bệnh viện. Chiếc xe khách hư hỏng nặng. Lực lượng Cảnh sát giao thông tỉnh Đồng Nai đang khám nghiệm hiện trường, làm rõ nguyên nhân vụ tai nạn. Tiếp nhận tin phản ánh đến số điện thoại của Cục trưởng Cục CSGT, lực lượng chức năng đã phát hiện 27 trường hợp vi phạm, phạt gần 2,3 tỉ đồng. Nguồn: [Link nguồn]Nguồn: [Link nguồn]"
272af25bb64890cdb4b7cea9cc151438,Chủ đầu tư sân bay Long Thành thay người đại diện pháp luật,2026-02-26T09:30:00+00:00,24h,https://www.24h.com.vn/tin-tuc-trong-ngay/chu-dau-tu-san-bay-long-thanh-thay-nguoi-dai-dien-phap-luat-c46a1740350.html,vi,tin-tuc-trong-ngay,ACV|sân bay Long Thành|thay đổi lãnh đạo|nhân sự cấp cao|dự án hàng không,,"Lưu bài viết thành công Bạn có thể xem lại bài viết đã lưu ở trangTin bài đã lưu Tổng công ty Cảng hàng không Việt Nam (ACV) vừa công bố nghị quyết HĐQT về việc thay đổi về nhân sự cấp cao khi bổ nhiệm ông Lê Văn Khiên, Thành viên HĐQT kiêm thêm vị trí Người đại diện theo pháp luật của doanh nghiệp từ ngày 25-2. Trước đó, ông Vũ Thế Phiệt, Chủ tịch HĐQT ACV, đảm nhiệm vị trí này. Động thái này diễn ra trong bối cảnh ACV liên tiếp có điều chỉnh về nhân sự điều hành thời gian gần đây. Đầu tháng 2, chủ đầu tư dự án sân bay Long Thành đã giao ông Nguyễn Đức Hùng, Phó tổng giám đốc, giữ chức Phó tổng giám đốc phụ trách Ban điều hành ACV. Cùng thời điểm, ACV cũng quyết định giao bà Phạm Thị Phương, Trưởng phòng Kế toán thuộc Ban Tài chính - Kế toán, phụ trách công tác kế toán. Tuy nhiên, chỉ sau 2 ngày, ACV đã chấm dứt nhiệm vụ với bà Phương. Hiện ACV có vốn điều lệ 35.828 tỉ đồng, trong đó Nhà nước nắm giữ 95,4% cổ phần. ACV đang quản lý, đầu tư và khai thác hệ thống 21/23 cảng hàng không trên cả nước, bao gồm 9 cảng hàng không quốc tế là Tân Sơn Nhất, Nội Bài, Đà Nẵng, Vinh, Cát Bi, Phú Bài, Cam Ranh, Cần Thơ và Liên Khương. ACV gần đây thay đổi loạt nhân sự cấp cao Doanh nghiệp này cũng là chủ đầu tư Dự án Cảng hàng không quốc tế Long Thành giai đoạn 1, với tổng mức đầu tư gần 110.000 tỉ đồng. ACV đang niêm yết cổ phiếu trên sànchứng khoán. Tại Báo cáo tài chính năm 2025, ACV ghi nhận hơn 26.000 tỉ đồng doanh thu thuần và báo lãi trước thuế hơn 14.915 tỉ đồng, là mức cao nhất trong lịch sử hoạt động. Kết quả này vượt xa kế hoạch 22.239 tỉ đồng doanh thu và 10.531 tỉ đồng lợi nhuận trước thuế được thông qua tại phiên họp Đại hội đồng cổ đông thường niên năm ngoái. Thời gian gần đây, nhiều nhà thầu lớn tham gia dự án Cảng hàng không quốc tế Long Thành cũng ghi nhận biến động ở vị trí lãnh đạo cấp cao. Mới đây nhất, ngày 13-2, Tổng Công ty CP Xuất nhập khẩu và Xây dựng Việt Nam (Vinaconex, mã chứng khoán: VCG) miễn nhiệm chức Chủ tịch HĐQT đối với ông Nguyễn Hữu Tới. Chiều ngược lại, Vinaconex bổ nhiệm ông Trần Đình Tuấn, Thành viên HĐQT giữ chức Chủ tịch HĐQT. Ngoài vai trò tại Vinaconex, ông Trần Đình Tuấn còn đang là Chủ tịch HĐQT kiêm Tổng giám đốc Công ty CP Pacific Holdings (cổ đông lớn nhất của Vinaconex - nắm hơn 45% vốn điều lệ). Cùng ngày, Công ty CP Đầu tư Xây dựng Newtecons cũng bổ nhiệm ông Nguyễn Quang Thụy giữ chức Tổng giám đốc, thay thế ông Võ Thanh Liêm. Ông Thụy đồng thời là người đại diện theo pháp luật của doanh nghiệp. Tổng Bí thư nêu công trình sân bay Long Thành với vốn đầu tư khoảng 16 tỷ USD, nếu nhìn sang các nước ở Đông Nam Á thì vốn đó là lớn hơn nhiều. “Thấy... Nguồn: [Link nguồn]Nguồn: [Link nguồn]"
7f78aaad813274a9db348f2904acb4d6,Không mua được vàng ngày vía Thần Tài thì nên làm gì để “xin vía” may mắn?,2026-02-26T09:00:00+00:00,24h,https://www.24h.com.vn/tin-tuc-trong-ngay/khong-mua-duoc-vang-ngay-via-than-tai-thi-nen-lam-gi-de-xin-via-may-man-c46a1740316.html,vi,tin-tuc-trong-ngay,ngày vía thần tài,,"Lưu bài viết thành công Bạn có thể xem lại bài viết đã lưu ở trangTin bài đã lưu Vào ngày vía Thần Tài - là mùng 10 tháng Giêng Âm lịch, nhiều người dân ở nước ta thích mua vàng (có thể chỉ mua lượng ít) để mong một năm may mắn, tài lộc, công việc hanh thông. Tuy nhiên, không phải ai cũng đủ điều kiện tài chính hoặc thời gian để mua vàng đúng ngày này. Vậy nếu không mua được vàng vào ngày Thần Tài thì liệu có “mất vía” may mắn? Theo quan niệm dân gian, Thần Tài là vị thần gắn với tiền bạc, kinh doanh và sự sung túc. Việc mua vàng chỉ là thói quen của một số người, phần để có tâm lý tích cực, phần để tượng trưng cho việc tích lũy của cải đầu năm. Tức là không có điều mặc định nào là cứ mua vàng vào ngày Thần Tài thì “có lộc”, còn không mua thì ngược lại. Mà thực tế, trong niềm tin từ ngày xưa, có những hành động nhỏ cũng được xem là cách “giữ lộc”. Nhiều người thích mua vàng vào ngày vía Thần Tài để ""lấy vía"" may mắn, tài lộc. Ảnh minh họa: TPO. Chẳng hạn, một số người lớn tuổi tin rằng việc khâu lại một chiếc cúc áo bị lỏng trong ngày vía Thần Tài là tượng trưng cho việc “khâu” lại tài lộc, tránh để của cải thất thoát. Có những người thì nhắc con cháu đổ đầy thùng gạo, hũ muối trong bếp, coi đó là dấu hiệu của sự sung túc, nên việc này cũng được coi là hành động “lấy may”. Những việc này đơn giản, không đòi hỏi nhiều công sức và tiền bạc nhưng đều mang ý nghĩa tích cực, hướng tới cuộc sống no ấm nhờ chính sự chăm lo của con người. Ngoài ra, cũng có niềm tin rằng không nhất thiết phải mua vàng mà có thể mua một món đồ (trang sức nhỏ, túi…), coi như “lì xì” cho bản thân để có một năm may mắn. Hoặc cũng có thể gửi một khoản tiền tiết kiệm trong khả năng cho phép, như vậy cũng được coi là cách tích lũy đầu năm, “gây dựng tài lộc”. Để dành một khoản tiền nhỏ hoặc lên kế hoạch chi tiêu vào ngày vía Thần Tài cũng là những hành động có ý nghĩa tượng trưng tích cực. Ảnh minh họa: Shutterstock. Tóm lại, có thể hiểu đơn giản ngày vía Thần Tài là thời điểm mà con người ước mong về sự sung túc, may mắn; việc mua vàng chỉ có tính tượng trưng, coi như một động lực đầu năm. Còn để có sự vững chắc về tài chính, điều quan trọng vẫn là sự chủ động, biết quản lý chi tiêu và tích lũy của mỗi người. Từ 3-4h sáng nay (26/2, ngày Vía Thần tài) khu vực Trần Nhân Tông - “phố vàng” của Hà Nội đã rộn ràng. Trước cửa nhiều tiệm vàng, người dân ngồi thành... Nguồn: [Link nguồn]Nguồn: [Link nguồn]"
94902910038524d17111bea0eed86f48,Cục CSGT cảnh báo gì sau vụ tàu SE va chạm với xe tải tại Ngọc Hồi gây chết người?,2026-02-26T08:30:00+00:00,24h,https://www.24h.com.vn/tin-tuc-trong-ngay/cuc-csgt-canh-bao-gi-sau-vu-tau-se-va-cham-voi-xe-tai-tai-ngoc-hoi-gay-chet-nguoi-c46a1740324.html,vi,tin-tuc-trong-ngay,tai nạn đường sắt,,"Lưu bài viết thành công Bạn có thể xem lại bài viết đã lưu ở trangTin bài đã lưu Khoảng 19h51 ngày 25/2, tại km 15+700 tuyến đường sắt Bắc – Nam, đoạn qua xã Ngọc Hồi, Hà Nội, xảy ra vụ tai nạn giữa tàu SE (đầu máy D19E-942 kéo theo 14 toa) và xe ô tô tải biển kiểm soát 29H-792.88 di chuyển qua đường ngang có gác chắn tự động. Theo thông tin ban đầu, tàu chạy theo chiều Văn Điển đi Thường Tín. Thời điểm này, hệ thống cảnh báo tại đường ngang đã hoạt động, rào chắn tự động hạ xuống. Tuy nhiên, xe tải không dừng lại nhường đường, dẫn đến mắc kẹt trên đường sắt và bị tàu tông. Hậu quả, lái xe tải tử vong tại chỗ, một người khác bị thương. Sự việc khiến giao thông đường sắt qua khu vực bị ảnh hưởng trong thời gian ngắn. Đáng chú ý, theo hình ảnh ghi nhận, khi rào chắn đã hạ xuống và hiện trường đang nguy hiểm, vẫn có người điều khiển mô tô cố tình lách qua khu vực chắn đường. Hành vi này được đánh giá là coi thường tín hiệu cảnh báo, tiềm ẩn nguy cơ tai nạn đặc biệt nghiêm trọng. Thông tin về vụ việc, Cục Cảnh sát giao thông cho biết nguyên nhân ban đầu được xác định do người điều khiển xe tải không chấp hành hiệu lệnh của hệ thống báo hiệu đường sắt tại đường ngang. Cơ quan này nhấn mạnh, theo quy định pháp luật, tại nơi đường bộ giao cắt với đường sắt, mọi phương tiện đường bộ phải tuyệt đối nhường đường cho phương tiện đường sắt khi có tín hiệu cảnh báo, chuông, đèn đỏ nhấp nháy hoặc khi rào chắn đã hạ xuống. Tai nạn đường sắt tại Ngọc Hồi tối 25/2 khiến tài xế xe tải tử vong. Cục Cảnh sát giao thông cảnh báo tình trạng cố tình vượt rào chắn vẫn diễn ra, tiềm ẩn nguy cơ đặc biệt nghiêm trọng. Cục Cảnh sát giao thông cho biết đã tiếp nhận dữ liệu, video do Tổng công ty Đường sắt Việt Nam cung cấp để phục vụ công tác xác minh, làm rõ trách nhiệm các cá nhân liên quan và xử lý nghiêm các hành vi vi phạm tại khu vực đường ngang. Đồng thời, lực lượng chức năng sẽ rà soát các clip ghi lại tình trạng cố tình vượt rào chắn tại nhiều điểm giao cắt khác, không chỉ riêng vụ việc này. Cơ quan chức năng nhận định, tình trạng người điều khiển phương tiện cố tình vượt rào chắn, phớt lờ tín hiệu cảnh báo đã trở thành thói quen xấu ở một bộ phận người tham gia giao thông. Nếu không được chấn chỉnh kịp thời, nguy cơ xảy ra tai nạn đường sắt nghiêm trọng là rất lớn. Cục Cảnh sát giao thông đề nghị người dân nâng cao ý thức chấp hành pháp luật, đồng thời cung cấp hình ảnh, video vi phạm tại các đường ngang để phối hợp xử lý, nhằm phòng ngừa những vụ việc tương tự tái diễn. Video vụ tai nạn giao thông đường sắt khiến 1 người tử vong xảy ra tại Ngọc Hồi, Hà Nội: Video vụ tai nạn giao thông đường sắt giữa tàu SE và xe tải khiến tài xế tử vong tại chỗ. Tối 25/2, một vụ tai nạn giao thông giữa tàu hỏa và ô tô tải đã xảy ra tại Quốc lộ 1A (đoạn qua xã Ngọc Hồi, Hà Nội) khiến hai phương tiện bị hư hỏng... Nguồn: [Link nguồn]Nguồn: [Link nguồn]"
1f9b8e8131ab7fa2bb764b754b40861e,"Hà Nội còn nồm ẩm đến bao giờ, liệu năm nay sẽ có rét nàng Bân hay không?",2026-02-26T07:20:00+00:00,24h,https://www.24h.com.vn/tin-tuc-trong-ngay/ha-noi-con-nom-am-den-bao-gio-lieu-nam-nay-se-co-ret-nang-ban-hay-khong-c46a1740314.html,vi,tin-tuc-trong-ngay,thời tiết Hà Nội|nhiệt độ Hà Nội|thời tiết miền Bắc|bao giờ hết nồm|bao giờ Hà Nội nắng|bao giờ Hà Nội nóng|Hà Nội nồm ẩm|Hà Nội nồm ẩm đến bao giờ|rét nàng bân tháng mấy,,"Lưu bài viết thành công Bạn có thể xem lại bài viết đã lưu ở trangTin bài đã lưu Hà Nội đang có thời tiết đúng kiểu mùa Xuân: Trời nồm, trong nhà thì ẩm cả ngày, ngoài trời thì nhiều lúc có mưa. Nhiều người cảm thấy thời tiết này không ra nóng không ra lạnh, không dễ chịu dù nhiệt độ rất… vừa phải: Chiều nay, 26/2, nhiệt độ cảm nhận ở Hà Nội là khoảng 25 - 26oC, nếu mà khô ráo thì đã có thể gọi là mát mẻ rồi. Dù sao, chiều nay ở Hà Nội có thể giảm hoặc tạnh hẳn mưa. Từ mai, 27/2, trời bắt đầu có nắng và nhờ đó đỡ hẳn nồm vào buổi trưa và chiều, người dân có thể tranh thủ giặt giũ, phơi phóng. Nhưng gọi là hết hẳn nồm thì chưa, vì sáng sớm và tối vẫn rất ẩm. Nhiệt độ cảm nhận ở một số khu vực tại miền Bắc chiều nay, 26/2. Ảnh: Zoom Earth, OpenStreetMap, ICON. Có nắng lên là nhiệt độ sẽ tăng, cuối tuần này dự báo nhiệt độ ở Hà Nội vượt 30oC. Thậm chí nhiệt độ cảm nhận cao nhất vào trưa và chiều ngày Chủ Nhật, 1/3, dự báo lên tới 34 - 35oC, thật sự là sẽ nóng như mùa Hè. Phải đến khi không khí lạnh về (dù nhẹ), dự báo vào khoảng ngày 3/3, Hà Nội mới tạm hết nồm ẩm. Với việc gần đây có rất ít đợt không khí lạnh, nếu có cũng chỉ nhẹ và ngắn, vài ngày sắp tới lại có nhiệt độ cao như đề cập ở trên, thì liệu năm nay có rét nàng Bân nữa không? Theo cách gọi dân gian thì rét nàng Bân là đợt rét muộn ở miền Bắc vào khoảng tháng 3 Âm lịch. Mà năm nay phải đến giữa tháng 4 Dương lịch thì tháng 3 Âm lịch mới bắt đầu, nên hiện tại chưa thể biết là có đợt rét nào vào cuối tháng 4 Dương lịch hay không. Dự báo nhiệt độ cảm nhận ở một số khu vực tại miền Bắc chiều mai, 27/2: Có thể thấy nhiệt độ Hà Nội tăng đáng kể. Ảnh: Zoom Earth, OpenStreetMap, ICON. Nhưng nếu coi rét nàng Bân đơn giản là đợt rét muộn trong thời điểm trời đang ấm dần lên thì câu trả lời sẽ là có. Dự báo trong tháng 3 (Dương lịch) sẽ có vài đợt không khí lạnh nữa về miền Bắc, tuy nhiên theo các mô hình dự báo hiện tại thì các đợt không khí lạnh vẫn sẽ nhẹ và ngắn, không đến mức rét đậm, rét buốt gì cả. Dự báo thời tiết mưa dông xuất hiện trên diện rộng khắp cả nước, trong đó khu vực Bắc Bộ có nơi mưa to, trời lạnh về đêm và sáng. Nguồn: [Link nguồn]Nguồn: [Link nguồn]"
4987323076b1c54ed7c309f53a869e75,Hai người đi nhầm xe máy của nhau suốt 7 ngày Tết mới phát hiện ra,2026-02-26T07:06:00+00:00,24h,https://www.24h.com.vn/tin-tuc-trong-ngay/hai-nguoi-di-nham-xe-may-cua-nhau-suot-7-ngay-tet-moi-phat-hien-ra-c46a1740303.html,vi,tin-tuc-trong-ngay,đi nhầm xe máy|sự việc hy hữu|Tết 2026|Quảng Ninh|trao trả xe,,"Lưu bài viết thành công Bạn có thể xem lại bài viết đã lưu ở trangTin bài đã lưu Ngày 26-2, Công an phường Hồng Gai (tỉnh Quảng Ninh) cho biết vừa trao trả phương tiện trong vụ việc 2 người dân đi nhầm xe máy hy hữu, trong suốt 7 ngày Tết (từ 29 Tết đến mùng 7 tháng Giêng). Công an phường Hồng Gai tổ chức trao trả lại phương tiện cho đúng chủ sở hữu Trước đó, ngày 23-2 (tức mùng 7 tháng Giêng năm Bính Ngọ 2026), Công an phường Hồng Gai tiếp nhận đơn trình báo của ông N.Q.T. (SN 1957, trú tại khu 3, phường Cao Xanh, tỉnh Quảng Ninh) về sự việc hy hữu, đã sử dụng nhầm phương tiện của người khác trong nhiều ngày. Theo đơn trình báo, ngày 16-2 (tức 29 Tết), ông N.Q.T. mượn xe máy Honda Wave RSX biển kiểm soát 14T4-11.xx của cháu trai là anh L.T.A. (SN 1990, trú tại khu 3, phường Cao Xanh) để đi mua chậu hoa tại khu 1, phường Cao Xanh. Cùng thời điểm, anh H.V.C. (SN 1985, trú tại Hải Trung, xã Hải Hậu, tỉnh Ninh Bình) cũng điều khiển một xe máy có kiểu dáng, màu sắc tương tự đến mua hàng tại khu vực này. Do 2 xe máy có kiểu dáng, màu sắc gần giống nhau, khi anh C. dùng chìa khóa của xe mình lại khởi động nhầm chiếc xe của ông T. dựng bên cạnh. Cho rằng đó là phương tiện của mình, anh C. đã điều khiển xe máy 14T4-11.xx rời đi mà không phát hiện nhầm lẫn. Về phía ông T., do xe vẫn nổ máy và vận hành bình thường nên cũng không nghi ngờ gì. Chỉ đến khi ông T. trả xe lại cho cháu trai L.T.A. thì gia đình mới tá hỏa phương tiện không phải của mình và trình báo cơ quan công an. Ngay sau khi tiếp nhận tin báo, Công an phường Hồng Gai đã khẩn trương triển khai các biện pháp xác minh. Với sự phối hợp của người dân, lực lượng chức năng đã nhanh chóng xác định được người điều khiển phương tiện đi nhầm, mời làm việc và tổ chức trao trả xe cho đúng chủ sở hữu. Công an xã Cẩm Lạc, tỉnh Hà Tĩnh vừa làm thủ tục trao trả, bàn giao 2 chiếc xe máy cho hai người phụ nữ cùng năm sinh, lấy nhầm xe của nhau khi dừng... Nguồn: [Link nguồn]Nguồn: [Link nguồn]"
878cec7550339d1c17c6196edead75f8,"Nhặt được 16 triệu đồng giữa đêm, nhóm bạn trẻ làm điều khiến CSGT bất ngờ",2026-02-26T06:42:24+00:00,24h,https://www.24h.com.vn/tin-tuc-trong-ngay/nhat-duoc-16-trieu-dong-giua-dem-nhom-ban-tre-lam-dieu-khien-csgt-bat-ngo-c46a1740296.html,vi,tin-tuc-trong-ngay,nhóm thanh niên|công an TP Đà Nẵng,,"Lưu bài viết thành công Bạn có thể xem lại bài viết đã lưu ở trangTin bài đã lưu Theo Công an TP Đà Nẵng, khoảng 0h30 ngày 26/2, trong quá trình tuần tra, kiểm soát trên tuyến đường Trần Đại Nghĩa (phường Ngũ Hành Sơn, TP Đà Nẵng), Tổ công tác Trạm Cảnh sát giao thông Hòa Hải thuộc Phòng Cảnh sát giao thông Công an TP Đà Nẵng đã tiếp nhận tin báo từ một nhóm thanh niên về việc nhặt được số tiền 16.310.000 đồng. Số tiền trong sự việc. Ảnh: Công an TP Đà Nẵng Đại diện nhóm là anh Huỳnh Nguyễn Trung Quốc (SN 2001, trú phường Điện Bàn Đông, TP Đà Nẵng) đã tự nguyện giao nộp toàn bộ số tiền cho lực lượng chức năng. Tổ công tác tiến hành lập biên bản tiếp nhận, niêm phong theo đúng quy định. Nhằm bảo đảm quyền và lợi ích hợp pháp của công dân, Phòng Cảnh sát giao thông Công an TP Đà Nẵng thông báo ai là chủ sở hữu số tiền trên liên hệ Trạm Cảnh sát giao thông Hòa Hải (địa chỉ 188 Trần Đại Nghĩa, phường Ngũ Hành Sơn, TP Đà Nẵng) hoặc qua số điện thoại 0905.922.575 (gặp Trung tá Lê Huỳnh Duy) để được hướng dẫn giải quyết theo quy định pháp luật. Phòng Cảnh sát giao thông Công an TP Đà Nẵng ghi nhận và biểu dương tinh thần nhặt được của rơi, tìm người trả lại của anh Huỳnh Nguyễn Trung Quốc cùng các bạn đi cùng, đồng thời mong muốn hành động đẹp này tiếp tục được lan tỏa trong cộng đồng. Nữ tiểu thương nhặt được chiếc lắc tay bằng vàng ở chợ và thông báo tìm người mất. Chủ tài sản tìm đến nhà để nhận lại và cho biết lắc tay được làm từ... Nguồn: [Link nguồn]Nguồn: [Link nguồn]"
6af83842d6cb3dc591e8c2598b73447b,Tai nạn đường sắt ở Hà Nội: Tài xế xe tải cố tình vượt đèn báo,2026-02-26T06:10:00+00:00,24h,https://www.24h.com.vn/tin-tuc-trong-ngay/tai-nan-duong-sat-o-ha-noi-tai-xe-xe-tai-co-tinh-vuot-den-bao-c46a1740298.html,vi,tin-tuc-trong-ngay,Hà Nội|tai nạn tàu hoả|Cục CSGT|tai nạn đường sắt|tàu hoả đâm xe tải,,"Lưu bài viết thành công Bạn có thể xem lại bài viết đã lưu ở trangTin bài đã lưu Video: Khoảnh khắc xe tải cố vượt đường ngang, bị tàu hoả vò nát Ngày 26/2, Cục CSGT (Bộ Công an) nêu nhận định ban đầu về vụ tai nạn giữa tàu hoả và ô tô tải xảy ra tại xã Ngọc Hồi khiến 1 người chết, 1 người bị thương. Theo đại diện Cục CSGT, lái xe tải biển số 29H-792.xx không chấp hành hiệu lệnh báo hiệu đường sắt (báo hiệu, gác chắn tự động) tại đường ngang. Tài xế cũng không dừng xe nhường đường cho tàu hoả, dẫn đến xe bị mắc kẹt trên đường sắt và tai nạn xảy ra. Đáng chú ý, khi rào chắn tự động đã hạ xuống, xe tải đang nằm trên đường ray nhưng vẫn có nhiều người đi xe máy cố tình vượt qua. ""Việc coi thường tín hiệu, báo hiệu đường sắt (chắc chắn có nhân viên hoặc tự động) đã trở thành thói quen xấu của nhiều người khi tham gia giao thông. Cần phải thay đổi ngay thói quen này, đừng để hậu quả xảy ra mới hối tiếc"", đại diện Cục CSGT nhấn mạnh. Vụ tai nạn khiến xe tải bị vò nát, tài xế tử vong. Cục CSGT đã tiếp nhận và xác minh, xử lý các clip tại các đường ngang do Tổng công ty Đường sắt Việt Nam cung cấp. Đồng thời đơn vị này cũng mong muốn nhận được nhiều clip liên quan do người dân cung cấp để xác minh xử lý nghiêm lái xe vi phạm quy định tại đường ngang qua đường sắt. Như Báo Điện tử VTC News đưa tin, khoảng 19h51 ngày 25/2, tàu SE3 (kéo theo 14 toa phía sau) đi theo chiều Văn Điển - Thường Tín. Khi tới điểm giao nhau với đường ngang, tàu SE3 va chạm với ô tô tải gắn biển số 29H-792.xx do anh N.V.T. (SN 1974, trú tại Mê Linh, Hà Nội) điều khiển. Vụ tai nạn làm tài xế ô tô tử vong tại chỗ. Người bị thương là anh Đ.N.H. (SN 1985, ở xã Ngọc Hồi, Hà Nội), được cấp cứu tại Bệnh viện Đa khoa Nông nghiệp. Tổng công ty Đường sắt Việt Nam cho biết toàn bộ hành khách trên tàu và lái tàu không xảy ra thương vong. Ngành đường sắt đã bố trí phương án chuyển tiếp hành khách bằng tàu khác để tiếp tục hành trình, hạn chế ảnh hưởng đến lịch chạy tàu. Tàu SE3 va chạm với xe tải tại đường ngang có chắn tự động ở Hà Nội tối 25/2 khiến đầu máy hư hỏng nặng, nhiều chuyến tàu Bắc – Nam phải lùi giờ chạy,... Nguồn: [Link nguồn]Nguồn: [Link nguồn]"
58077df6b4563bfaf1d1b2e15465ae6c,Bộ Chính trị đã có Kết luận quan trọng về công tác bầu cử Quốc hội và HĐND các cấp,2026-02-26T06:00:00+00:00,24h,https://www.24h.com.vn/tin-tuc-trong-ngay/bo-chinh-tri-da-co-ket-luan-quan-trong-ve-cong-tac-bau-cu-quoc-hoi-va-hdnd-cac-cap-c46a1740297.html,vi,tin-tuc-trong-ngay,bầu cử|quốc hội|HĐND|Bộ Chính trị|công tác bầu cử|đại biểu,,"Lưu bài viết thành công Bạn có thể xem lại bài viết đã lưu ở trangTin bài đã lưu Sáng 26/2, tại Nhà Quốc hội, Chủ tịch Quốc hội, Chủ tịch Hội đồng Bầu cử quốc gia Trần Thanh Mẫn đã chủ trì Hội nghị trực tuyến toàn quốc triển khai công tác bầu cử đại biểu Quốc hội khóa XVI và đại biểu HĐND các cấp nhiệm kỳ 2026 - 2031. Hội nghị được kết nối trực tuyến với 34 điểm cầu cấp tỉnh và 3.321 điểm cầu cấp xã. Cùng chủ trì Hội nghị có: Chủ tịch Ủy ban Trung ương MTTQ Việt Nam, Phó Chủ tịch Hội đồng Bầu cử Quốc gia Bùi Thị Minh Hoài; Phó Chủ tịch nước, Phó Chủ tịch Hội đồng Bầu cử Quốc gia Võ Thị Ánh Xuân; Phó Thủ tướng Thường trực Chính phủ, Phó Chủ tịch Hội đồng Bầu cử Quốc gia Nguyễn Hòa Bình; Phó Chủ tịch Quốc hội, Ủy viên Hội đồng Bầu cử Quốc gia Nguyễn Thị Thanh. Chủ tịch Quốc hội Trần Thanh Mẫn chủ trì Hội nghị. Ảnh: Phạm Thắng Phát biểu khai mạc, Phó Chủ tịch Quốc hội Nguyễn Thị Thanh nêu rõ, đây là Hội nghị có ý nghĩa rất quan trọng nhằm đánh giá toàn diện những kết quả đã đạt được trong công tác chuẩn bị bầu cử, thẳng thắn nhìn nhận những tồn tại, khó khăn, vướng mắc, từ đó đề ra các giải pháp để lãnh đạo và tổ chức thành công cuộc bầu cử. Đặc biệt cuộc bầu cử lần này có nhiều điểm mới, lần đầu tiên được triển khai, đó là: tổ chức chính quyền địa phương theo mô hình hai cấp; rút ngắn thời gian thực hiện các bước trong quy trình bầu cử; đẩy mạnh ứng dụng công nghệ thông tin, chuyển đổi số trong công tác bầu cử. Tính từ ngày 25/6/2025, khi Quốc hội ban hành Nghị quyết thành lập Hội đồng Bầu cử Quốc gia đến nay là 246 ngày. Trong thời gian đó, khối lượng công việc rất lớn đã được triển khai. Hội đồng Bầu cử quốc gia ghi nhận và đánh giá cao tinh thần, trách nhiệm, sự chủ động của các cơ quan trung ương, chính quyền địa phương các cấp, các tổ chức phụ trách bầu cử từ Ban chỉ đạo bầu cử, Ủy ban bầu cử, Ban Bầu cử đến Tổ bầu cử ở các địa phương. Phó Chủ tịch Quốc hội Nguyễn Thị Thanh phát biểu khai mạc. Ảnh: Phạm Thắng Phó Chủ tịch Quốc hội cũng lưu ý, từ nay đến ngày bầu cử chỉ còn 17 ngày. Thời gian không còn nhiều nhưng là giai đoạn quyết định, khối lượng công việc còn lại rất quan trọng, đòi hỏi sự tập trung cao độ, thực hiện kỹ lưỡng, cẩn trọng, đồng bộ để bảo đảm kết quả chung và thành công của cuộc bầu cử - sự kiện mà hơn một triệu cán bộ từ Trung ương đến cơ sở đang nỗ lực chung tay góp sức thực hiện. ""Bộ Chính trị dành sự quan tâm đặc biệt tới cuộc bầu cử lần này và đã có Kết luận quan trọng với 4 nội dung về: công tác nhân sự; bầu đủ số lượng đại biểu Quốc hội, trong đó có đại biểu Quốc hội hoạt động chuyên trách ở trung ương, bầu đủ số lượng đại biểu HĐND; công tác thông tin, tuyên truyền và chế độ thông tin, báo cáo"", bà Nguyễn Thị Thanh cho biết. Phó Chủ tịch Quốc hội nhấn mạnh chỉ đạo của Tổng Bí thư Tô Lâm tại Hội nghị toàn quốc triển khai công tác bầu cử ngày 15/11/2025: Đây là dịp để chúng ta khẳng định năng lực lãnh đạo của Đảng, hiệu lực quản lý của Nhà nước và hiệu quả hoạt động của hệ thống chính trị trong bối cảnh vừa hoàn thành sắp xếp tinh gọn tổ chức bộ máy. Vì vậy, cuộc bầu cử lần này được xác định là nhiệm vụ chính trị trọng tâm của năm 2026. Nhiệm vụ đặt ra cho toàn Đảng, toàn dân, toàn quân lúc này là phải tổ chức thật tốt công tác chuẩn bị, bảo đảm cuộc bầu cử thành công tốt đẹp, diễn ra dân chủ, đúng pháp luật, an toàn, tiết kiệm và thực sự là ngày hội lớn của Nhân dân cả nước. Phó Chủ tịch Quốc hội đề nghị các đại biểu tham dự tập trung nghiên cứu tài liệu, sôi nổi thảo luận, tích cực đóng góp nhiều ý kiến, góp phần vào thành công của Hội nghị. Chủ tịch Quốc hội cho biết, theo kế hoạch, ngày bầu cử ĐBQH khóa XVI dự kiến diễn ra vào ngày 15/3/2026; kết quả bầu cử dự kiến được công bố sớm nhất... Nguồn: [Link nguồn]Nguồn: [Link nguồn]"
bfbec246a2da7ae7c4aad1556ce7525a,Bộ Nông nghiệp và Môi trường yêu cầu công khai kết quả xử lý vụ nổ nhà máy phốt pho ở Lào Cai,2026-02-26T05:40:00+00:00,24h,https://www.24h.com.vn/tin-tuc-trong-ngay/bo-nong-nghiep-va-moi-truong-yeu-cau-cong-khai-ket-qua-xu-ly-vu-no-nha-may-phot-pho-o-lao-cai-c46a1740286.html,vi,tin-tuc-trong-ngay,nhà máy phốt pho|lào cai,,"Lưu bài viết thành công Bạn có thể xem lại bài viết đã lưu ở trangTin bài đã lưu Bộ Nông nghiệp và Môi trường vừa có văn bản gửi UBND tỉnh Lào Cai đề nghị khẩn trương xử lý, khắc phục sự cố vụ nổ xảy ra tại Công ty TNHH Phốt pho vàng Việt Nam (PP5), thuộc Khu công nghiệp Tằng Loỏng, đồng thời công khai kết quả xử lý cho người dân theo quy định. Theo văn bản, Bộ đề nghị tỉnh Lào Cai chỉ đạo các đơn vị liên quan nhanh chóng tổ chức ứng phó, xây dựng kế hoạch khắc phục hậu quả sự cố. Đồng thời, tăng cường kiểm tra, giám sát công tác bảo vệ môi trường tại khu vực xảy ra vụ việc, đảm bảo không ảnh hưởng đến sức khỏe và đời sống của người dân. Bộ Nông nghiệp và Môi trường yêu cầu công khai kết quả xử lý vụ nổ nhà máy phốt pho ở Lào Cai. Bộ cũng yêu cầu kiểm tra, xử lý nghiêm các hành vi vi phạm về môi trường đối với công ty nếu phát hiện sai phạm, và báo cáo kết quả về Bộ trước ngày 27/2. Việc công khai thông tin về kết quả xử lý cho người dân và cơ quan báo chí cũng được nhấn mạnh nhằm đảm bảo minh bạch. Đây không phải lần đầu tiên khu công nghiệp này xảy ra sự cố làm chết người, trước đó vào ngày 2/8/2024, tại mặt bằng nhà máy nghiền xỉ phốt pho và xỉ lò cao công suất 1 triệu tấn/năm thuộc Khu Công nghiệp Tằng Loỏng, huyện Bảo Thắng, tỉnh Lào Cai đã xảy ra tai nạn lao động nghiêm trọng. Trong quá trình thi công hạng mục Silo của nhà máy, vụ tai nạn đã khiến 1 người tử vong và 5 người bị thương. Ngay sau khi xảy ra sự cố, công ty đã nhanh chóng đưa các nạn nhân đi cấp cứu và báo cáo sự việc cho công an địa phương cũng như các cơ quan chức năng liên quan. Trước đó, vào khoảng 12h22 ngày 23/2/2026, tại lò sản xuất phốt pho thuộc Công ty TNHH Phốt pho vàng Việt Nam, khu vực cổng số 2 xảy ra sự cố nổ vỏ kép bồn tinh chế. Hai tiếng nổ lớn liên tiếp tạo ra cột lửa và khói trắng bốc cao hàng trăm mét. Vụ nổ khiến một phần mái tôn của xưởng kho thành phẩm bị sập, nhiều thiết bị hư hỏng nghiêm trọng. Sự cố khiến anh Vàng Văn L. (35 tuổi), Tổ trưởng ca trực, trú tại tỉnh Lào Cai, tử vong. Hiện Chi cục Môi trường, Khí tượng thủy văn và Biến đổi khí hậu đang tiến hành khảo sát, lấy mẫu quan trắc môi trường không khí và nước. Dự kiến, kết quả quan trắc sẽ có sau khoảng một tuần. UBND tỉnh Lào Cai đã giao lực lượng công an chủ trì phối hợp các đơn vị liên quan điều tra, xác minh nguyên nhân, làm rõ trách nhiệm của các tổ chức, cá nhân và xử lý nghiêm các vi phạm nếu có. Cơ quan chức năng cũng được yêu cầu tăng cường giám sát môi trường, không để xảy ra tình trạng ô nhiễm hóa chất, đồng thời đảm bảo an toàn và ổn định đời sống cho người dân khu vực lân cận. UBND tỉnh yêu cầu Công ty PP5 tập trung mọi nguồn lực để khắc phục hậu quả, đảm bảo an toàn sản xuất. Dự án khu liên hợp sản xuất phốt pho vàng của Công ty TNHH Phốt pho vàng Việt Nam tại Khu công nghiệp Tằng Loỏng có công suất 19.800 tấn/năm, đi vào hoạt động từ tháng 5-2013 và cách khu dân cư hơn 1km. Liên quan đến vụ nổ tại Khu liên hợp sản xuất phốt pho vàng của Công ty TNHH Phốt pho vàng Việt Nam trong khu công nghiệp Tằng Loỏng, xã Tằng Loỏng,... Nguồn: [Link nguồn]Nguồn: [Link nguồn]"
40d120e3a56624c31adaaf9aaf64430d,Khởi tố người điều ô tô khóa đuôi chặn xe ngày mùng 2 Tết ở Hà Tĩnh,2026-02-26T05:20:00+00:00,24h,https://www.24h.com.vn/tin-tuc-trong-ngay/khoi-to-nguoi-dieu-o-to-khoa-duoi-chan-xe-ngay-mung-2-tet-o-ha-tinh-c46a1740282.html,vi,tin-tuc-trong-ngay,khởi tố|gây rối|trật tự|Hà Tĩnh|ô tô,,"Lưu bài viết thành công Bạn có thể xem lại bài viết đã lưu ở trangTin bài đã lưu Ngày 26/2, Phòng Cảnh sát hình sự Công an tỉnh Hà Tĩnh ra quyết định khởi tố vụ án, khởi tố bị can đối với Nguyễn Viết Linh (SN 1985, trú tại tổ dân phố 1 Nguyễn Du, phường Thành Sen, tỉnh Hà Tĩnh) về tội “Gây rối trật tự công cộng”. Nguyễn Viết Linh là đối tượng liên quan vụ việc “khóa đầu, khóa đuôi” ô tô tại phường Trần Phú để chăn đường tiến lui của một xe ô tô khác, gây xôn xao dư luận vào ngày 18/2 ( tức mùng 2 Tết) vừa qua. Theo thông tin ban đầu, sáng mùng 2 Tết Nguyên đán, tại tuyến đường Quang Lĩnh, anh P.A.T trong lúc đi chúc Tết đã gặp ô tô màu trắng do Nguyễn Viết Linh điều khiển đỗ chắn gần hết lối đi. Khi được đề nghị di chuyển phương tiện, Linh không chấp hành mà còn điều thêm một xe khác đến chắn phía sau, gây cản trở giao thông nghiêm trọng. Đối tượng Nguyễn Viết Linh làm việc với cơ quan điều tra. Đến khoảng 14h cùng ngày, sau khi lực lượng Công an phường Trần Phú vào cuộc, các phương tiện chắn đường mới được di chuyển. Quá trình xác minh, cơ quan chức năng xác định Nguyễn Viết Linh có hành vi cản trở giao thông, gây mất trật tự công cộng, kèm theo lời nói mang tính thách thức, gây bức xúc trong dư luận. Chiếc xe liên quan đến vụ việc. Căn cứ tài liệu, chứng cứ thu thập được, Công an tỉnh Hà Tĩnh đã khởi tố vụ án, khởi tố bị can đối với Nguyễn Viết Linh; đồng thời có lệnh cấm Nguyễn Viết Linh đi khỏi nơi cư trú và quyết định tạm hoãn xuất cảnh đối với bị can này. Hiện Phòng Cảnh sát hình sự Công an tỉnh Hà Tĩnh đang tiếp tục điều tra, củng cố hồ sơ để làm rõ toàn bộ nội dung vụ việc theo quy định pháp luật. Ngày 25/2, lãnh đạo trực ban Công an phường Trần Phú (tỉnh Hà Tĩnh) thông tin, liên quan đến vụ việc người đàn ông bị nhắc nhở vì đỗ xe chắn lối đi... Nguồn: [Link nguồn]Nguồn: [Link nguồn]"
6c3698c5a50e7c1082aba05eb79b27f3,"Đầu tàu SE3 hư hỏng nặng, nhiều chuyến tàu phải lùi giờ sau vụ va chạm với xe tải",2026-02-26T04:47:00+00:00,24h,https://www.24h.com.vn/tin-tuc-trong-ngay/dau-tau-se3-hu-hong-nang-nhieu-chuyen-tau-phai-lui-gio-sau-vu-va-cham-voi-xe-tai-c46a1740279.html,vi,tin-tuc-trong-ngay,Tàu SE3|tàu SE3|tai nạn tàu hỏa Hà Nội|tàu hỏa va chạm ôtô tải|đường sắt Việt Nam|Tổng công ty Đường sắt Việt Nam|tai nạn đường ngang|tàu Bắc Nam lùi giờ chạy|sự cố đường sắt Hà Nội|Quốc lộ 1A Ngọc Hồi|khu gian Thường Tín Văn Điển|giao thông Hà Nội|tin nóng tai nạn giao thông,,"Lưu bài viết thành công Bạn có thể xem lại bài viết đã lưu ở trangTin bài đã lưu Tối 25/2, một vụ tai nạn giao thông đường sắt xảy ra trên địa bàn thành phố Hà Nội khiến đầu tàu SE3 hư hỏng nặng, nhiều chuyến tàu khách và tàu hàng phải tạm dừng, lùi giờ xuất phát. Va chạm với ôtô tải, đầu tàu SE3 hư hỏng nặng, lùi giờ chạy hàng loạt chuyến tàu. Theo đại diện Tổng Công ty Đường sắt Việt Nam (VNR), vụ việc xảy ra vào lúc 19h51 tại Km13+714, khu gian Thường Tín – Văn Điển, đoạn qua xã Ngọc Hồi (Hà Nội). Thời điểm trên, tàu SE3 do đầu máy D19E-942 kéo, khi lưu thông đến vị trí đường ngang có chắn tự động đã va chạm với một xe ô tô tải đang băng qua đường sắt. Ghi nhận tại hiện trường cho thấy phần đầu máy tàu SE3 bị hư hỏng nặng, dải hộ lan tại khu vực đường ngang bị đổ. Xe tải bị bẹp rúm phần đầu, thùng xe biến dạng và chắn ngang đường ray. Hiện trường vụ tai nạn giao thông tàu hỏa va phải xe tải tại đường ngang có chắn tự động. Theo Công an thành phố Hà Nội, hậu quả, người lái xe ô tô tải tử vong tại chỗ, 1 người bộ hành bị đa chấn thương và đang được cấp cứu tại Bệnh viện Đa khoa Nông nghiệp. Ô tô bị tàu đẩy ngang xe đi khoảng 70m và hư hỏng nặng. Đầu tàu SE3 hư hỏng nặng, lái tàu và hành khách trên tàu đều an toàn. Do phương tiện đường bộ mắc kẹt trên đường sắt, VNR đã phát lệnh điều độ, huy động các đơn vị chức năng khẩn trương tổ chức cứu hộ, giải tỏa hiện trường, khắc phục sự cố và bảo đảm an toàn chạy tàu. Đến thời điểm hiện tại, đoạn tuyến vẫn chưa thể thông đường. Sự cố khiến nhiều chuyến tàu khách và tàu hàng chạy tuyến Bắc – Nam và chiều ngược lại phải dừng chờ tại các ga lân cận, đồng thời điều chỉnh, lùi giờ chạy. Ngay sau khi vụ việc xảy ra, Giám đốc Công an thành phố Hà Nội đã chỉ đạo Phòng Cảnh sát giao thông, Phòng Cảnh sát phòng cháy, chữa cháy và cứu nạn, cứu hộ khẩn trương phối hợp triển khai phân luồng, điều tiết giao thông, phục vụ công tác cứu nạn, cứu hộ; các đơn vị chức năng tổ chức bảo vệ hiện trường, khắc phục hậu quả, đồng thời tập trung điều tra, làm rõ nguyên nhân vụ tai nạn để xử lý theo đúng quy định của pháp luật. Nguyên nhân vụ tai nạn đang được cơ quan chức năng tiếp tục điều tra, làm rõ. Công an TP Hà Nội cho biết vụ va chạm giữa tàu hỏa và ô tô tải tại Km15+700 tuyến đường sắt Bắc - Nam, đoạn qua xã Ngọc Hồi, khiến một người tử vong,... Nguồn: [Link nguồn]Nguồn: [Link nguồn]"
89d10cbbba8b1988b5785f411698d597,Thủ tướng: Phát triển nhà ở cho người có thu nhập trung bình từ 20 triệu đồng/tháng,2026-02-26T04:39:00+00:00,24h,https://www.24h.com.vn/tin-tuc-trong-ngay/thu-tuong-phat-trien-nha-o-cho-nguoi-co-thu-nhap-trung-binh-tu-20-trieu-dong-thang-c46a1740278.html,vi,tin-tuc-trong-ngay,nhà ở|thu nhập trung bình|bất động sản|chính sách nhà ở|phát triển đô thị|quỹ đất|giao thông đô thị,,"Lưu bài viết thành công Bạn có thể xem lại bài viết đã lưu ở trangTin bài đã lưu Sáng 26/2, Thủ tướng Phạm Minh Chính, Trưởng Ban Chỉ đạo Trung ương về chính sách nhà ở và thị trường bất động sản, chủ trì Phiên họp thứ 6 của Ban Chỉ đạo. Phiên họp nhằm rà soát, đánh giá thực hiện các nhiệm vụ đề ra tại Phiên họp thứ 5, đặc biệt là thảo luận về chính sách cho phân khúc nhà ở đối với người có thu nhập trung bình. Hội nghị được tổ chức trực tiếp tại trụ sở Chính phủ, trực tuyến với đầu cầu 34 tỉnh, thành phố. Thủ tướng Chính phủ Phạm Minh Chính phát biểu. Ảnh: VGP Phát biểu khai mạc, Thủ tướng Phạm Minh Chính nhấn mạnh, quyền có chỗ ở là quyền cơ bản của công dân; mỗi người dân đều có quyền tiếp cận bình đẳng, công khai, minh bạch về nhà ở phù hợp với thu nhập và điều kiện phát triển kinh tế - xã hội của đất nước, đảm bảo hài hoà lợi ích của Nhà nước, người dân, doanh nghiệp. Việc phát triển nhà ở cần đa dạng phân khúc, bao gồm nhà ở thương mại, nhà ở xã hội, song dù phân khúc nào thì hạ tầng đều phải đầy đủ, đồng bộ, bình đẳng, toàn diện, bao trùm. Thủ tướng cho biết, năm 2025, Chính phủ đã chỉ đạo rất quyết liệt, đưa ra những chính sách, tháo gỡ khó khăn, vướng mắc để phát triển nhà ở, nhất là nhà ở xã hội. Theo đó, đã hoàn thành hơn 100 nghìn căn nhà xã hội, hướng tới hoàn thành 1 triệu căn nhà ở xã hội vào năm 2028, sớm hơn dự kiến 2 năm. Tuy vậy, thực tiễn đặt ra yêu cầu mới, đặc biệt là nhu cầu về nhà ở đối với các đối tượng thu nhập trung bình từ 20 triệu đồng/tháng. Do đó, Thủ tướng yêu cầu tại phiên họp lần này, Ban Chỉ đạo Trung ương và các địa phương, các đại biểu cần tập trung thảo luận, thống nhất tư duy, bàn giải pháp về phát triển phân khúc nhà ở cho người có thu nhập trung bình, tăng nguồn cung về nhà ở cho nhiều đối tượng khác nhau, đảm bảo quyền bình đẳng trong tiếp cận nhà ở của mỗi người dân. Trong đó, cần bàn về các chính sách nhằm tăng cường quỹ đất dành cho các dự án nhà ở thương mại có giá phù hợp với người dân có thu nhập trung bình; đẩy nhanh quy hoạch sử dụng đất, quy hoạch chung xây dựng, trong đó nghiên cứu ưu tiên bố trí quỹ đất làm nhà ở thương mại có giá phù hợp; Đồng thời, cần tăng cường phát triển đô thị theo định hướng giao thông đô thị TOD nhằm tối ưu hoá việc sử dụng đất, giảm ùn tắc giao thông, nâng cao chất lượng sử dụng đất. Cùng với đó, dành nguồn tín dụng ưu đãi cho các dự án nhà ở thương mại có giá trị phù hợp mà người dân có nhu cầu mua nhà. Người đứng đầu Chính phủ lưu ý, mục đích cuối cùng là tăng nguồn cung bất động sản, phù hợp với nhiều đối tượng, góp phần giảm giá thành bất động sản để các đối tượng có nhu cầu nhà ở được tiếp cận bình đẳng, công khai, minh bạch, tránh phiền hà, tiêu cực. Thủ tướng Phạm Minh Chính cho rằng không có tỉnh nào không có nhu cầu nhà ở xã hội, nhà ở xã hội cũng không phải nằm ở nơi ""khỉ ho cò gáy"". Nguồn: [Link nguồn]Nguồn: [Link nguồn]"
7a65582aeb36f46697581f48bc3c2383,Video bóng đá ĐT nữ Việt Nam - Myanmar: Ngược dòng ngoạn mục (Futsal Đông Nam Á),2026-02-26T08:34:00+00:00,24h,https://www.24h.com.vn/bong-da/video-bong-da-dt-nu-viet-nam-myanmar-ruot-duoi-hap-dan-futsal-dong-nam-a-c48a1740321.html,vi,bong-da,Việt Nam Myanmar,,"Lưu bài viết thành công Bạn có thể xem lại bài viết đã lưu ở trangTin bài đã lưu ĐT futsal nữ Việt Nam ép sân đối phương ngay đầu trận. Hàng tá cơ hội được toàn đội tạo ra nhưng không tận dụng được. Để rồi Myanmar chớp lấy cơ hội ghi bàn mở điểm. Phương Anh chuyền bóng hỏng, trong khi thủ môn Thùy Linh đã dâng cao. Thant Zin đã tận dụng thời cơ để dứt điểm vào lưới trống. Đoàn quân HLV Nguyễn Đình Hoàng gia tăng sức ép để tìm bàn gỡ hòa. Nguyệt Vi là người tỏa sáng để cân bằng tỷ số 1-1 cho ĐT futsal nữ Việt Nam. Nhưng không lâu sau đó, Myanmar đã có bàn thắng thứ 2. Hnin Htwe dứt điểm từ xa nhưng hậu vệ của ĐT nữ futsal Việt Nam chặn lại được. Nhưng Lwin Thet vẫn kịp thời đá bồi để ghi bàn. Trong thời gian còn lại của hiệp một, Myanmar còn có một số cơ hội đáng chú ý khác. Nhưng họ không thể tận dụng được. Sang hiệp hai, ĐT futsal nữ Việt Nam chơi ""lột xác"". Cả đội không còn cho Myanmar có nhiều thời cơ dứt điểm. Ngoài ra, Thùy Trang và các đồng đội còn liên tục ghi bàn ở đầu hiệp đấu này. ĐT futsal nữ Việt Nam chơi rất tốt ở hiệp hai Nguyệt Vi tỏa sáng để gỡ hòa 2-2 cho ĐT futsal nữ Việt Nam. Trong khi đó, Biện Thị Hằng ghi dấu ấn lớn hơn cả khi có cú hat-trick bàn thắng. Myanmar không ghi bàn trong hiệp 2, qua đó chấp nhận thua ĐT futsal nữ Việt Nam với tỷ số 2-5. Trong khi đó, việc giành chiến thắng đậm ở trận này giúp đoàn quân HLV Nguyễn Đình Hoàng gần như chắc suất đi tiếp. Tỷ số chung cuộc: Việt Nam 5-2 Myanmar (H1: 1-2) Ghi bàn: Việt Nam: Nguyệt Vi 3'44'', 19'48'' (H2), Biện Thị Hằng 18'28'' (H2), 14'11'' (H2), 0'22'' (H2) Myanmar: Thant Zin 12'50'', Lwin Thet 3'22'' Đội hình xuất phát: Việt Nam: Ngô Thị Thùy Linh, Trần Thị Thu Xuân, Trần Nguyệt Vi, Trần Thị Thùy Trang, Biện Thị Hằng Myanmar: Theint Sandar Soe, Su War Lwin, Zin Nyein Chit, Thant Zin, Lwin Thet (Bảng B futsal nữ Đông Nam Á) Biện Thị Hằng có hat-trick bàn thắng để giúp ĐT futsal Việt Nam ấn định chiến thắng đậm. Nguồn: [Link nguồn]Nguồn: [Link nguồn]"
1b5232ac6c7b191851f4f0159c0155a6,"Đua tiền thưởng Cúp C1: Real Madrid leo lên top 6, đại gia nào dẫn đầu?",2026-02-26T06:48:00+00:00,24h,https://www.24h.com.vn/bong-da/dua-tien-thuong-cup-c1-real-madrid-leo-len-top-6-dai-gia-nao-dan-dau-c48a1740223.html,vi,bong-da,bóng đá 24h,,"Lưu bài viết thành công Bạn có thể xem lại bài viết đã lưu ở trangTin bài đã lưu Champions League đã xác định được 16 đội lọt vào vòng 1/8 và đây đều sẽ là những CLB “ấm” nhất về mặt tiền thưởng của giải đấu. Từ khi thể thứcCúp C1thay đổi vào mùa giải trước, số tiền thu về cho mỗi mùa dự giải của các đội cũng tăng vọt khiến việc đoạt vé ở giải VĐQG trở nên cực kỳ quan trọng, thậm chí sống còn với nền tài chính của nhiều CLB. Real Madrid lọt vào top 6 đội kiếm tiền thưởng nhiều nhất Cúp C1 mùa này sau khi vượt qua vòng playoff Tới 8/10 đội chi tiêu nhiều nhất trên thị trường chuyển nhượng của năm 2025 là các CLB Premier League và trong đó có 6 đội đều đã đoạt vé dự Cúp C1 mùa này. Quỹ tiền thưởng của UEFA choChampions Leaguelên tới 2,1 tỷ bảng và những đội về cuối ở vòng bảng cũng sẽ ít nhất đút túi khoảng 20 triệu bảng. Mỗi đội đều được trả mức phí khởi điểm 16,2 triệu bảng, kế đến là tiền thưởng cho từng trận (1,8 triệu bảng/thắng, 608.000 bảng/hòa), và sau đó là tiền thưởng cho vị trí ở vòng bảng (khởi điểm là 238.000 bảng cho vị trí cuối bảng, sau đó cộng lên theo từng bậc – đội dẫn đầu được trả 8,57 triệu bảng). Ngoài ra các đội lọt vào top 8 cũng sẽ được trả thêm một khoản thưởng phụ, sau đó là các đội xếp từ thứ 9 đến thứ 16 cũng được trả một khoản khác nhưng thấp hơn. Và với thành tích vào được vòng 1/8, mỗi đội sẽ được trả tận 9,55 triệu bảng. Bên cạnh những con số trên, UEFA còn chi trả thêm tiền cho các đội có số trận được phát sóng rộng rãi nhiều hơn, lẫn những đội có thứ hạng thành tích cao trên bảng xếp hạng của UEFA. Con số này chủ yếu chảy vào các đội bóng có danh tiếng. Dưới đây là thống kê tiền thưởng cho các đội đã lọt vào vòng 1/8. 1) Bayern Munich: 85,76 triệu bảng 2) Manchester City: 83,41 triệu bảng 3) Liverpool: 83,28 triệu bảng 4) Arsenal: 82,59 triệu bảng 5) Paris Saint-Germain: 80,38 triệu bảng 6) Real Madrid: 79,1 triệu bảng 7) Chelsea: 78,91 triệu bảng 8) Barcelona: 76,23 triệu bảng 9) Tottenham: 71,86 triệu bảng 10) Bayer Leverkusen: 69,29 triệu bảng 11) Atletico Madrid: 69,24 triệu bảng 12) Atalanta: 61,37 triệu bảng 13) Newcastle: 55,99 triệu bảng 14) Sporting: 55 triệu bảng 15) Bodo/Glimt: 45,77 triệu bảng 16) Galatasaray: 42,83 triệu bảng Việc Atalanta tạo nên màn ngược dòng xuất sắc trước Dortmund đã khiến họ kiếm được một khoản thưởng cực kỳ “màu mỡ”, trên thực tế họ là đội Serie A kiếm được nhiều tiền nhất từ chiến dịch Cúp C1 mùa này. Đối với một đội hiện đang cố sức bám đuổi nhóm top 4 ở Serie A, lọt vào vòng 1/8 và đút túi tận hơn 60 triệu bảng sẽ khiến đội bóng thành Bergamo thêm động lực chiến đấu để mùa sau lại đi Champions League. Atalanta cầm chắc hơn 60 triệu bảng tiền thưởng sau chiến công ngược dòng trước Dortmund Tottenham đang ngụp lặn ở gần khu vực xuống hạng tại Premier League và cánh cửa dự Cúp C1 mùa sau qua suất top 5 đã không còn về mặt thực tế. Họ sẽ chỉ có cách vô địch Champions League để lại được đá mùa tới, nhưng dù thế nào thì Spurs cũng đã kiếm về một khoản kếch xù để lo chuẩn bị lực lượng cho mùa sau, chỉ là chưa biết họ có đá ở Premier League hay không. ""Kho báu"" còn ở phía trước Vậy với phần còn lại của mùa giải, các CLB có thể kiếm thêm được bao nhiêu tiền? Dưới đây là thống kê mức thưởng cho thành tích của các vòng knock-out sắp tới. Vào tứ kết: 10,85 triệu bảng Vào bán kết: 13,02 triệu bảng Á quân: 16,06 triệu bảng Vô địch: 21,7 triệu bảng Cần nói thêm rằng đội vô địch sẽ được đá trận Siêu cúp châu Âu mùa sau và trận đấu này sẽ đi kèm khoản thưởng 3,47 triệu bảng cho mỗi đội tham dự. Vô địch Siêu cúp châu Âu sẽ được trả 868.000 bảng. Champions League quả thực là giải đấu nhiều “chất béo” nhất châu Âu và chỉ riêng việc vào được vòng 1/8 đã mang lại lợi nhuận kếch xù cho tất cả các đội góp mặt. Nhưng những rương kho báu lớn hơn vẫn còn chờ các con thuyền đi tìm kiếm, và 16 CLB còn trụ lại sẽ quyết chiến cho những khoản thưởng to lớn kia. Arsenal - Chelsea 01.03 Dự đoán tỷ số trận đấu.Cơ hội trúng ngay 500.000 đồng!!! HLV Arbeloa tiết lộ về tình hình của Asencio sau khi nhập viện trong khi mập mờ thông tin về Mbappe. Nguồn: [Link nguồn]Nguồn: [Link nguồn]"
99c7e694b7855d62ca3cb9ab3bd78665,"MU nợ 1,29 tỷ bảng vẫn không lo, công bố lãi lớn nhờ tỷ phú Ratcliffe",2026-02-26T06:48:00+00:00,24h,https://www.24h.com.vn/bong-da/mu-no-129-ty-bang-van-khong-lo-cong-bo-lai-lon-nho-ty-phu-ratcliffe-c48a1740259.html,vi,bong-da,MU,,"Lưu bài viết thành công Bạn có thể xem lại bài viết đã lưu ở trangTin bài đã lưu MU gần đây đã công bố báo cáo tài chính quý II của mùa giải 2025/26. Theo đó, tổng nợ của CLB chạm mức kỷ lục 1,29 tỷ bảng. Trong khi đó, hạn mức tín dụng của ""Quỷ đỏ"" ở mức 295,7 triệu bảng, tăng thêm 27 triệu bảng so với cùng kỳ năm ngoái. Đội chủ sân Old Trafford bắt đầu nợ khoản tiền lớn từ khi được tiếp quản bởi nhà Glazer vào năm 2005. Trong khi đó, trước thời điểm nhà Glazer nhảy vào MU, đội bóng chỉ nợ 12 triệu bảng. MU đang lên kế hoạch xây sân mới mới sức chứa 100.000 chỗ ngồi vào mùa 2030/31, với chi phí ước tính khoảng 2 tỷ bảng. CLB chưa công bố phương án tài trợ cho dự án sân vận động này. Tỷ phú Jim Ratcliffe đã làm mọi cách để giúp MU giảm chi phí từ khi nắm phần nhỏ cổ đông tại sân Old Trafford. Nhờ vậy, CLB đã thu lãi lớn trong các hoạt động bóng đá. Cụ thể, MU đạt lãi 32,6 triệu bảng trong 6 tháng đầu của mùa giải 2025/26. Trong khi đó ở cùng giai đoạn ở mùa giải trước, nửa đỏ thành Manchester lỗ 3,9 triệu bảng. Tỷ phú Ratcliffe làm mọi cách để tối ưu chi phí cho MU Lợi nhuận các hoạt động bóng đá ở quý II của MU đạt 19,6 triệu bảng, tăng mạnh so với 3,1 triệu bảng ở cùng kỳ mùa giải năm ngoái. Tuy nhiên, tổng doanh thu quý này lại giảm từ 198,7 xuống còn 190,3 triệu bảng. Lý do bởi MU thi đấu ít trận đấu hơn và không tham dự cúp châu Âu. Các đợt cắt giảm chi phí quyết liệt của tỷ phú Ratcliffe đã giúp tình hình tài chính của MU cải thiện. Họ sa thải nhiều nhân sự, giảm các phúc lợi, ngoài ra còn đẩy nhiều cầu thủ nhận lương cao ra khỏi sân Old Trafford dưới dạng cho mượn như Rashford. Tiền đạo người Anh đến Barcelona và đội chủ sân Camp Nou gánh toàn bộ mức lương 325.000 bảng/tuần của anh. Người hâm mộ MU hiện tiếp tục biểu tình phản đối nhà Glazer và tỷ phú Ratcliffe cũng trở thành mục tiêu chỉ trích. Năm ngoái, tỷ phú Ratcliffe từng tuyên bố rút lui khỏi MU nếu bị lăng mạ tương tự như nhà Glazer. Arsenal - Chelsea 01.03 Dự đoán tỷ số trận đấu.Cơ hội trúng ngay 500.000 đồng!!! Nếu MU giành tấm vé trở lại Champions League, những hiệu ứng lan tỏa về tài chính và vị thế sẽ là vô cùng to lớn. Nguồn: [Link nguồn]Nguồn: [Link nguồn]"
0ec422f117590f62a4fdb2ffc83e913c,"Nam Định chia tay HLV Bồ Đào Nha, ghế nóng thầy Xuân Son lại “dậy sóng”",2026-02-26T03:22:00+00:00,24h,https://www.24h.com.vn/bong-da/nam-dinh-chia-tay-hlv-bo-dao-nha-ghe-nong-thay-xuan-son-lai-day-song-c48a1740249.html,vi,bong-da,Nam Định,,"Lưu bài viết thành công Bạn có thể xem lại bài viết đã lưu ở trangTin bài đã lưu Sáng ngày 26/2, Thép Xanh Nam Định phát đi thông báo chính thức chia tay HLV người Bồ Đào Nha Mauro Jeronimo sau chưa đầy 4 tháng nắm quyền. Nhà đương kim vô địchV-Leaguetiếp tục rơi vào vòng xoáy bất ổn, trong khi danh tính thuyền trưởng mới của “thầy Xuân Son” vẫn là dấu hỏi lớn. Chưa đầy 4 tháng, HLV Mauro Jeronimo nói lời chia tay Trong thông báo đăng tải sáng 26/2,CLB Nam Địnhgửi lời cảm ơn tới HLV Mauro Jeronimo vì những nỗ lực và tâm huyết dành cho đội bóng. Theo tìm hiểu, chiến lược gia người Bồ Đào Nha đã xin từ chức và được lãnh đạo đội bóng thành Nam chấp thuận. HLV Mauro bắt đầu dẫn dắt Nam Định từ giữa tháng 11/2025, trong bối cảnh đội bóng liên tục xáo trộn vị trí “ghế nóng”. Tuy nhiên, thành tích không những không được cải thiện mà còn sa sút nghiêm trọng. HLV Mauro Jeronimo không có thành công trong màu áo Nam Định Ở trận đấu gần nhất thuộc lượt bù vòng 10 V-League, Nam Định thất bại 0-1 trước Thể Công Viettel. Trận thua này khiến nhà đương kim vô địch chìm sâu xuống nhóm cuối bảng, đứng thứ 10 với 12 điểm sau 13 vòng đấu, bằng điểm với Becamex TP.HCM và Đông Á Thanh Hóa. Đáng lo hơn, Nam Định đã kém đội đầu bảng Công an Hà Nội tới 20 điểm – khoảng cách gần như không tưởng nếu muốn bảo vệ ngôi vương. 7 tháng chưa biết mùi chiến thắng Thực tế, khủng hoảng của Nam Định không chỉ nằm ở một vài trận thua. Đội bóng thành Nam đang trải qua quãng thời gian kéo dài tới 7 tháng chưa thể giành chiến thắng tại V-League mùa này. Việc liên tục thay đổi HLV nhưng không mang lại hiệu ứng tích cực cho thấy vấn đề của đội bóng không đơn thuần nằm ở chiến thuật. Tâm lý, phong độ lẫn sự ổn định trong nội bộ đều đang là dấu hỏi lớn với nhà vô địch. Trong bối cảnh đó, quyết định chia tay HLV Mauro Jeronimo được xem là bước đi buộc phải làm để “cắt lỗ” trước khi mùa giải trượt dài ngoài tầm kiểm soát. Ai sẽ ngồi ghế nóng, làm thầy của Xuân Son? Sau khi chấp thuận đơn từ chức của HLV Mauro, lãnh đạo Nam Định đang ráo riết tìm kiếm thuyền trưởng mới cho giai đoạn then chốt sắp tới. Đội bóng không chỉ phải xoay chuyển tình thế ở V-League mà còn chuẩn bị cho đấu trường Cúp các CLB Đông Nam Á. Trước mắt, ở vòng 14 diễn ra ngày 1/3, Nam Định sẽ có trận “đại chiến” với Ninh Bình. Người tạm quyền dẫn dắt đội bóng là HLV Vũ Hồng Việt, người đang giữ vị trí Tổng giám đốcCLB Thép Xanh Nam Định. HLV Vũ Hồng Việt tạm thời trở lại để cứu lấy CLB Nam Định Tuy nhiên, câu hỏi lớn hơn nằm ở phương án dài hạn: Ai sẽ trở thành “thầy mới” của Xuân Son và dàn sao Nam Định? Liệu CLB tiếp tục đặt niềm tin vào một chiến lược gia ngoại, hay trao cơ hội cho HLV nội để ổn định phòng thay đồ? Trong bối cảnh thành tích lao dốc, áp lực từ người hâm mộ ngày càng lớn, chiếc ghế nóng tại sân Thiên Trường rõ ràng đang là một trong những vị trí “khó ngồi” nhất V-League thời điểm này. Nhà đương kim vô địch đang đứng trước bước ngoặt quan trọng của mùa giải. Và quyết định nhân sự sắp tới có thể sẽ định đoạt số phận của Nam Định trong phần còn lại của mùa bóng. (Lượt trận thứ 4 bảng B) Trên sân nhà, Xuân Son và dàn sao Nam Định hoàn toàn lấn lướt đội bóng đến từ Singapore. Nguồn: [Link nguồn]Nguồn: [Link nguồn]"
342a6dcbae60a1369418474c7c69435d,"Ronaldo ghi bàn cán mốc vĩ đại nhất Al Nassr, buồn thiu vì bị thay ra sớm",2026-02-26T03:05:00+00:00,24h,https://www.24h.com.vn/bong-da/ronaldo-ghi-ban-can-moc-vi-dai-nhat-al-nassr-buon-thiu-vi-bi-thay-ra-som-c48a1740239.html,vi,bong-da,Ronaldo Al Nassr,,"Lưu bài viết thành công Bạn có thể xem lại bài viết đã lưu ở trangTin bài đã lưu Highlight Al Najma - Al Nassr Ở hiệp một,Ronaldođã sút thành công quả phạt đền, nâng tổng số bàn thắng trong sự nghiệp lên 965 ở trận gặp Al Najma. Anh còn bỏ lỡ một số cơ hội khác trong hành trình tiến gần hơn tới mục tiêu 1000 bàn. Ronaldo còn đạt mốc 121 bàn cho Al Nassr chỉ sau 136 trận thi đấu. Nhờ vậy, anh vượt qua Al Sahlawi để trở thành người ghi bàn nhiều nhất lịch sử Al Nassr dù chỉ thi đấu cho đội bóng này trong hơn 2 năm. Ronaldo tri ân CĐV sau trận Siêu sao người Bồ Đào Nha đang thể hiện phong độ cực kỳ ấn tượng kể từ khi trở lại sau nhiều ngày bỏ thi đấu để phản đối hoạt động chuyển nhượng của CLB.CR7có tới 4 bàn thắng chỉ trong 3 trận. Tuy nhiên, Ronaldo không được chơi hết trận khi HLV Jorge Jesus quyết định thay anh ra sớm vào phút 57. Tờ AS (Tây Ban Nha) cho biết cầu thủ 41 tuổi này không hài lòng khi bị rút khỏi sân. Hình ảnh trên băng ghế dự bị cho thấy khuôn mặt siêu sao người Bồ Đào Nha tỏ ra khá ảm đạm. Dù vậy, điều đó không ngăn được cộng đồng mạng suy đoán rằng Ronaldo cố tình muốn rời sân để theo dõi Real Madrid thi đấu với Benfica ở lượt về vòng play-off Cúp C1. Ở trận này, Real Madrid ngược dòng thắng 2-1. Nỗi buồn man mác của Ronaldo khi bị thay ra sớm Tất nhiên không có bằng chứng nào cho thấy Ronaldo chủ động đề nghị rời sân hay sử dụng điện thoại khi ngồi trên hàng ghế dự bị. Kể từ khi gia nhập Al Nassr vào năm 2023, Ronaldo vẫn chưa giành được danh hiệu lớn nào. Nhưng anh vẫn cam kết cống hiến cho đội bóng bất chấp cuộc tranh cãi đình công trước đó. Nhưng hiện cơ hội vô địch Saudi League của Al Nassr đang trở nên rõ rệt hơn bao giờ hết. Họ đang có trong tay 58 điểm và dẫn đầu bảng xếp hạng, hơn đội xếp thứ 2 Al Ahli khoảng cách 2 điểm. Arsenal - Chelsea 01.03 Dự đoán tỷ số trận đấu.Cơ hội trúng ngay 500.000 đồng!!! Sau khi Ronaldo làm mình làm mẩy, giận dữ không ra sân cho CLB Al Nassr tại giải Saudi Pro League, rất có thể giải Saudi Pro League sẽ cố gắng làm dịu... Nguồn: [Link nguồn]Nguồn: [Link nguồn]"
192c7e4ff7ad02b211c149ad576a15e6,"Atalanta thắng nghẹt thở trước Dortmund, lọt top 8 màn ngược dòng lượt về hay nhất Cúp C1",2026-02-26T03:05:00+00:00,24h,https://www.24h.com.vn/bong-da/atalanta-thang-nghet-tho-truoc-dortmund-lot-top-8-man-nguoc-dong-luot-ve-hay-nhat-cup-c1-c48a1740243.html,vi,bong-da,bóng đá 24h,,"Lưu bài viết thành công Bạn có thể xem lại bài viết đã lưu ở trangTin bài đã lưu Trong đêm 25/2, chúng ta đã chứng kiến 1 màn ngược dòng thần kỳ của một CLB Italia và một màn ngược dòng khác kết thúc không có hậu cũng có sự góp mặt của một CLB Serie A. Atalanta đã vượt qua Dortmund một cách đầy kịch tính để vào vòng 1/8 Cúp C1 Atalanta đã thua Dortmund 0-2 ở lượt đi nhưng vùng lên dẫn 3-0 ở trận lượt về, bị ghi bàn ở phút 75 khiến tổng tỷ số là 3-3 trước khi được hưởng penalty ở phút 90+8 để thắng với tổng tỷ số 4-3. Juventus còn có phần kiên cường hơn, họ thua đậm 2-5 trước Galatasaray ở lượt đi nhưng đã san bằng tổng tỷ số ở lượt về, tuy nhiên thua 2 bàn trong hiệp phụ trong thế thiếu người và bị loại với tổng tỷ số 5-7. Tiếc cho Juventus, nhưng màn ngược dòng của Atalanta đã đưa họ lọt vào top những màn ngược dòng lượt về hay nhất trong lịch sử các cặp đấu knock-out Champions League. Monaco –Real Madrid2003/04 “Los Galacticos 1.0” đã thắng Monaco của Didier Deschamps 4-2 ở tứ kết lượt đi trên sân nhà Bernabeu, và ở lượt về Raul đã nâng tổng tỷ số lên 5-2 ở gần cuối hiệp 1. Nhưng Ludovic Giuly níu lại chút hy vọng trước khi hai đội vào giải lao, và ngay đầu hiệp 2, Fernando Morientes (mượn từ Real Madrid) đã đánh đầu đưa Monaco chỉ còn cách 1 bàn. Monaco tiễn ""Los Galacticos 1.0"" khỏi Cúp C1 mùa 2003/04 Real Madrid lúc này hoảng vì họ nhận ra rằng Monaco chỉ cần thêm 1 bàn nữa để đi tiếp theo luật bàn thắng sân khách. Và bàn thắng đó đã đến với pha giật gót của Giuly, xuyên qua khe chân Roberto Carlos để đánh bại Iker Casillas. Monaco sau đó tiến thẳng tới chung kết và chỉ chịu thua Porto của Jose Mourinho. Chelsea – Napoli 2011/12 Napoli đã thắng 3-1 ở lượt đi vòng 1/8 trên sân nhà và kết quả này khiếnChelseasa thải Anđre Villas-Boas. Trận lượt về là trận thứ 2 của HLV tạm quyền Roberto Di Matteo, và dù Didier Drogba cùng John Terry giúp HLV người Italia san bằng tổng tỷ số, Napoli lại vượt lên sau bàn thắng của Gokhan Inler. Tuy nhiên, Frank Lampard giúp Chelsea san bằng 4-4 từ một quả penalty và buộc trận đấu phải vào hiệp phụ, thời điểm mà bàn thắng của Branislav Ivanovic mang lại thắng lợi nghẹt thở cho “The Blues”. Hành trình tới chức vô địch lịch sử cho Chelsea đã bắt đầu. PSG – MU 2018/19 PSG không chỉ thắng 2-0 ngay tại lượt đi vòng 1/8, MU còn vắng tận 11 cầu thủ cho lượt về, bao gồm Paul Pogba sau thẻ đỏ ở Old Trafford. Nhưng Romelu Lukaku đã thắp lên hy vọng cho MU chỉ sau 2 phút, vòng qua Gianluigi Buffon để ghi bàn rút ngắn. MU tạo nên một bất ngờ không tưởng tại Parc des Princes Juan Bernat tái lập cách biệt 2 bàn cho PSG, nhưng một pha bắt không dính của Buffon giúp Lukaku một lần nữa ghi bàn. Và rồi ở phút bù giờ hiệp 2, pha chạm tay của Presnel Kimpembe đã bị VAR phát hiện dẫn tới quả penalty do Marcus Rashford thực hiện, MU thắng 3-1 và đi tiếp theo luật bàn thắng sân khách. Roma –Barcelona2017/18 Tận 2 pha đá phản của Daniele De Rossi và Kostas Manolas đã góp phần giúp Barcelona thắng 4-1 ở tứ kết lượt đi, nhưng một bàn của Edin Dzeko ở phút 80 đã thắp lên hy vọng cho Roma khi về sân nhà. Và chính Dzeko ghi bàn mở điểm trận lượt về chỉ sau 6 phút. Roma bỏ lỡ một loạt cơ hội sau đó, nhưng phía Barca bắt đầu run rẩy và De Rossi đã rút ngắn còn 3-4 sau một quả penalty phút 58. Nhưng kịch tính lên tới đỉnh điểm ở phút 82 khi Manolas, cũng đá phản như De Rossi ở lượt đi, đã tung cú đánh đầu đưa Roma đi tiếp theo luật bàn thắng sân khách. Liverpool – Barcelona 2018/19 Một màn sụp đổ còn tồi tệ hơn mùa trước đó, lần này Barcelona đã thắng 3-0 tại Nou Camp với một cú đúp của Messi, trong đó có một pha sút phạt thần sầu quỷ khốc. Tuy nhiên pha bỏ lỡ của Ousmane Dembele ở phút bù giờ như một điềm báo trước khi Liverpool trở về thánh địa Anfield. Một trận đấu đi vào lịch sử của Liverpool Những gì diễn ra ở lượt về là một bản anh hùng ca của lịch sử Liverpool: Divock Origi đệm cận thành chỉ sau 7 phút, Alisson cản phá một loạt cơ hội của Barca, trước khi Georginio Wijnaldum ghi cú đúp ở hiệp 2 để san bằng tổng tỷ số. Và cuối cùng, pha đá phạt góc nhanh của Trent Alexander-Arnold cho Origi đã đi vào tiềm thức của không chỉ fan Liverpool nói riêng, nó còn được dùng để giới thiệu “TAA” khi anh gia nhập Real Madrid. Deportivo La Coruna – AC Milan 2003/04 Kaka, Andriy Shevchenko, Cafu, Paolo Maldini và Andrea Pirlo đã khiến cơ hội như đóng lại chỉ sau trận lượt đi tứ kết tại San Siro khi AC Milan thắng 4-1. Tuy nhiên chỉ trong vòng 43 phút ở lượt về mọi thứ đã đảo chiều không thể ngờ nổi: Walter Pandiani, Juan Carlos Valeron và Albert Luque ghi 3 bàn ngay trong hiệp 1 để san bằng tổng tỷ số. AC Milan cuống cuồng dâng lên tấn công do Deportivo sẽ đi tiếp với luật bàn thắng sân khách, nhưng “Super Depor” đứng vững và Gonzalez Fran tung đòn kết liễu nhà đương kim vô địch khi trận đấu chỉ còn 15 phút. Cú sốc quá lớn khiến Pirlo trong tự truyện đã đặt ra đủ thuyết âm mưu để lý giải cho thất bại. Barcelona – PSG 2016/17 Pirlo không có cơ sở nào chứng minh cho thuyết âm mưu của mình, nhưng các cầu thủ PSG năm 2017 thì có và đây là cú sốc khiến họ không nuốt trôi được trong nhiều năm. PSG thắng tưng bừng 4-0 ở Parc des Princes với màn trình diễn đã mang lại danh tiếng ngày hôm nay cho Adrien Rabiot, và trong lịch sử chưa từng có đội nào đi tiếp sau khi thua cách biệt 4 bàn ở lượt đi ở bất cứ vòng knock-out nào. Nhưng Messi, Suarez và Neymar lâm trận như những kẻ bị quỷ nhập và Suarez ghi bàn chỉ sau 3 phút, trước khi một bàn đá phản rút cách biệt chỉ còn 2 bàn ở cuối hiệp 1. Messi ghi bàn từ một quả penalty đầu hiệp 2, nhưng thách thức bỗng tăng lên cho Barca khi Edinson Cavani lập công ở phút 62, khiến Barca cần tận 3 bàn nữa. Địa chấn, cả nghĩa đen lẫn nghĩa bóng, đã xảy ra trong buổi tối 8/3/2017 tại Nou Camp Cho đến phút 87 có vẻ mọi thứ vẫn ổn cho PSG, nhưng Neymar tung cú đá phạt ở phút 88 để thắp lên hy vọng cho Barca. Tranh cãi nổ ra không lâu sau khi Suarez bị phạm lỗi và Barca được penalty lần thứ 2, các cầu thủ PSG cho rằng trọng tài đã cố ý thiên vị Barca trong khi bỏ qua một tình huống Javier Mascherano đốn ngã cầu thủ của họ trong vòng cấm Barca và thoát thẻ đỏ. Quyết định rốt cuộc không thay đổi và Neymar lập công trên chấm 11m. Và khi thời gian bù giờ chỉ còn khoảng 10 giây, Sergi Roberto đã có mặt đúng lúc để ghi bàn cho Barca ở phút 90+5 và tạo nên một vụ động đất mini (theo đúng nghĩa đen) khắp xứ Catalan. Arsenal - Chelsea 01.03 Dự đoán tỷ số trận đấu.Cơ hội trúng ngay 500.000 đồng!!! (Lượt về vòng play-off) Atalanta đã có màn ngược dòng không tưởng trước Dortmund để giành vé vào vòng 1/8 Champions League. Nguồn: [Link nguồn]Nguồn: [Link nguồn]"
07d1a7981c1dee8961887d62fc64cafa,Trực tiếp bóng đá ĐT nữ Việt Nam - Myanmar: Hat-trick ấn định (Futsal nữ Đông Nam Á) (Hết giờ),2026-02-26T02:19:00+00:00,24h,https://www.24h.com.vn/bong-da/truc-tiep-bong-da-dt-nu-viet-nam-myanmar-menh-lenh-phai-thang-futsal-nu-dong-nam-a-c48a1740225.html,vi,bong-da,Việt Nam Myanmar,,"Lưu bài viết thành công Bạn có thể xem lại bài viết đã lưu ở trangTin bài đã lưu 13h30, 26/2 | Điểm Ngô Thị Thùy Linh Trần Thị Thu Xuân Trần Nguyệt Vi Trần Thị Thùy Trang Biện Thị Hằng Điểm Theint Sandar Soe Su War Lwin Zin Nyein Chit Thant Zin Lwin Thet Đỏ: Cầu thủ xuất sắc nhất trận Đen: Cầu thủ tệ nhất trận Futsal nữ Việt Nam giao bóng. Myanmar phản công rất hay. May cho ĐT futsal nữ Việt Nam khi Su War Lwin khống chế bóng không tốt. Ánh Mỹ dứt điểm không tốt ở cự li gần nên không thắng được thủ môn của Myanmar. Thùy Trang chuyền bóng ""dọn cỗ"" cho Nguyệt Vi, nhưng Nguyệt Vi đệm bóng ra ngoài ở cự li gần. Nguyệt Vi dứt điểm từ xa đưa bóng đi chệch khung thành đối phương trong gang tấc. Phương Anh chuyền bóng hỏng, trong khi thủ môn Thùy Linh đã dâng cao. Thant Zin đã chớp lấy thời cơ để dứt điểm vào lưới trống. Biện Thị Hằng bắt vô lê từ giữa sân nhưng không thắng được thủ môn của Myanmar. Cú đá từ xa của Phương Anh đưa bóng đi hơi cao so với khung thành của Myanmar. Nguyệt Vi thử vận may bằng cú sút xa nhưng thủ môn của Myanmar chơi tập trung để cản phá. Từ tình huống phối hợp đá biên bài bản, Nguyệt Vi đã dứt điểm chính xác gỡ hòa cho Việt Nam. Hnin Htwe dứt điểm từ xa nhưng hậu vệ của ĐT nữ futsal Việt Nam chặn lại được. Nhưng Lwin Thet vẫn kịp thời đá bồi để ghi bàn thứ 2 cho Myanmar. Thant Zin chích mũi rất tốt, đưa bóng vào thẳng xà ngang khung thành của Việt Nam. Myanmar tạm dẫn Việt Nam 2-1. Myanmar giao bóng. Nguyệt Vi băng đến dứt điểm rất nhanh nhưng thủ môn của Myanmar vẫn cản phá được. Bóng bật ra và Nguyệt Vi đá bồi, gỡ hòa 2-2 cho Việt Nam. Thùy Trang căng ngang thuận lợi, Biện Thị Hằng băng đến dứt điểm quyết đoán, giúp ĐT futsal nữ Việt Nam dẫn 3-2 Myanmar. ĐT futsal nữ Việt Nam phối hợp rất hay. Thùy Trang chuyền bóng tinh tế để Biện Thị Hằng đối thủ môn, qua đó ghi bàn thứ 4 cho đội nhà. Nang Seng Brim sút xa không thắng được thủ môn của ĐT futsal nữ Việt Nam. Thant Zin sút xa đưa bóng vào thẳng xà ngang khung thành của Việt Nam. Nguyệt Vi sút penalty đưa bóng vào thẳng xà ngang khung thành đối phương. Tận dụng việc Myanmar chơi power-play, Ánh Mỹ đã có pha dứt điểm từ xa. Tiếc thay bóng bay chệch khung thành Myanmar trong gang tấc. Biện Thị Hằng sút hiểm hóc ở chấm penalty, ghi bàn thứ 5 cho ĐT futsal nữ Việt Nam. Việt Nam thắng 5-2 Myanmar. Mệnh lệnh phải thắng ĐT futsal nữ Việt Nam hiện có trong tay 3 điểm sau 2 trận đấu, qua đó xếp thứ 2 bảng B. Trong khi đó, Myanmar đứng cuối bảng khi chưa có được điểm nào. Chuyên môn hạn chế của Myanmar khiến họ bị đánh giá sẽ tiếp tục nếm trái đắng trước ĐT futsal nữ Việt Nam ở trận đấu tới. Nếu thắng Myanmar, ĐT futsal nữ Việt Nam sẽ mở toang cánh cửa đi tiếp. Lý do bởi Philippines phải chạm mặt đội đầu bảng Australia ở lượt trận cuối. Australia đang tỏ ra vượt trội so với phần còn lại nên thật khó để Philippines tạo ra được khác biệt. Arsenal - Chelsea 01.03 Dự đoán tỷ số trận đấu.Cơ hội trúng ngay 500.000 đồng!!! Thầy trò HLV Nguyễn Đình Hoàng nằm ở bảng B của giải vô địch futsal nữ châu Á 2025, cùng với nhà đương kim vô địch ĐT futsal nữ Iran. Nguồn: [Link nguồn]Nguồn: [Link nguồn]"
e288536015e9ff756700153e5b5430f5,"Real Madrid thắng cũng khó vui: Asencio nhập viện, Arbeloa mập mờ về Mbappe",2026-02-26T00:56:00+00:00,24h,https://www.24h.com.vn/bong-da/real-madrid-thang-cung-kho-vui-asencio-nhap-vien-arbeloa-map-mo-ve-mbappe-c48a1740197.html,vi,bong-da,Bóng đá 24h,,"Lưu bài viết thành công Bạn có thể xem lại bài viết đã lưu ở trangTin bài đã lưu Real Madrid vừa vượt qua Benfica với tổng tỉ số 3-1 sau 2 lượt trận, qua đó giành vé đi tiếp tạiChampions League. Tuy nhiên, HLV Arbeloa không có được trọn vẹn niềm vui khi trung vệ Asencio phải nhập viện, trong khi tiền đạo chủ lực Mbappé không rõ ngày trở lại. Asencio phải nhập viện sau pha tiếp đất không như ý Cầu thủ người Tây Ban Nha dính chấn thương sau pha va chạm rất mạnh ở trên không với đồng đội Camavinga. Asencio bị choáng nên tiếp đất trong vô thức và đập mặt xuống đất. Các bác sĩ đã phải vào sân chăm sóc cho cầu thủ này ngay lập tức. Trung vệ củaReal Madridđược nẹp cổ và chuyển thẳng tới bệnh viện. Theo chia sẻ mới nhất từ Arbeloa, Asencio đã ổn. ""Cổ của Raúl gặp vấn đề sau pha tiếp đất không như ý. Mặc dù vậy, tôi được thông báo là chấn thương ấy không quá nghiêm trọng. Cậu ấy đã được chuyển tới bệnh viện. Hy vọng đây chỉ là sự sợ hãi nhất thời. Pha va chạm ấy rất mạnh khiến tôi quặn thắt ruột"". Ở một chiều hướng khác, ông thầy người Tây Ban Nha lại mập mờ thông tin liên quan đến sự vắng mặt của Mbappé. ""Cậu ấy phải nghỉ tập hôm qua. Thực ra cậu ấy vẫn đau từ lâu rồi nhưng chúng tôi vẫn thống nhất rằng Kylian có thể ra sân. Tuy nhiên, cuộc hội ý hôm qua có kết quả khác. Chúng tôi cho rằng tốt nhất là Mbappé nên nghỉ ngơi để lấy lại 100% phong độ. Mbappe nghỉ thi đấu do bị đau Bây giờ, chúng tôi cũng không biết là thời gian nghỉ của cậu ấy là bao lâu, có thể là vài ngày nhưng cũng có thể lâu hơn. Tôi hy vọng Mbappé không nghỉ quá lâu nhưng sự thật là cậu ấy đang bị đau và cần được nghỉ ngơi"". Khi được gặng hỏi về chấn thương của Mbappé, Arbeloa trả lời khá lòng vòng khiến người hâm mộ của Real Madrid lại càng lo ngại. ""Tôi cũng không biết nên gọi trường hợp của Mbappé là chấn thương hay bị ốm nữa. Cậu ấy bị đau và nghỉ thi đấu là tốt nhất cho cậu ấy. Bạn có thể gọi là chấn thương cũng được nhưng tôi không cho đó là vấn đề lớn. Cậu ấy có thể trở lại sau vài ngày hoặc vài tuần"". Khi phóng viên đặt câu hỏi về khả năng Mbappé dính chấn thương dây chằng, Arbeloa từ chối tiết lộ thông tin. ""Chúng tôi đã nhận được chẩn đoán từ bác sĩ. Tuy nhiên, tôi không có thẩm quyền cung cấp thông tin tình hình sức khỏe của cầu thủ như vậy. Mặc dù vậy, tôi có thể chắc chắn rằng chúng tôi đang làm những gì tốt nhất có thể cho Mbappé. Chúng tôi muốn Kylian hồi phục 100% và đó là lý do chúng tôi quyết định để cậu ấy nghỉ ngơi"". Arsenal - Chelsea 01.03 Dự đoán tỷ số trận đấu.Cơ hội trúng ngay 500.000 đồng!!! Real Madrid đã thể hiện được bản lĩnh của ông lớn trước Benfica trong trận cầu sinh tử ở playoff tranh vé dự vòng 1/8 Champions League. Nguồn: [Link nguồn]Nguồn: [Link nguồn]"
4341333b56b1b2389b6d627b023da05e,"Real thắng Benfica, đi tiếp tại Cúp C1: Bản lĩnh ông lớn, Vinicius lại ghi dấu ấn",2026-02-25T23:35:00+00:00,24h,https://www.24h.com.vn/bong-da/real-thang-benfica-di-tiep-tai-cup-c1-ban-linh-ong-lon-vinicius-lai-ghi-dau-an-c48a1740189.html,vi,bong-da,Bóng đá 24h,,"Lưu bài viết thành công Bạn có thể xem lại bài viết đã lưu ở trangTin bài đã lưu 3 bàn thắng trong trận (Nguồn: TV360) Cuộc chiến của những quý ông Trận lượt đi diễn ra trên đất Bồ Đào Nha của cặp đấu Benfica -Real Madridđã diễn ra cực kỳ ""nóng"" với nhiều va chạm và thẻ phạt. Đôi bên không ngừng khiêu khích và lao vào nhau sau pha ăn mừng có phần thái quá của Vinicius. Bởi vậy, nhiều người lo ngại trận lượt về trên sân Bernabeu sẽ nát vụn với những chiêu trò của JoseMourinhocùng các học trò. Benfica tới Bernabeu với tinh thần muốn đá bóng thay vì những chiêu trò khiến trận đấu vỡ vụn Tuy nhiên, điều đó đã không xảy ra nhờ sự lịch thiệp của đội bóng tới từ Bồ Đào Nha. Benfica đã thể hiện tinh thần muốn được đá bóng và bỏ lại câu chuyện ""trà dư tửu hậu"" cho giới truyền thông. Dù không có HLV trưởng Jose Mourinho nhưng đại diện tới từ Bồ Đào Nha vẫn nhập cuộc cực kỳ tốt. Họ khiến Real Madrid choáng váng với lối chơi khá biến hóa. Tiền đạo cánh phải, Aursnes lùi xuống làm bóng để tiền đạo cắm Pavlidis dạt ra biên phải. Rafa Silva với khả năng đọc tình huống tốt trở thành ""số 9 ảo"" trong vòng cấm. Cách hoán đổi này thực sự gây khó chịu và giúp Benfica có được bàn mở tỉ số. Đó là pha tấn công rất bài bản ở bên cánh phải. Pavlidis di chuyển sang trái và tung ra đường căng ngang. Raul Asencio tiếp tục cho thấy sự non nớt khi không đảm bảo được vị trí. Thói quen xoạc bóng của cầu thủ này khiến Courtois phải vất vả chống đỡ nhưng Rafa Silva có mặt đúng lúc để ghi bàn mở tỉ số. Bàn thắng này giúp Benfica quân bình tỉ số 1-1 sau 2 lượt trận. Rất nhiều người đã nghĩ đến kịch bản sốc nhất tạiChampions Leaguelà Real Madrid, đội bóng được mệnh danh là có ""DNA Cúp C1"" sẽ bị loại trước cả khi vòng 1/8 bắt đầu. Và Benfica dưới sự dẫn dắt của Jose Mourinho có tới 2 lần ""tiễn"" Real Madrid chỉ trong một mùa giải. Bản lĩnh của ông lớn Thế nhưng, ""Kền kền trắng"" không cho phép điều ấy xảy ra, đặc biệt là tại Bernabeu. Cần phải nói rằng các cầu thủ Real Madrid thi đấu rất tự tin khi được chơi trên sân nhà đặc biệt là trong những trận cầu sinh tử. PSG, Chelsea, Man City đều từng là nạn nhân ở đây khi đã có bàn dẫn trước và Benfica cũng không phải là ngoại lệ. Real Madrid đã thể hiện được bản lĩnh của ông lớn đúng lúc Real Madrid chỉ mất 2 phút để có được bàn gỡ hòa với tình huống tấn công mẫu mực. Valverde đâm xuống đáy biên phải rồi chuyền ngược ra cho Tchouameni. Tiền vệ người Pháp có pha ""cosplay"" Toni Kroos với cú miết lòng một chạm cực kỳ đẳng cấp. Rất nhiều người đã ngỡ ngàng trước sự tinh tế đến bất ngờ của ""máy quét"" tới từ nước Pháp. Thật tiếc cho Benfica khi Jose Mourinho không thể góp mặt trên sân. Ông thầy người Bồ Đào Nha vắng mặt do nhận thẻ đỏ trong trận lượt đi. Thi đấu tại Bernabeu lại không có sự chỉ đạo của HLV trưởng, Benfica đánh mất lợi thế quá nhanh. Đó là điểm mấu chốt khiến trận đấu dần rời xa tính toán của họ. Mặc dù họ vẫn chơi rất hay trong phần còn lại của hiệp một nhưng thế trận đã mất. Real Madrid thể hiện được bản lĩnh của ông lớn đúng lúc và họ ""tỉnh giấc"" . Đâu đó vẫn còn chút chệch choạc nhưng sự thanh thoát đã trở lại. Giữ cự ly đội hình hợp lý, triển khai thế trận rõ ràng, Real Madrid tìm lại được chính mình đúng vào lúc khó khăn nhất. Chính sự tự tin của các học trò trên sân giúp Alvaro Arbeloa cũng vững tin hơn với chiến thuật của mình. Ông thầy người Tây Ban Nha đưa ra những chỉ đạo rất chính xác trong hiệp hai. Thay vì chơi chậm lại và dễ mất thế trận, Real Madrid dồn quân lên khiến cho Benfica không thể triển khai thế trận sớm. Sau đó, Real Madrid lùi lại và chơi bài phòng ngự phản công. Kịch bản theo đúng ý người Tây Ban Nha với pha bứt tốc và ghi bàn của Vinicius ở phút 80. Khoảng 20 phút cuối trận, kể cả bù giờ, ""Kền kền trắng"" thể hiện kinh nghiệm bằng cách giảm nhịp độ trận đấu đến mức thấp nhất có thể. Các cầu thủ Benfica trở nên vội vàng và thường xuyên xử lý lỗi. Một lần nữa cần phải nhắc lại, nếu Mourinho có trên sân, câu chuyện có thể đã khác. Nhưng trong bóng đá không có từ nếu, Real Madrid đã làm tốt hơn và xứng đáng giành quyền đi tiếp. Valverde và Vinicius Junior Nếu như được bình chọn cầu thủ xuất sắc nhất trận đấu này, người viết xin dành một phiếu cho Federico Valverde. Cầu thủ mang băng thủ quân của Real Madrid đã có màn thể hiện cực kỳ xuất sắc với 2 đường kiến tạo. Vinicius Junior là một trong những cầu thủ hay nhất thế giới lúc này Không những vậy, Valverde còn xuất hiện ở khắp mọi nơi trong trận đấu này. Ban đầu, cầu thủ này đá tiền vệ lệch phải và có được kiến tạo đầu tiên. Sau đó, số 8 của Real Madrid lại hoán đổi vị trí cho Camavinga để về giữa sân để cầm nhịp. Tiền vệ người Uruguay tiếp tục thể hiện tầm ảnh hưởng to lớn với những pha tranh chấp không khoan nhượng ở giữa sân. Sang hiệp hai, Valverde thậm chí còn sắm vai ""số 10"" và suýt nữa có bàn thắng ở phút 71 sau pha bứt tốc cực nhanh. Cuối trận, tiền vệ người Uruguay tranh chấp tốt và tung ra đường chuyền giúp Vinicius Junior ghi bàn. Có thể nói rằng Valverde đã gánh trên vai cả hai nhiệm vụ phòng ngự và tấn công trong trận đấu này. Mặc dù không trưởng thành từ lò đào tạo của Real Madrid nhưng tiền vệ người Uruguay đang là một trong những cầu thủ có thâm niên lâu nhất tại sân Bernabeu. Đó có lẽ là lý do để Valverde đang cống hiến hết mình cho đội bóng hoàng gia Tây Ban Nha. Một cầu thủ khác của Real Madrid cũng xứng đáng được nhắc tới trong trận đấu này là Vinicius Junior. Cầu thủ người Brazil lại một lần nữa chứng tỏ được tài năng ở những khoảnh khắc quyết định. Bàn thắng vào lưới Trubin tại Bernabeu tới cực đúng lúc bởi Benfica đang tràn đầy cơ hội gỡ hòa sau 2 lượt trận và đưa trận đấu vào hiệp phụ. Thực ra góc dứt điểm của Vinicius không phải là quá thuận lợi. Đa phần đều chọn sút chéo góc bằng chân trái ở tình huống đó nhưng tiền đạo người Brazil khiến Trubin giật mình với pha sửa lòng cực nhanh, chỉ 1 khoảnh khắc trước khi Otamendi ập vào. Nhưng như vậy là đủ để tạo nên bàn ấn định tỉ số. Tổng thể, màn trình diễn của Vinicius Junior trong trận đấu này khá tốt. Tiền đạo người Brazil thường xuyên quấy phá hàng thủ đối phương bằng những pha đi bóng lắt léo. Các cầu thủ Benfica chăm sóc khá kỹ với Vinicius nhưng không thể ngăn cản. Đó là phẩm chất đáng quý của Vinicius. Vinicius Junior lại một lần nữa biến mình trở thành điểm nhấn với bàn ấn định tỉ số. Nguồn: [Link nguồn]Nguồn: [Link nguồn]"
3af1ff16faadc5891234fc5f72cbf464,"16 anh hào vào vòng 1/8 Cúp C1: Real Madrid - PSG vượt khó, lộ diện đối thủ",2026-02-25T23:26:00+00:00,24h,https://www.24h.com.vn/bong-da/16-anh-hao-vao-vong-1-8-cup-c1-real-madrid-psg-vat-va-di-tiep-c48a1740179.html,vi,bong-da,Cúp C1|Champions League|Real Madrid,,"Lưu bài viết thành công Bạn có thể xem lại bài viết đã lưu ở trangTin bài đã lưu Video bàn thắng Real Madrid 2-1 Benfica Trong bối cảnh đối tác trên hàng công Kylian Mbappe chấn thương, Vinicius đã tỏa sáng ghi bàn quyết định giúp Real Madrid đánh bại Benfica 2-1 ở lượt về, qua đó giúp “Kền kền trắng” thắng chung cuộc 3-1 sau hai lượt trận. Ở vòng 1/8, đội bóng Hoàng gia Tây Ban Nha sẽ chạm trán Man City hoặc Sporting Lisbon của Bồ Đào Nha. Real Madrid có thể chạm trán Sporting Lisbon hoặc Man City ở vòng 1/8 Cúp C1 Trong khi đó, đương kim vô địch PSG phải rất vất vả mới có thể để loại đại kình địch cùng Ligue 1 là Monaco với tổng tỷ số 5-4, sau trận hòa 2-2 tại Parc des Princes, để ghi tên mình vào vòng đấu dành cho 16 đội mạnh nhất châu Âu. PSG sẽ đụng độ Chelsea hoặc Barcelona ở vòng tiếp theo. Còn tại Italia,Juventussuýt tạo nên màn ngược dòng khó tin sau khi để thua 2-5 ở lượt đi trước Galatasaray. Tuy nhiên, hai bàn thắng trong hiệp phụ của Victor Osimhen và Baris Yilmaz đã giúp đại diện Thổ Nhĩ Kỳ thắng chung cuộc với tổng tỷ số 7-5. Ở vòng 1/8, Galatasaray có thể gặp một trong hai đại diện Ngoại hạng Anh là Liverpool hoặc Tottenham. Ở một diễn biến khác, Lazar Samardzic thực hiện thành công quả phạt đền ở những giây cuối, giúp Atalanta thắng Dortmund 4-1 trong trận lượt về. Chung cuộc, Atalanta ngược dòng vượt qua Dortmund với tổng tỷ số 4-3, và có khả năng chạm trán Arsenal hoặcBayern Munichở vòng 16 đội mạnh nhất châu Âu. Nhờ kết thúc ở vị trí nhất và nhì trong giai đoạn vòng bảng, Arsenal và Bayern Munich sẽ được đá trận lượt về trên sân nhà ở mọi vòng knock-out. Arsenal và Bayern Munich cũng không thể gặp nhau cho tới trận chung kết. Các đội nằm trong top 8 sẽ được đá lượt về vòng 1/8 trên sân nhà. Riêng hai đội xếp thứ ba và tư là Liverpool và Tottenham cũng sẽ chơi lượt về tứ kết tại sân nhà nếu góp mặt. Lễ bốc thăm chính thức cho vòng 1/8, tứ kết và bán kết sẽ diễn ra tại Nyon (Thụy Sĩ) vào thứ Sáu (27/2). Vòng 1/8 diễn ra trong hai lượt trận vào các ngày 11-12 và 18-19 tháng 3. Tứ kết được tổ chức từ 8-9 đến 15-16 tháng 4. Bán kết diễn ra vào 29-30 tháng 4 và 6-7 tháng 5. Trận chung kết sẽ được tổ chức ngày 1/6 tại thủ đô Budapest của Hungary. 16 đội giành vé vào vòng 1/8 Champions League Arsenal Bayern Munich Liverpool Tottenham Barcelona Chelsea Sporting Lisbon Man City Newcastle Atletico Madrid Bayer Leverkusen Bodo/Glimt Real Madrid Galatasaray PSG Atalanta Những kịch bản có thể xảy ra tại vòng 1/8 Champions League Arsenal có thể chạm trán Bayer Leverkusen hoặc Atalanta. Chelsea có thể đối đầu Newcastle hoặc PSG. Liverpool có thể gặp Atletico Madrid hoặc Galatasaray. Man City đứng trước khả năng so tài cùng Bodo/Glimt hoặc Real Madrid. Newcastle có thể gặp Chelsea hoặc Barcelona. Tottenham có khả năng đối đầu Atletico Madrid hoặc Galatasaray. Real Madrid có thể chạm trán Sporting Lisbon hoặc Man City. Barcelona có thể đụng độ PSG hoặc Newcastle. Bayern Munich có thể gặp Atalanta hoặc Bayer Leverkusen. Bayer Leverkusen có khả năng đối đầu Arsenal hoặc Bayern Munich. Sporting Lisbon có thể gặp Real Madrid hoặc Bodo/Glimt. Bodo/Glimt có thể chạm trán Sporting Lisbon hoặc Man City. Atletico Madrid có thể đối đầu Tottenham hoặc Liverpool. Galatasaray có thể gặp Liverpool hoặc Tottenham. Atalanta có khả năng chạm trán Arsenal hoặc Bayern Munich. PSG có thể đụng độ Chelsea hoặc Barcelona. Arsenal - Chelsea 01.03 Dự đoán tỷ số trận đấu.Cơ hội trúng ngay 500.000 đồng!!! (Lượt về playoff Champions League) Benfica không thể tìm thêm bàn thắng trong những phút cuối. Nguồn: [Link nguồn]Nguồn: [Link nguồn]"
9048a083af37f5be13420448738bd7d8,Onana đòi trở lại MU cạnh tranh suất bắt chính với Lammens (Clip tin nóng),2026-02-25T23:00:00+00:00,24h,https://www.24h.com.vn/bong-da/onana-doi-tro-lai-mu-canh-tranh-suat-bat-chinh-voi-lammens-clip-tin-nong-c48a1740168.html,vi,bong-da,Onana MU Messi,,"Lưu bài viết thành công Bạn có thể xem lại bài viết đã lưu ở trangTin bài đã lưu Sau khi MU quyết định mang về Lammens từ Royal Antwerp vào hè năm ngoái, Onana được mang cho mượn sang Trabzonspor mà không có điều khoản mua đứt. Điều này đồng nghĩa Onana sẽ trở lại nửa đỏ thành Manchester khi mùa 2025/26 khép lại. Trong khoảng thời gian ấy, Lammens đã vươn lên chiếm lĩnh vị trí số một trong khung gỗ ở sân Old Trafford. Thủ môn Onana không hề chịu thua dù MU đặt niềm tin vào Lammens Theo tờ The Guardian, Onana muốn tranh chấp vị trí số 1 tại khung gỗ MU khi trở lại và tin rằng mình sẽ được trao cơ hội. Nhưng đây là thử thách rất lớn, bởi vốn Onana mắc nhiều sai lầm trước đây trong màu áo ""Quỷ đỏ"". Đây cũng là lý do khiến anh bị đẩy sang Trabzonspor. Ngoài ra còn phải kể tới việc Lammens hiện có phong độ rất cao. Bản tin bóng đá ngày 26/2 còn những thông tin khác đáng chú ý như: Messi có thể giải nghệ ở Barcelona; Real Madrid nhắm sao đắt giá của Crystal Palace; FIFA vẫn tin tưởng để Mexico tổ chứcWorld Cup 2026. Kính mời quý độc giả chú ý đón xem! Arsenal - Chelsea 01.03 Dự đoán tỷ số trận đấu.Cơ hội trúng ngay 500.000 đồng!!! (Clip tin nóng bóng đá 24h) Prestianni bị cấm thi đấu vì phân biệt chủng tộc với Vinicius vẫn sang Madrid cùng Benfica. Nguồn: [Link nguồn]Nguồn: [Link nguồn]"
86a8bec4b3e6dba9053ec94fd36ecf65,"Video bóng đá Juventus - Galatasaray: Căng thẳng hiệp phụ, cay đắng rời giải (Cúp C1)",2026-02-25T22:20:00+00:00,24h,https://www.24h.com.vn/bong-da/video-bong-da-juventus-galatasaray-phat-den-mo-diem-cup-c1-c48a1740187.html,vi,bong-da,Bóng đá 24h,,"Lưu bài viết thành công Bạn có thể xem lại bài viết đã lưu ở trangTin bài đã lưu Juventus tiếp đón Galatasaray với nhiệm vụ phải thắng đậm sau khi để đối thủ có lợi thế dẫn trước 3 bàn ở trận lượt đi. Trận đấu diễn ra rất hấp dẫn và bóng tìm tới cột dọc khung thành chủ nhà chỉ sau 3 phút bóng lăn.Juventuscó lời đáp trả ngay sau đó nhưng Gatti không tận dụng được. Juventus nỗ lực tấn công trong hiệp một Vài phút sau, Perin phải cứu thua vất vả sau pha dứt điểm của Osimhen. Cakir bên phía đội khách cũng phải trổ tài sau cú sút của Locatelli từ rìa vòng cấm. Juventus tiếp tục giữ thế trận tấn công và cuối cùng có được cơ hội ở phút 37. Torreira phạm lỗi trong vòng cấm và trọng tài cho chủ nhà hưởng phạt đền. Locatelli thực hiện tốt nhiệm vụ để mở tỉ số. Cuối hiệp một, Thuram suýt nhân đôi cách biệt nhưng cột dọc đã từ chối cầu thủ này. Ngay đầu hiệp hai, Juventus gặp bất lợi khi Kelly nhận thẻ vàng thứ hai và bị đuổi khỏi sân. Mặc dù vậy, Juventus vẫn dồn lên tấn công mạnh mẽ. Phút 70, Gatti thắp sáng hy vọng cho chủ nhà với pha dứt điểm ở cự ly gần. Xà ngang từ chối nỗ lực của Yildiz sau đó nhưng Juventus vẫn có bàn thứ ba. Phút 82, McKennie ghi bàn sau pha đá phạt của Koopmeiners. Với kết quả này, hai đội hòa nhau 5-5 sau hai lượt trận và buộc phải tiến vào hiệp một. Juventus đã tiêu tốn quá nhiều sức lực trong 90 phút nên có phần hụt hơi. Phút 106, Yilmaz kiến tạo cho Osimhen ghi bàn giúp Galatasaray lại vượt lên. Juventus cố gắng dồn lên nhưng bàn thắng không thấy lại thấy bàn thua. Phút 119, Yilmaz ấn định tỉ số 2-3 cho trận lượt về. Chung cuộc, Juventus thắng lượt về nhưng thua chung cuộc 5-7 và nhường suất đi tiếp cho Galatasaray. Tỉ số sau 90 phút:Juventus 3-0 Galatasaray (H1: 1-0) Ghi bàn: Locatelli 37' (phạt đền), Gatti 70', McKenni 82' Tỉ số sau hai hiệp phụ:Juventus 3-2 Galatasaray Ghi bàn: Osimhen 106', Yilmaz 119' Tỉ số chung cuộc sau 2 lượt trận:Juventus 5-7 Galatasaray Đội hình xuất phát Juventus: Perin, McKennie, Gatti, Kelly, Kalulu, Locatelli, Koopmeiners, Thuram, Yildiz, David, Conceicao Galatasaray: Cakir, Sallai, Sanchez, Bardakci, Jakobs, Lemina, Torreira, Lang, Sara, Yilmaz, Osimhen (Vòng 10) Cristiano Ronaldo tiếp tục duy trì phong độ ghi bàn ấn tượng khi góp công trong chiến thắng hủy diệt của Al Nassr trước Al Najma, qua đó đưa... Nguồn: [Link nguồn]Nguồn: [Link nguồn]"
12ea56a998848c768acf7f788c6d2326,"Video bóng đá PSG - Monaco: Thẻ đỏ tai hại, rượt đuổi kịch tính (Cúp C1)",2026-02-25T22:06:00+00:00,24h,https://www.24h.com.vn/bong-da/video-bong-da-psg-monaco-vua-chau-au-lam-nguy-cup-c1-c48a1740177.html,vi,bong-da,kết quả bóng đá|kết quả cúp c1|champions league|PSG|Monaco,,"Lưu bài viết thành công Bạn có thể xem lại bài viết đã lưu ở trangTin bài đã lưu PSG thi đấu thiếu thanh thoát trong phần lớn thời gian hiệp một. Nhà đương kim vô địch từng tiến rất gần bàn mở tỷ số khi Barcola đưa bóng dội xà ngang. Monaco vươn lên dẫn trước ngay trước giờ nghỉ khi Akliouche dứt điểm một chạm, bóng khẽ chạm cột dọc rồi nằm gọn trong lưới. PSG vất vả giành vé vào vòng 1/8 Cúp C1 Thực tế, Monaco hoàn toàn có thể mở tỷ số sớm hơn. Chính Akliouche đã tạo ra cơ hội rõ rệt với đường chuyền thuận lợi vào vòng cấm, nhưng cú dứt điểm của Coulibaly lại đi vọt xà. Bước ngoặt của trận đấu đến ở hiệp hai, khi Coulibaly nhận hai thẻ vàng chỉ trong vòng ít phút và bị truất quyền thi đấu, khiến Monaco chỉ còn 10 người. PSG lập tức tận dụng triệt để lợi thế hơn người. Marquinhos nhanh chóng gỡ hòa sau pha căng ngang của Doue, đưa trận đấu trở lại thế cân bằng. Đến phút 66, cầu thủ chạy cánh Kvaratskhelia đưaPSGvươn lên dẫn ngược Monaco khi dứt điểm cận thành, sau khi cú sút xa uy lực của Hakimi bị thủ môn Philipp Kohn đẩy ra đúng tầm. Ở thời gian bù giờ cuối trận, Jordan Teze kịp gỡ hòa 2-2, nhưng đó chỉ còn mang ý nghĩa danh dự với Monaco. PSG sẽ chạm trán Chelsea hoặc Barcelona ở vòng 1/8 và sẽ biết đối thủ của mình sau lễ bốc thăm diễn ra vào thứ Sáu (27/2) tới. Tỷ số chung cuộc:PSG 2-2 Monaco (Hiệp 1: 0-1) Tổng tỷ số:PSG 5-4 Monaco Ghi bàn (kiến tạo) Monaco: Akliouche (45', Coulibaly), Teze (90+1') PSG: Marquinhos (60', Doue), Kvaratskhelia (66') Thẻ đỏ Monaco: Coulibaly (58') Đội hình xuất phát PSG: Safonov, Hakimi, Marquinhos, Pacho, Mendes, Zaire Emery, Vitinha, Neves, Doue, Barcola, Kvaratskhelia Monaco: Kohn, Zakaria, Faes, Kehrer, Henrique, Camara, Bamba, Vanderson, Coulibaly, Akliouche, Balogun Thống kê trận đấu Chấm điểm cầu thủ Điểm Safonov6.4 Hakimi7.2 Marquinhos7.5 Pacho6.9 Mendes7.6 Zaire Emery6.8 Vitinha7.8 Neves7.3 Doue8.2 Barcola7.1 Kvaratskhelia8.3 Điểm 7.3Kohn 5.8Zakaria 6.7Faes 6.4Kehrer 7.8Henrique 7.6Camara 7.1Bamba 7.3Vanderson 6.1Coulibaly 7.6Akliouche 6.5Balogun Thay người Lee Kang In5.4 Hernandez6.1 Dro Ramos Thay người 7.4Teze 5.3Biereth 6.0Mawissa 6.3Adingra Nibombe Đỏ: Cầu thủ xuất sắc nhất trận Đen: Cầu thủ tệ nhất trận Arsenal - Chelsea 01.03 Dự đoán tỷ số trận đấu.Cơ hội trúng ngay 500.000 đồng!!! (Lượt về play-off Cúp C1) Monaco tạo ra tình huống hỗn loạn trước khung thành PSG ở những giây bù giờ cuối cùng. Nguồn: [Link nguồn]Nguồn: [Link nguồn]"
1119aa00940f361b5e417dd1e715b525,"Video bóng đá Real Madrid - Benfica: Đôi công hấp dẫn, Vinicius ấn định (Cúp C1)",2026-02-25T22:06:00+00:00,24h,https://www.24h.com.vn/bong-da/video-bong-da-real-madrid-benfica-doi-cong-hap-dan-cup-c1-c48a1740186.html,vi,bong-da,Bóng đá 24h,,"Lưu bài viết thành công Bạn có thể xem lại bài viết đã lưu ở trangTin bài đã lưu Real Madrid tiếp đón Benfica trên sân nhà trong trận lượt về tranh vé playoff vào vòng 1/8Champions League. Chủ nhà không có được sự phục vụ của Mbappe và Gonzalo Garcia được đá chính. Tuy nhiên, Benfica mới là đội nhập cuộc tốt hơn. Valverde chơi hay trong hiệp một Phút 14, Courtois cứu được pha phá bóng lỗi của Asencio nhưng cú đá bồi của Rafa Silva là quá khó. Thế nhưng đội khách chỉ giữ được lợi thế trong 2 phút. Valverde chuyền ngược ra và Tchouameni có pha dứt điểm cực hay để gỡ hòa cho chủ nhà. Bàn thắng này giúp các cầu thủReal Madridthi đấu hay hơn hẳn. Họ triển khai bóng mạch lạc trong khi Benfica chờ phản công. Phút 32, Guler sút tung lưới đối thủ nhưng trọng tài không công nhận do Gonzalo Garcia đã việt vị trước đó. Hiệp một kết thúc với tỉ số 1-1. Bước sang hiệp hai, Real Madrid kiểm soát bóng tốt hơn khiến Benfica không thể dâng cao. Đội chủ nhà có một vài cơ hội nhưng không tận dụng được. Đôi bên đều có cơ hội ghi bàn nhưng Arnold không tận dụng được còn Rafa Silva đưa bóng trúng xà ngang. Càng về cuối, Benfica càng phải tràn lên tấn công và họ nhận đòn hồi mã thương ở phút 80. Valverde cướp được bóng và chuyền cho Vinicius bứt tốc cực nhanh. Tiền đạo người Brazil cứa lòng đẳng cấp để nâng tỉ số lên thành 2-1. Mặc dù hiệp hai có tới 9 phút bù giờ nhưng Benfica không thể làm gì với khả năng cầm bóng quá tốt của Real Madrid. Đội chủ sân Bernabeu thắng 2-1 trong trận lượt về và thắng chung cuộc 3-1 sau 2 lượt trận qua đó giành vé vào vòng 1/8 Champions League. Tỉ số chung cuộc:Real Madrid 2-1 Benfica (H1: 1-1) Tỉ số sau 2 lượt trận:Real Madrid 3-1 Benfica Ghi bàn Real Madrid: Tchouameni 16', Vinicius 80' Benfica: Rafa Silva 14' Đội hình xuất phát Real Madrid: Courtois, Carreras, Asencio, Rudiger, Arnold, Camavinga, Tchouameni, Valverde, Vinicius, Guler, Garcia Benfica: Trubin, Dedic, Araujo, Otamendi, Dahl, Rios, Barreiro, Aursnes, Rafa Silva, Schjelderup, Pavlidis Thông số trận đấu Chấm điểm cầu thủ (Theo Flashscore) Điểm Courtois7.4 Carreras7.1 Rudiger6.9 Asencio6.5 Arnold7.4 Camavinga7.4 Tchouameni7.8 Guler7.2 Valverde7.6 Vinicius7.3 Garcia6.8 Điểm 6.1Trubin 6.4Dedic 6.4Araujo 6.6Otamendi 6.3Dahl 6.1Barreiro 6.7Rios 6.9Schjelderup 7.0Rafa 6.7Aursnes 6.2Pavlidis Thay người Alaba6.7 Mastantuano6.7 Pitarch Palacios Fran Garcia Thay người Ivanovic Barrenecha Cabral Đỏ: Cầu thủ xuất sắc nhất trận Đen: Cầu thủ tệ nhất trận (Lượt về vòng play-off) Atalanta đã có màn ngược dòng không tưởng trước Dortmund để giành vé vào vòng 1/8 Champions League. Nguồn: [Link nguồn]Nguồn: [Link nguồn]"
db55ff44ccc411a3f4eb27cbc8be741b,"Video bóng đá Al Najma - Al Nassr: Ronaldo mở điểm, đại thắng 5 sao (Saudi Pro League)",2026-02-25T21:08:00+00:00,24h,https://www.24h.com.vn/bong-da/video-bong-da-al-najma-al-nassr-ronaldo-mo-diem-dai-thang-5-sao-saudi-pro-league-c48a1740180.html,vi,bong-da,kết quả bóng đá|kết quả Saudi Pro League|Ronaldo|Al Nassr|Al Najma,,"Lưu bài viết thành công Bạn có thể xem lại bài viết đã lưu ở trangTin bài đã lưu Một pha phạm lỗi không cần thiết của Al Hawsawi bên phía Al Najma với Ronaldo giúp Al Nassr được hưởng penalty ngay những phút đầu.Ronaldokhông mắc sai lầm nào, dứt điểm đầy uy lực khiến thủ môn đối phương hoàn toàn bó tay. Tính đến thời điểm hiện tại, siêu sao người Bồ Đào Nha đã có 21 bàn tại Saudi Pro League mùa này, kém Ivan Toney của Al Ahli 2 pha lập công trong cuộc đua “Vua phá lưới”. Ronaldo tỏa sáng với 1 bàn và 1 kiến tạo Sau hơn nửa giờ bóng lăn, Coman nhân đôi cách biệt cho Al Nassr. Đường căng ngang sệt của Brozovic ban đầu bị chặn lại, nhưng bóng bật ra đúng vị trí để Coman xoay người dứt điểm cận thành. Tỷ số được nâng lên 3-0 cho Al Nassr ngay trước giờ nghỉ. Nỗ lực cản phá có phần lóng ngóng của Braga trước cú sút xa của Inigo Martinez không mang lại hiệu quả, khi trung vệ người Tây Ban Nha ghi bàn từ khoảng cách gần 30m. Đầu hiệp hai, Mane lập công với cú dứt điểm tung nóc lưới sau pha kiến tạo của Ronaldo, trước khi Inigo Martinez hoàn tất cú đúp ở phút 80 bằng pha đánh đầu ngược kỹ thuật đưa bóng về góc xa từ quả phạt góc của Ghareeb. Đây là trận thắng thứ 19 của Al Nassr tại Saudi Pro League mùa giải năm nay, giúp họ có 58 điểm sau 23 vòng đấu. Đội bóng của Ronaldo mới chỉ thua 1 trận từ đầu mùa và đang hơn đội xếp thứ hai là Al Ahli 2 điểm. Tỷ số chung cuộc:Al Najma 0-5 Al Nassr (Hiệp 1: 0-3) Ghi bàn (kiến tạo) Al Nassr: Ronaldo (7' phạt đền), Coman (31', Brozovic), Martinez (42') (80'), Mane (52', Ronaldo) Đội hình xuất phát Al Najma: Braga; Al Hawsawi, Al Haleel, Samir, Vargas; Al Tulayhi, Al Harabi, Guga, Tijanic; Lazaro, Ali Jasim Al Nassr: Bento; Martinez, Al Amri, Simakan, Boushal; Mane, Brozovic, Al Khaibari, Coman; Felix, Ronaldo Arsenal - Chelsea 01.03 Dự đoán tỷ số trận đấu.Cơ hội trúng ngay 500.000 đồng!!! Ở tuổi 41, Cristiano Ronaldo tiếp tục khiến người hâm mộ phải trầm trồ khi đăng tải hình ảnh thân hình săn chắc để quảng bá thương hiệu phục hồi thể... Nguồn: [Link nguồn]Nguồn: [Link nguồn]"
0801c8b1da98d2455d5507cde6705bfa,"Video bóng đá Atalanta - Dortmund: 5 bàn & 3 thẻ đỏ, ngược dòng ngoạn mục (Cúp C1)",2026-02-25T20:51:00+00:00,24h,https://www.24h.com.vn/bong-da/video-bong-da-atalanta-dortmund-5-ban-2-the-do-nguoc-dong-ngoan-muc-cup-c1-c48a1740178.html,vi,bong-da,kết quả bóng đá|kết quả cúp c1|champions league|Atalanta|Dortmund,,"Lưu bài viết thành công Bạn có thể xem lại bài viết đã lưu ở trangTin bài đã lưu Sau thất bại 0-2 ở lượt đi trên đất Đức, Atalanta hiểu rằng họ cần bàn thắng sớm để nuôi hy vọng lật ngược tình thế, và điều đó đến ngay phút thứ 5. Bernasconi căng ngang từ cánh trái, tạo điều kiện để Scamacca dễ dàng đệm bóng cận thành. Dortmund càng chơi càng rối loạn và phải nhận bàn thua thứ hai vào cuối hiệp một, khi cú sút xa của Zappacosta đập chân Bensebaini đổi hướng bay vào lưới, qua đó cân bằng tổng tỷ số. Atalanta lội ngược dòng đầy kịch tính trước Dortmund Pasalic nâng tỷ số lên 3-0 ở phút 57, nhưng Adeyemi kịp thời nhen nhóm hy vọng cho Dortmund với cú cứa lòng gỡ hòa về tổng tỷ số, tưởng như đã đưa trận đấu vào hiệp phụ. Kịch tính được đẩy lên đỉnh điểm ở những giây cuối cùng của thời gian bù giờ. Từ sai lầm của thủ môn Kobel, Atalanta có cơ hội tổ chức pha tấn công cuối cùng. Trong nỗ lực tranh chấp bóng bổng sau đó, Bensebaini vung chân cao thiếu kiểm soát, đá trúng đầu Krstovic trong vòng cấm. Sau khi tham khảo VAR để xem xét khả năng thổi phạt đền và rút thẻ đỏ, trọng tài được mời ra xem màn hình. Ông quyết định cho Atalanta hưởng penalty và truất quyền thi đấu Bensebaini vì nhận thẻ vàng thứ hai. Giữa sự hỗn loạn và những phản ứng dữ dội từ băng ghế huấn luyện hai đội, cầu thủ dự bị Schlotterbeck của Dortmund và Scalvini bên phía Atalanta cũng phải nhận thẻ đỏ. Trên chấm 11m đầy áp lực, Samardzic giữ được sự lạnh lùng, sút tung nóc lưới, đưa Atalanta giành vé vào vòng 1/8Cúp C1, nơi họ sẽ chạm trán Arsenal hoặcBayern Munich. Tiếng còi mãn cuộc vang lên trong sự vỡ òa của các CĐV Atalanta, những người vừa chứng kiến màn trình diễn quả cảm và đầy quyết tâm. Tỷ số chung cuộc:Atalanta 4-1 Dortmund (Hiệp 1: 2-0) Tổng tỷ số:Atalanta 4-3 Dortmund Ghi bàn (kiến tạo) Atalanta: Scamacca (5'), Zappacosta (45'), Pasalic (57', De Roon), Samardzic (90+8' phạt đền) Dortmund: Adeyemi (75', Chukwuemeka) Thẻ đỏ Atalanta: Scalvini (90+7') Dortmund: Schlotterbeck (90+7'), Bensebaini (90+7') Đội hình xuất phát Atalanta: Carnesecchi; Scalvini, Hien, Kolasinac; Zappacosta, De Roon, Pasalic, Bernasconi; Samardzic, Zalewski; Scamacca Dortmund: Kobel; Emre Can, Anton, Bensebaini; Ryerson, Nmecha, Jobe Bellingham, Svensson; Beier, Brandt; Guirassy Arsenal - Chelsea 01.03 Dự đoán tỷ số trận đấu.Cơ hội trúng ngay 500.000 đồng!!! (Vòng 23 Bundesliga) Leipzig thể hiện sự sắc sảo trong tấn công nhưng Dortmund không chấp nhận một thất bại. Nguồn: [Link nguồn]Nguồn: [Link nguồn]"
dce3c4e9d9a0dddef6867b3e7426bbd3,"Văn Hậu ghi siêu phẩm từ giữa sân như Beckham, CĐV rần rần gọi tên ĐT Việt Nam",2026-02-25T17:31:00+00:00,24h,https://www.24h.com.vn/bong-da/van-hau-ghi-sieu-pham-tu-giua-san-nhu-beckham-cdv-ran-ran-goi-ten-dt-viet-nam-c48a1740146.html,vi,bong-da,Đoàn Văn Hậu|Văn Hậu|CLB Công an Hà Nội|V-League|ĐT Việt Nam,,"Lưu bài viết thành công Bạn có thể xem lại bài viết đã lưu ở trangTin bài đã lưu Văn Hậu ghi siêu phẩm từ giữa sân Siêu phẩm “gần nửa sân” gây sốt của Đoàn Văn Hậu Phút 66 trận đá bù vòng 10 V-League 2025/26 giữa chủ nhà Thanh Hóa và Công an Hà Nội tối ngày 24/2, trong một pha tranh chấp bên phần sân nhà, Văn Hậu cướp được bóng. Thay vì phối hợp, anh bất ngờ tung cú sút chân trái đầy quyết đoán khi nhận thấy thủ môn Xuân Hoàng dâng cao. Đoàn Văn Hậu ghi siêu phẩm từ giữa sân ở trận đấu giữa Công an Hà Nội và Thanh Hóa. Bóng đi với quỹ đạo hiểm hóc, vượt qua nỗ lực lùi về trong vô vọng của thủ thành Thanh Hóa trước khi găm thẳng vào lưới, nâng tỉ số lên 2-1 choCLB Công an Hà Nội. Siêu phẩm này lập tức “gây bão” mạng xã hội, nhiều CĐV ví von đây là “phiên bản Beckham của V-League”. Đây là bàn thắng đầu tiên của Văn Hậu tại V-League sau 40 tháng 9 ngày (kể từ 15/10/2022 khi còn khoác áo Hà Nội FC). Nếu tính trên mọi đấu trường, lần gần nhất anh lập công là ngày 2/4/2023 tại Cúp Quốc gia. Một quãng chờ đợi quá dài với hậu vệ quê gốc Thái Bình (cũ). Đoàn Văn Hậu: “Ra sân là quên hết mọi thứ” Sau trận đấu, Văn Hậu chia sẻ đầy cảm xúc: “Cảm xúc của Hậu lúc này là rất vui, cũng rất lâu rồi Hậu mới ghi bàn. Với một vị trí như của Hậu thì ghi một bàn thắng cũng là một niềm hạnh phúc. Và hạnh phúc hơn là hôm nay toàn đội đã giành được chiến thắng”. Hậu vệ sinh năm 1999 khẳng định anh sẵn sàng đá ở bất kỳ vị trí nào: “Miễn được thi đấu, còn xếp ở đâu là do HLV. Tôi sẽ cố gắng hoàn thành tốt nhiệm vụ. HLV Mano Polking có những ý tưởng triển khai chiến thuật, giữa tôi và Jason có thể hoán đổi vị trí cho nhau”. Sau quãng thời gian dài điều trị chấn thương gót chân, Văn Hậu mới trở lại từ cuối năm 2025 và đã ra sân 6 trận mùa này. “Khi đã ra sân thì Hậu quên hết mọi thứ bên ngoài, chỉ thi đấu hết mình”, hậu vệ sinh năm 1999 nhấn mạnh. Đồng đội ở CLB Công an Hà Nội chia vui với Đoàn Văn Hậu. Mạng xã hội dậy sóng: “Đoàn Văn Hậu đã trở lại!” Không chỉ gây ấn tượng trên sân cỏ, siêu phẩm của Văn Hậu còn tạo hiệu ứng mạnh mẽ trên các fanpage bóng đá Việt Nam. CLB Công an Hà Nội dành những mỹ từ dành cho Đoàn Văn Hậu: “Đoàn Văn Hậu – Khi đẳng cấp lên tiếng. Bàn thắng từ giữa sân, cú ngược dòng ngoạn mục, và sự khẳng định của một ngôi sao hàng đầu. Chào mừng số 5 trở lại với đúng đẳng cấp vốn có, mạnh mẽ và bùng nổ hơn bao giờ hết”. Dưới phần bình luận, rất nhiều người hâm mộ gửi lời chúc mừng hậu vệ quê Thái Bình. Không ít CĐV bày tỏ niềm vui khi thấy Văn Hậu dần lấy lại phong độ đỉnh cao sau thời gian dài chấn thương. “Chờ ngày Hậu trở lại ĐT Việt Nam”, “Hy vọng tháng 3 này được thấy Văn Hậu trong màu áo ĐTQG”, “Phong độ thế này thì tuyển quốc gia không thể thiếu”, đó là những dòng chia sẻ xuất hiện dày đặc. Bản thân Văn Hậu cũng không giấu khát khao tái xuất đội tuyển trong đợt FIFA Days tháng 3/2026: “Bất cứ cầu thủ nào cũng mong được khoác lên mình màu áo đội tuyển”. Dưới phần bình luận, nhiều người hâm mộ gửi lời chúc mừng và bày tỏ sự xúc động khi chứng kiến hậu vệ quê Thái Bình dần tìm lại phong độ đỉnh cao. Không ít CĐV hy vọng anh sẽ sớm được trao cơ hội trở lại khoác áoĐT Việt Namtrong đợt FIFA Days tháng 3/2026. Bản thân Văn Hậu cũng không giấu khát khao ấy: “Bất cứ cầu thủ nào khi thi đấu cũng mong được khoác lên mình màu áo đội tuyển”. Một cú sút táo bạo, một bàn thắng sau gần 3 năm chờ đợi và làn sóng ủng hộ mạnh mẽ từ người hâm mộ. Đoàn Văn Hậu đang cho thấy anh thực sự trở lại, theo cách không thể ấn tượng hơn. Đoàn Văn Hậu lại sắm vai ""chuyên gia săn siêu phẩm"" với bàn thắng từ giữa sân vào lưới Thanh Hóa. Nguồn: [Link nguồn]Nguồn: [Link nguồn]"
a4940dd86e83eba3b1f7da9e6b962508,Phạm Băng Băng gây chú ý khi đeo vòng ruby to bằng cái mũi,2026-02-26T02:30:00+00:00,24h,https://www.24h.com.vn/thoi-trang/pham-bang-bang-gay-chu-y-khi-deo-vong-ruby-to-bang-cai-mui-c78a1740212.html,vi,thoi-trang,Phạm Băng Băng|Sao Hoa ngữ|Nghệ sĩ Trung Quốc|Châu Á,,"Lưu bài viết thành công Bạn có thể xem lại bài viết đã lưu ở trangTin bài đã lưu Phạm Băng Băng khoe diện mạo xinh đẹp. Ảnh: Weibo Trên trang cá nhân, Phạm Băng Băng chia sẻ loạt ảnh và viết: ""diện đồ đẹp đón thần tài"". Nữ diễn viên diện chiếc áo khoác kiểu Trung Quốc màu hồng được may đo tinh tế, kết hợp với quần jeans và mũ beret, tạo nên một diện mạo vừa thanh lịch vừa thời trang. Tuy nhiên, so với bộ trang phục được lựa chọn kỹ lưỡng, sự chú ý của người xem đổ dồn vào chiếc vòng tay đá ruby khổng lồ trên tay phải của cô, khiến món phụ kiện ngay lập tức trở thành chủ đề nóng trên mạng xã hội. Theo HK01, kích thước của chiếc vòng được mô tả là ""to bằng cái mũi"". Viên hồng ngọc cỡ đại làm toát lên vẻ xa hoa của ngôi sao Trung Quốc, khiến nhiều người trầm trồ về sự giàu có của cô. Một người hỏi đùa: ""Chị ơi, tay chị mỏi không? Để em giúp chị đeo vào nhé?"". Một khán giả khác bình luận: ""Điều đầu tiên tôi chú ý đến là viên hồng ngọc! Nó đáng giá bao nhiêu vậy?"". Chiếc vòng ruby trên tay Băng Băng gây chú ý. Ảnh: Weibo Theo HK01, Phạm Băng Băng hai năm gần đây khá kín tiếng. Sau khi vướng vào vụ bê bối trốn thuế ""hợp đồng âm dương"" gây chấn động dư luận và từng bị liệt vào danh sách nghệ sĩ bị thất sủng ở Trung Quốc Đại lục, công việc của cô gần như bị đình trệ hoàn toàn. Những năm gần đây, cô chuyển đến Hong Kong và tập trung phát triển sự nghiệp tại thị trường nước ngoài. Năm ngoái, cô giành giải Kim Mã cho bộ phim Mẹ Trái Đất. Diễn viên Phạm Băng Băng. Ảnh: Weibo Phạm Băng Băng sinh ngày 16/9/1981 tại Sơn Đông, Trung Quốc. Từ nhỏ, cô đã sớm bộc lộ tài năng nghệ thuật được di truyền từ cha mẹ. Năm 17 tuổi, người đẹp bắt đầu sự nghiệp diễn xuất và được nhiều người biết đến khi đóng vai Kim Tỏa trong phim Hoàn Châu cách cách. Hơn 20 năm hoạt động nghệ thuật, mỹ nhân góp mặt trong nhiều tác phẩm nổi tiếng cả điện ảnh lẫn truyền hình như Võ Mị Nương truyền kỳ, Tôi không phải Phan Kim Liên... Tuy nhiên, diễn viên vướng scandal trốn thuế năm 2018, bị buộc tội và phải đền bù hơn 100 triệuUSDđể thoát cảnh tù tội. Băng Băng có hơn 63 triệu người theo dõi trên Weibo. Diễn viên Phạm Băng Băng, 43 tuổi, mặc trang phục được cư dân mạng ví như 'chổi lông gà' khi dự sự kiện thời trang cuối tháng 6. Nguồn: [Link nguồn]Nguồn: [Link nguồn]"
15f89c70203bd78bf81edd5b34c66bae,"Ngắm nhan sắc dịu dàng, đẹp không góc chết của tân Hoa hậu Thái Lan 2026",2026-02-26T01:10:58+00:00,24h,https://www.24h.com.vn/thoi-trang/ngam-nhan-sac-diu-dang-dep-khong-goc-chet-cua-tan-hoa-hau-thai-lan-2026-c78a1740211.html,vi,thoi-trang,Hoa hậu Thái Lan|Maymint Jiraporn|sắc đẹp|Miss Thailand|nhan sắc|hoa hậu,,"Lưu bài viết thành công Bạn có thể xem lại bài viết đã lưu ở trangTin bài đã lưu Người đẹp Jiraporn Saladaeng, còn được biết đến với biệt danh Maymint, năm nay 22 tuổi, đến từ Udon Thani, cô không chỉ chinh phục ban giám khảo bằng sự tự tin mà còn khiến công chúng “đổ gục” bởi vẻ đẹp ngọt ngào đầy sức sống. Sở hữu chiều cao 1m70 cùng gương mặt hài hòa, Maymint gây ấn tượng với làn da mịn màng, đôi mắt sáng và nụ cười rạng rỡ. Nét đẹp của cô không sắc sảo mà là vẻ đẹp ấm áp, mềm mại và nữ tính, được nhiều người nhận xét là “10 điểm không có nhưng”. Thần thái trên sân khấu của Maymint toát lên sự điềm tĩnh, duyên dáng nhưng vẫn đầy nội lực, giúp cô nổi bật giữa dàn thí sinh của cuộc thi Miss Thailand 2026. Trước khi đăng quang, Maymint đã có hành trình dài trong các sân chơi nhan sắc. Kinh nghiệm từ nhiều cuộc thi lớn nhỏ đã giúp cô rèn luyện kỹ năng trình diễn, giao tiếp và bản lĩnh sân khấu. Không chỉ dừng lại ở lĩnh vực sắc đẹp, cô còn hoạt động trong ngành giải trí, từng đảm nhận vai nữ chính trong MV If He Doesn’t Come Back của nhóm Goodboy. Tân Hoa hậu trong trang phục truyền thống Thái Lan. Maymint hiện đang theo học ngành Quản trị Hành chính công tại Udon Thani Rajabhat University. Việc cân bằng giữa học tập và hoạt động nghệ thuật cho thấy cô không chỉ đẹp về ngoại hình mà còn chú trọng phát triển tri thức và kỹ năng sống. Với nhan sắc rạng rỡ, vóc dáng cân đối và tinh thần cầu tiến, tân Hoa hậu Thái Lan 2026 được kỳ vọng sẽ tiếp tục tỏa sáng và trở thành biểu tượng nhan sắc mới của xứ chùa Vàng. Catalina Marsano đến từ Peru đã vượt qua 22 thí sinh để giành vương miện Hoa hậu Chuyển giới Quốc tế trong chung kết tại Thái Lan, tối 24/8. Nguồn: [Link nguồn]Nguồn: [Link nguồn]"
31ece1397410f55ea151f502603f97a4,"Dàn Hoa - Á hậu hái lộc: Á hậu Mook nhập gia tùy tục, bất lực vì đường tài lộc",2026-02-25T23:00:00+00:00,24h,https://www.24h.com.vn/thoi-trang/dan-hoa-a-hau-hai-loc-a-hau-mook-nhap-gia-tuy-tuc-bat-luc-vi-duong-tai-loc-c78a1740056.html,vi,thoi-trang,Á hậu|Hoa hậu|Miss Cosmo|á hậu Mook Karnruethai|lì xì|Tết|Ngọc Châu,,"Lưu bài viết thành công Bạn có thể xem lại bài viết đã lưu ở trangTin bài đã lưu Sau kỳ nghỉ Tết, dàn Hoa - Á hậu nhà Miss Cosmo vừa có buổi tụ họp đầu năm. Dàn người đẹp xúng xính áo dài rực rỡ và ""cực ồn"" khi bước vào tiết mục hái lộc. Á hậu Mook khiến fan sắc đẹp ""ồ quao"" với màn ""nhập gia tùy tục"", thiết kế bảng bốc thăm trúng mệnh giá tiền theo các con số may mắn. Miss Cosmo 2025 Yolina ""mắt chữ O mồm chữ A"" khi có màn mở bát cực ""mát vía"" nhận được 500K may mắn, Miss Cosmo 2024 Tata hái lộc 200K... Ngoài các mệnh giá hấp dẫn - từ polime tiền Việt đến tiền đô-la được dàn người đẹp lần lượt ""gỡ phong ấn"" thì Hoa hậu Ngọc Châu lại bất lực khi trúng ngay mệnh giá thấp nhất - 1000 đồng. Á hậu Mook tổ chức hái lộc đầu năm cho dàn người đẹp. Nguồn clip: Mook Karnruethai Tassabut Trước khoảnh khắc ""xu cà na"" của Ngọc Châu, người đẹp Thái Lan chỉ biết nằm dài xin lỗi và vội bù đắp bằng một phong bao lì xì đỏ. Sau đó, Á hậu Mook còn mạnh tay lì xì cho cả ê-kíp, khiến bầu không khí cực náo nhiệt. Tuy nhiên, khi đến lượt bản thân ""thu hồi vốn"", netizen chỉ biết cười trừ vì ""đường tài lộc"" của nàng Á hậu quá lận đận. Dù cầu nguyện, ""phù phép"", lựa chọn đủ tư thế, ""bàn tay thúi"" của Mook chỉ toàn khui ra những mệnh giá thấp nhất: 10K, 20K... Mook ""đau đớn, gục ngã"" vì liên tục khui trúng ""sít-rịt"". Nguồn clip: Mook Karnruethai Tassabut Fan hóm hỉnh để lại bình luận an ủi Mook: ""Khấn quá trời mà có vẻ không linh nghiệm bà Mook ơi"", ""Ai biểu khấn tiếng Thái, khấn tiếng Việt là hên rồi"", ""Không sao. Người Việt Nam có câu ""đen bạc đỏ tình"", năm này chắc chắn bé sẽ gặp may mắn trong đường tình duyên""... Mook Karnruethai Tassabut - người đẹp đến từ Thái Lan đạt danh hiệu Á hậu Miss Cosmo 2024 khi 29 tuổi. Cô tốt nghiệp khoa nghệ thuật tại trường Đại học Silpakorn, từng làm cố vấn sắc đẹp và thành viên phi hành đoàn cho một hãng hàng không Trung Đông trong thời gian 4 năm. Hiện tại, Mook là một MC song ngữ, người mẫu. Kể từ khi hoạt động ở ""cương vị mới"", người đẹp xứ Chùa vàng ghi điểm bởi sự hoạt ngôn, luôn giữ nguồn năng lượng tích cực, hài hước mỗi khi xuất hiện trước công chúng. Đăng quang Miss Cosmo 2025, người đẹp Yolina Lindquist hòa nhập rất nhanh cùng văn hóa Việt. Tại rất nhiều sự kiện gần đây, nàng hậu lựa chọn áo dài,... Nguồn: [Link nguồn]Nguồn: [Link nguồn]"
02e865bb4cbf84b88ce9d1aea24c0d59,Quá khứ bị miệt thị của hoa hậu Việt lọt đề cử 100 gương mặt đẹp nhất thế giới,2026-02-25T18:00:00+00:00,24h,https://www.24h.com.vn/thoi-trang/qua-khu-bi-miet-thi-cua-hoa-hau-viet-lot-de-cu-100-guong-mat-dep-nhat-the-gioi-c78a1740047.html,vi,thoi-trang,top 100 gương mặt đẹp nhất thế giới|Đoàn Thiên Ân|hoa hậu thiên ân,,"Lưu bài viết thành công Bạn có thể xem lại bài viết đã lưu ở trangTin bài đã lưu Hoa hậu Đoàn Thiên Ân vừa được chuyên trang sắc đẹp quốc tế TC Candler đề cử vào danh sách Top 100 gương mặt đẹp nhất thế giới năm 2026. Trong những đề cử vừa công bố, Thiên Ân xuất hiện cùng nhiều ngôi sao quốc tế như diễn viên, người mẫu Ấn Độ Pooja Hegde, diễn viên Philippines Angela Muji hay Tsuki - thành viên nhóm nhạc Kpop Billlie… Đây cũng là lần đầu tiên Đoàn Thiên Ân được đề cử trong 100 gương mặt đẹp nhất thế giới. Đoàn Thiên Ân lọt đề cử Top 100 gương mặt đẹp nhất thế giới. Đoàn Thiên Ân sinh năm 2000, được yêu mến sau khi đăng quang Miss Grand Vietnam 2022. Sau đó, người đẹp đại diện Việt Nam tham gia Miss Grand International và lọt Top 20 chung cuộc. Ít ai biết, Đoàn Thiên Ân từng là nạn nhân của miệt thị ngoại hình khi phải hứng chịu nhiều lời chê bài trước khi bước vào showbiz. Vì lẽ đó, việc cô góp mặt trong Top 100 gương mặt đẹp nhất thế giới 2026 khiến nhiều người chú ý. Thiên Ân từng chia sẻ có giai đoạn cân nặng của cô chạm mốc 75kg, con số khiến cô trở thành tâm điểm của những lời chê bai. Không chỉ áp lực về cân nặng, nàng hậu còn đối mặt với tình trạng rạn da vì tăng giảm cân quá nhanh. Những khuyết điểm này từng khiến cô tự ti, thu mình và ngần ngại bước ra khỏi vùng an toàn. Tuy nhiên, bằng sự kiên trì và nỗ lực thay đổi bản thân, Thiên Ân dần lấy lại sự tự tin và khẳng định hình ảnh ngày càng thăng hạng của mình. Thiên Ân từng trải qua thời gian bị miệt thị ngoại hình. ""Do giảm cân nhanh quá, tôi bị rạn da ở vùng ngực. Tôi từng tự ti với khuyết điểm của bản thân, không dám đi thi. Sau đó được mọi người xung quanh động viên, tôi quyết định tham gia Miss Grand Vietnam để thoát khỏi vùng an toàn. Sau vòng sơ khảo, tôi cũng nhận được những bình luận chưa tích cực về vóc dáng. Do đó, tôi muốn nhắn nhủ mọi người - những ai đang bị body shaming, hãy yêu bản thân"", nàng hậu từng nói. Bên cạnh đó, Thiên Ân cũng là nàng hậu có hoàn cảnh rất đặc biệt. Thậm chí, ""bà trùm hoa hậu"" Kim Dung còn đặt cho cô danh xưng ""Hoa hậu nghèo nhất Việt Nam"". Được biết, Thiên Ân là chỗ dựa tinh thần cho bố khi mẹ qua đời. Trước đây hai bố con ở trọ chung nhưng hai năm nay, cô ra sống riêng trong một phòng trọ ở TP Thủ Đức để tiện đi học, làm thêm cho một tiệm kính mắt. Sau khi trở thành hoa hậu, cuộc sống của Thiên Ân đã bước sang một trang mới. Người đẹp lựa chọn hướng hoạt động đa năng trong showbiz. Cô đảm nhiệm vai trò vedette cho nhiều bộ sưu tập của các nhà thiết kế trong nước, đồng thời tích cực tham gia các chương trình truyền hình thực tế. Vóc dáng nóng bỏng của Đoàn Thiên Ân hiện tại. Bên cạnh các hoạt động người mẫu, Thiên Ân còn theo đuổi lĩnh vực điện ảnh. Cô tham gia hai dự án đáng chú ý là Công tử Bạc Liêu của đạo diễn Lý Minh Thắng và Nụ hôn bạc tỷ do Thu Trang đạo diễn. Nhan sắc của Thiên Ân sau 4 năm đăng quang cũng được đánh giá ngày càng mặn mà. Ở tuổi 26, cô vẫn là một trong những nàng hậu tạo được dấu ấn riêng trong làng giải trí. Danh sách Top 100 gương mặt đẹp nhất thế giới được TC Candler công bố thường niên từ năm 1990 và nhận được sự quan tâm lớn của người hâm mộ trên toàn cầu. Bảng xếp hạng không chỉ dựa trên độ nổi tiếng mà còn xem xét nhiều yếu tố như thần thái, cá tính và sức ảnh hưởng của các ứng viên. Việt Nam từng có một số người đẹp được công bố tại danh sách này như Trương Tri Trúc Diễm (hạng 67 năm 2014) hay Thảo Nhi Lê (lọt top các năm 2020-2021). Hoa hậu Kỳ Duyên, Thiên Ân lọt vào đề cử top 100 gương mặt đẹp nhất thế giới năm 2026 do TC Candler bình chọn. Trước đó, Lê Huỳnh Thúy Ngân, Ninh... Nguồn: [Link nguồn]Nguồn: [Link nguồn]"
fd78736b27d3a38d74a3c72d2060453d,"Lệ Quyên, Hà Kiều Anh cùng diện cardigan xa xỉ trăm triệu đồng",2026-02-25T12:30:00+00:00,24h,https://www.24h.com.vn/thoi-trang/le-quyen-ha-kieu-anh-cung-dien-cardigan-xa-xi-tram-trieu-dong-c78a1740046.html,vi,thoi-trang,Lệ Quyên|Hà Kiều Anh|đụng hàng|sao Việt đụng hàng|Chanel,,"Lưu bài viết thành công Bạn có thể xem lại bài viết đã lưu ở trangTin bài đã lưu Lệ Quyên lên đồ nổi bật trong chuyến du xuân cùng bạn trai. Nữ ca sĩ phối hai màu đỏ - be với cardigan Chanel bên ngoài bodysuit ôm sát. Được giới thiệu lần đầu trong bộ sưu tập Cruise 2020, thiết kế cardigan dáng dài với chất liệu cashmere của Chanel có giá bán khoảng 5.500USD(xấp xỉ 150 triệu đồng). Lệ Quyên kết hợp chiếc áo xa xỉ cùng vòng cổ chuỗi đính kim cương, tạo tổng thể sang trọng. Mẫu áo dáng dài cũng được Hà Kiều Anh chọn mặc khi đi chơi cùng con gái. Hoa hậu phối mẫu áo khoác trăm triệu đồng cùng áo hai dây ren và chân váy ngắn, đi cùng boots cao đến bắp chân. Trang phục giúp Hà Kiều Anh khoe đôi chân thon. Từ khi ra mắt, chiếc cardigan của Chanel được lòng nhiều tín đồ thời trang. Mẫu áo từng được siêu mẫu Liu Wen và ca sĩ Jennie nhóm Blackpink chọn mặc, với những cách mix-match khác biệt. 7 năm trước, Chi Pu cũng sử dụng mẫu áo phiên bản dáng ngắn. Cô mix sơ mi và quần jeans ống loe phong cách tối giản. Đón Tết Bính Ngọ 2026, nhiều sao Việt như Lệ Quyên, Thanh Hằng, Kỳ Duyên bổ sung vào tủ đồ loạt hàng hiệu xa xỉ. Nguồn: [Link nguồn]Nguồn: [Link nguồn]"
3f10de6ace495357a44baaa1de35c753,Sao Việt theo đuổi mốt áo thôn quê,2026-02-25T11:00:00+00:00,24h,https://www.24h.com.vn/thoi-trang/sao-viet-theo-duoi-mot-ao-thon-que-c78a1739954.html,vi,thoi-trang,Sao Việt|mốt áo thôn quê,,"Lưu bài viết thành công Bạn có thể xem lại bài viết đã lưu ở trangTin bài đã lưu Hôm 21/2 (mùng 5 Tết), người mẫu Tuyết Lan chia sẻ loạt ảnh đón xuân bên người thân. Cô chọn bộ áo bà ba màu vàng kết hợp giày mũi nhọn cùng tông. Năm nay, bên cạnh áo dài, áo bà ba trở thành xu hướng hot được nhiều thương hiệu địa phương lăng xê. Thiết kế vốn là trang phục của người lao động ở vùng nông thôn miền Nam, nay được nhiều người chọn mặc đi chơi Tết vì thoải mái, thuận tiện trong các hoạt động. Ngoài Midu và Tuyết Lan, Hoa hậu Lương Thùy Linh cũng sắm bộ áo màu hồng kết hợp túi Goyard. Phương Mỹ Chi trong bộ áo lụa màu champagne, phối dây chuyền nhiều lớp và cặp kính hippie. Hoa hậu Thanh Thủy phối trang phục cùng quạt giấy. Năm nay, áo bà ba được cách tân với nhiều mẫu mã đa dạng như tay loe, tay bồng, thân hai mảnh cài cúc lệch, áo rộng bỏ chít eo. Thay vì vải lanh, sợi bông truyền thống, nhiều nơi hiện nay làm từ lụa pha polyester, gấm. Trước Tết một tháng, các cửa hàng ở Hà Nội và TP HCM mở bán với giá dao động từ 900.000 đến 1,8 triệu đồng một bộ tùy chất lượng. Hai hoa hậu Hà Kiều Anh và Đặng Thu Thảo rủ nhau diện áo bà ba, gói bánh chưng đón Tết. Hà Kiều Anh cho biết cô thích mặc áo dài và áo bà ba trong dịp Tết vì trang phục mang ý nghĩa truyền thống và tạo cảm giác thoải mái. Cô mặc chúng khi đi lễ chùa, thăm họ hàng. Hòa theo xu hướng còn có Hoa hậu Phương Khánh. Để tạo khác biệt, cô phối áo xanh cùng quần lụa vàng thay vì diện cả bộ đồng màu. Hoa hậu Đoàn Thiên Ân lưu lại kỷ niệm Tết 2026. Minh Hằng và con trai cùng chọn áo xanh tham gia các hoạt động đầu xuân như gói bánh chưng, làm bánh nếp. Hoa hậu Ý Nhi khoe vẻ dịu dàng với áo xanh bạc hà. Thiết kế màu vàng bơ được Á hậu Phương Anh kết hợp túi Chanel hồng pastel. Diễn viên Midu diện trang phục tương tự, xách túi Bottega Veneta xa xỉ khi cùng chồng về quê ăn Tết. Người mẫu Ngọc Quyên sưu tập nhiều mẫu áo dài, từ cổ điển đến cách tân, để diện trong dịp Tết Nguyên đán tại Mỹ. Nguồn: [Link nguồn]Nguồn: [Link nguồn]"
440542b95c251f66c7acf1a12e199d72,Ngoại hình Á hậu Vân Nhi khi tăng 6 kg,2026-02-25T09:00:00+00:00,24h,https://www.24h.com.vn/thoi-trang/ngoai-hinh-a-hau-van-nhi-khi-tang-6-kg-c78a1739465.html,vi,thoi-trang,Á hậu Vân Nhi|Hoa hậu Việt Nam|Chuyện tình khâu vai,,"Lưu bài viết thành công Bạn có thể xem lại bài viết đã lưu ở trangTin bài đã lưu Trong cuộc trò chuyện đầu năm với báo Tiền Phong , Á hậu Vân Nhi cho biết cô cảm ơn năm 2025 vì đã cho mình những trải nghiệm đáng giá, đặc biệt là giành danh hiệu Á hậu 2 Hoa hậu Việt Nam 2024. Theo Vân Nhi, danh hiệu á hậu đã thay đổi cô theo hướng tích cực, mang lại cho người đẹp nhiều cơ hội quý báu để phát triển bản thân. Sau cuộc thi, Vân Nhi đã đề nghị với công ty quản lý về mong muốn được trải nghiệm ở những lĩnh vực mới. Vì vậy, ngay khi đọc được thông báo casting của bộ phim Chuyện tình khâu vai , cô đã đến tham gia casting. Đây là lần đầu Vân Nhi tham gia casting phim và phải thực hành diễn xuất trực tiếp. “Ngay trong cảnh đầu tiên, đạo diễn yêu cầu tôi phải khóc. Đạo diễn nói đây là phân đoạn hay nhất của phim. Khó khăn lớn nhất trong buổi casting là tôi phải thực hiện cảnh ôm một diễn viên nam và thể hiện tình cảm như một cặp đôi trải qua nhiều sóng gió mới đến được với nhau”, cô chia sẻ. Vân Nhi nói cô ngại khi phải thể hiện cảnh tình yêu nam nữ với một bạn diễn hoàn toàn xa lạ. “Tuy nhiên, bạn diễn của tôi là diễn viên từng đóng nhiều phim, có kinh nghiệm, nên đã động viên và hướng dẫn tôi hoàn thành tốt cảnh này. Sau đó, tôi cố gắng tưởng tượng ra nhân vật nhưng vẫn thấy xấu hổ”, người đẹp chia sẻ. Sau khi vượt qua vòng casting và được nhận vai, đạo diễn đã sắp xếp cho Vân Nhi tham gia những buổi học diễn xuất với diễn viên Nguyệt Hằng. “Chị Nguyệt Hằng có nhiều kinh nghiệm, giúp tôi nhận ra rằng công việc diễn viên không hề đơn giản”, cô nói. Thời gian đóng phim kéo dài hơn một tháng ở những nơi có bối cảnh sông, núi, không có sóng điện thoại nên Vân Nhi phải hoàn toàn tập trung vào nhân vật. “Đạo diễn nói rằng tôi nên tập trung cho vai diễn, không nên sử dụng điện thoại trong quá trình quay phim. Tôi đã cố gắng không lướt mạng xã hội, không liên lạc với bạn bè. Nhiều bạn bè còn trêu rằng tôi mất tích mấy tháng trời”, cô chia sẻ. Do ở giữa núi rừng, đi ngủ sớm và ăn uống đầy đủ trong vòng một tháng nên Vân Nhi đã tăng 6 kg. Dù vậy, cô thấy vóc dáng không có nhiều thay đổi so với trước đây. ""Có lẽ do việc quay phim liên tục rất vất vả nên khiến tôi tiêu hao nhiều năng lượng, không bị béo lên"", cô nói. Trong một cảnh quay trên núi đá ở Sơn Tây, Vân Nhi bất ngờ bị ngất. “Tôi cứ lịm dần đi, lúc tỉnh dậy đã thấy ê-kíp đang đỡ dậy, cho uống nước gừng, ăn kẹo. Có lẽ do tôi không quen với thời tiết lạnh và mệt vì lịch trình quay dày đặc. Trong cảnh quay cuối cùng ở Hà Giang, dù trời lạnh 4 độ C nhưng tôi chỉ được mặc một chiếc áo mỏng. Mỗi khi đạo diễn hô cắt thì ê-kíp lại trùm cho tôi rất nhiều áo và khăn. Những kỷ niệm như vậy rất đáng nhớ”, Vân Nhi nhớ lại. Trong quá trình quay phim, những cảnh khóc là thử thách với Vân Nhi. Cô chia sẻ: “Có những cảnh khóc tôi phải quay cả ngày, diễn lại 10 lần. Có những lúc không khóc được nữa vì cảm xúc đã chai sạn. Khi đó, đoàn phim làm đủ mọi cách để tôi lấy lại cảm xúc. Khi mình ngồi đấy lấy cảm xúc còn cả đoàn phim ngồi chờ, tôi rất áp lực”. Để giúp Vân Nhi hoàn thành cảnh quay, diễn viên Nguyệt Hằng đã nói rằng đây là cảnh quay cuối và từ ngày mai cả đoàn phim sẽ không được gặp nhau nữa. ""Nghe vậy, tôi bất ngờ òa khóc. Tôi thấy xúc động vì nhớ những kỷ niệm cùng đoàn làm phim”, cô nói. Sau Chuyện tình khâu vai , Vân Nhi mong muốn trong 2026 tiếp tục được thử sức ở lĩnh vực diễn xuất nếu có cơ hội. Cô cũng ấp ủ nhiều dự định trong năm mới bên cạnh việc tập trung hoàn thành nhiệm kỳ á hậu. Á hậu Việt Nam 2024 Nguyễn Thị Vân Nhi cho biết bố mẹ cùng người thân cổ vũ nhiệt tình suốt nửa năm cô tranh tài và mở tiệc ăn mừng cả tuần sau chung... Nguồn: [Link nguồn]Nguồn: [Link nguồn]"
652c3cebd1a35cbedccc54502c08ac6a,Trần Tiểu Vy gây chú ý sau kỳ nghỉ Tết dài bên bố mẹ,2026-02-25T07:00:00+00:00,24h,https://www.24h.com.vn/thoi-trang/tran-tieu-vy-gay-chu-y-sau-ky-nghi-tet-dai-ben-bo-me-c78a1739959.html,vi,thoi-trang,Trần Tiểu Vy|Tết 2026|hoa hậu Việt Nam|gia đình Trần Tiểu Vy|trở lại công việc|đi làm  sau Tết|Bố mẹ Trần Tiểu Vy,,"Lưu bài viết thành công Bạn có thể xem lại bài viết đã lưu ở trangTin bài đã lưu Sau 9 ngày nghỉ Tết Nguyên Đán Bính Ngọ 2026, Trần Tiểu Vy cùng nhiều sao Việt trở lại bận rộn với công việc đầu năm. Mới đây, nàng hậu chia sẻ hình ảnh có phần ""uể oải"" trong ngày đầu đi làm trở lại: ""Vẫn chưa quen với việc đi làm lại lắm"". Bài đăng của Trần Tiểu Vy khiến fan thích thú vì có thể nói đây là tâm trạng chung của rất nhiều người sau những ngày nghỉ Tết dài bên gia đình, người thân. Trần Tiểu Vy bắt đầu trở lại với những dự án trong năm 2026. Biểu cảm của nàng hậu trong ngày đầu đi làm sau Tết khiến fan thích thú. Trước đó, Trần Tiểu Vy cũng khiến người hâm mộ ngưỡng mộ khi chia sẻ khoảnh khắc sum vầy bên gia đình tại quê nhà Đà Nẵng (Quảng Nam cũ). Sau một năm bận rộn với lịch trình dày đặc, nàng hậu lựa chọn trở về nhà để đón Tết cùng bố mẹ và em trai, tận hưởng trọn vẹn không khí đoàn viên. Trên trang cá nhân, Tiểu Vy hào hứng đăng tải bức ảnh chụp cùng gia đình trước cổng nhà. Trong khung hình giản dị nhưng tràn ngập tiếng cười, cô diện áo yếm kết hợp quần lụa sáng màu và dép bệt, khoe vẻ đẹp trong trẻo, nền nã. Khoảnh khắc bốn thành viên quây quần bên nhau nhanh chóng thu hút sự chú ý từ cộng đồng mạng. Sau một năm bận rộn với lịch trình dày đặc, Trần Tiểu Vy trở về nhà để đón Tết cùng bố mẹ và em trai, tận hưởng trọn vẹn không khí đoàn viên. Không chỉ thế, cô còn hào hứng diện áo dài Tết khoe sắc cùng mẹ. Đây là một dịp hiếm hoi 2 mẹ con Tiểu Vy chung khung hình vì cô phải sống xa nhà trong suốt thời gian qua. Mẹ của nàng hậu tên Huỳnh Thị Thu Trang, sinh sống ở Hội An cùng chồng và con trai nhỏ. Được biết, mẹ của Tiểu Vy bắt đầu trở thành trụ cột gia đình sau khi chồng trở bệnh. Hiện tại, cô Thu Trang đang làm chủ một spa tại Hội An. Dù có công việc riêng khá bận rộn nhưng mẹ Tiểu Vy luôn đồng hành cùng con gái khi nàng hậu cần. Dưới phần bình luận, nhiều khán giả bày tỏ sự yêu mến trước tổ ấm hạnh phúc của nàng hậu. Không ít người nhận xét cả gia đình đều sở hữu ngoại hình nổi bật và nụ cười giống nhau: ""Tính ra Tiểu Vy là một trong những hoa hậu hiếm hoi không can thiệp thẩm mỹ. Nhìn em trai cô ấy thì biết""; ""Cả nhà đều đẹp, cực phẩm quá đi, chúc mừng năm mới""; ""Chúc mừng năm mới! Hy vọng bạn sẽ có một năm mới vui vẻ và thành công""; ""Gia đình bốn nụ cười y chang nhau luôn""… Tiểu Vy khoe ảnh cùng mẹ trong dịp Tết 2026. Kể từ khi đăng quang Hoa hậu Việt Nam năm 2018, Tiểu Vy gần như không có nhiều thời gian ở nhà. Cô liên tục tham gia các hoạt động nghệ thuật, sự kiện, dự án cộng đồng và thử sức ở lĩnh vực điện ảnh. Lịch trình dày đặc khiến nàng hậu thường xuyên xa gia đình. Mỗi dịp có thời gian rảnh, cô luôn cố gắng thu xếp trở về quê thăm bố mẹ, bù đắp những khoảng thời gian xa cách. Cách đây vài năm, Trần Tiểu Vy gây bất ngờ khi xây tặng bố mẹ một căn nhà mới sau 5 năm đăng quang. Cô từng xúc động chia sẻ về món quà này: ""Gia đình luôn là động lực lớn nhất để Vy chăm chỉ làm việc trong suốt 5 năm qua. Lần về quê này, Vy về cùng ngôi nhà mới, một món quà dành tặng cho ba mẹ. Mọi người sẽ luôn là động lực để con chăm chỉ làm việc và cố gắng cống hiến những gì tốt đẹp nhất"". Trần Tiểu Vysinh năm 2000, đến từ Hội An. Cô đăng quang Hoa hậu Việt Nam 2018 khi vừa tròn 18 tuổi và sở hữu gương mặt tỉ lệ vàng. Sau nhiều năm hoạt động trong làng giải trí, nàng hậu ghi dấu ấn không chỉ ở sân chơi nhan sắc, sàn diễn thời trang, đóng MV mà đã lấn sân điện ảnh trong 1 số phim đình đám như: Đảo độc đắc - Tử mẫu Thiên linh cái, Mai, Bộ tứ báo thủ. Sau khi cư dân mạng nghi ngờ hoa hậu Trần Tiểu Vy quảng cáo cho web cá độ, chính chủ lên tiếng. Nguồn: [Link nguồn]Nguồn: [Link nguồn]"
2a7ecb576c7d6062d2a23bffe6218546,Nữ diễn viên phim Sex Education lọt Top mặc đẹp nhất BAFTA 2026,2026-02-25T05:00:00+00:00,24h,https://www.24h.com.vn/thoi-trang/nu-dien-vien-phim-sex-education-lot-top-mac-dep-nhat-bafta-2026-c78a1739852.html,vi,thoi-trang,phim Sex Education,,"Lưu bài viết thành công Bạn có thể xem lại bài viết đã lưu ở trangTin bài đã lưu Trên thảm đỏ Lễ trao giải Điện ảnh Viện Hàn lâm Anh Quốc lần thứ 79 (BAFTA 2026), nữ diễn viên trẻ Aimee Lou Wood (phim ""Sex Education"") đã thu hút mọi ánh nhìn khi xuất hiện đầy quyến rũ trong chiếc váy hoa màu hồng được may đo hoàn hảo. Thiết kế này gây ấn tượng với phần thân trên có gọng và dây đeo thanh mảnh mang hơi hướng phong cách Hy Lạp, giúp tôn lên vẻ gợi cảm của ngôi sao 32 tuổi. Cô khéo léo chọn kiểu tóc búi gọn, điểm xuyết bằng đôi bông tai kim cương và màu son đỏ tươi để hoàn thiện diện mạo sang trọng của mình. Nhiều tờ báo đã bình chọn Aimee Lou Wood vào Top sao mặc đẹp nhất thảm đỏ nhờ sự phá cách trong việc lựa chọn tông màu hồng khác biệt thay vì những màu sắc cổ điển, quen thuộc đen - trắng - đỏ. Aimee Lou Wood trên thảm đỏ BAFTA 2026 (Ảnh: AP). Đáng chú ý, đây là lần xuất hiện chung hiếm hoi của Aimee Lou Wood cùng bạn trai Adam Long trên thảm đỏ kể từ khi cả hai nảy sinh tình cảm trên phim trường Film Club vào cuối năm 2024. Adam Long cũng cho thấy gu thời trang lịch lãm khi diện bộ tuxedo đen cổ điển kết hợp cùng nơ cổ và áo sơ mi trắng tinh khôi. Aimee Lou Wood và bạn trai Adam Long xuất hiện trên thảm đỏ (Ảnh: British Vogue) Một ngôi sao khác từ phim ""Sex Education"" - Gillian Anderson cũng có mặt tại sự kiện và gây ấn tượng mạnh với trang phục có họa tiết độc đáo. Aimee Lou Wood là một trong hai khách mời trao giải thưởng ở hạng mục Rising Star. Năm 2026, người chiến thắng là Robert Aramayo, anh cũng là người thắng giải Nam diễn viên chính xuất sắc nhất. Aimee Lou Wood là một trong hai khách mời trao giải thưởng ở hạng mục Rising Star. (Ảnh: AP) Trong series đình đám ""Sex Education"" của Netflix, Aimee Lou Wood hóa thân thành Aimee Gibbs - một nữ sinh thông minh, hồn nhiên và giàu năng lượng tích cực, nhưng cũng mang trong mình những vết thương tâm lý sâu kín. Nhân vật Aimee vừa đem đến nhiều tiếng cười bởi sự ngây thơ, vui tính, vừa để lại dư âm xúc động khi khán giả nhìn thấy quá trình cô đối diện với nỗi đau và học cách yêu thương chính bản thân. Nữ diễn viên Aimee Lou Wood nổi danh nhờ góp mặt trong bộ phim ""Sex Education"". Kể từ sau khi gây tiếng vang lớn với bộ phim giáo dục giới tính học đường Sex Education, Aimee Lou Wood là một trong những ngôi sao trẻ được săn đón. Cô đã có vai diễn thành công, được đề cử giải thưởng Emmy 2025 hạng mục Nữ diễn viên phụ xuất sắc nhất trong mùa 3 The White Lotus. Mỹ Lisa nhóm Blackpink diện váy xuyên thấu khoe nét ngọt ngào trên thảm đỏ lễ trao giải điện ảnh Golden Globes lần thứ 83. Nguồn: [Link nguồn]Nguồn: [Link nguồn]"
899dd4ecc5c404830077f4814a9607fe,Con gái HHen Niê khiến Á hậu Thủy Tiên tan chảy,2026-02-25T03:00:00+00:00,24h,https://www.24h.com.vn/thoi-trang/con-gai-hhen-nie-khien-a-hau-thuy-tien-tan-chay-c78a1739685.html,vi,thoi-trang,HHen Niê|Á hậu Thủy Tiên|con gái HHen Niê|khoảnh khắc đáng yêu|tình bạn Hoa Á hậu,,"Lưu bài viết thành công Bạn có thể xem lại bài viết đã lưu ở trangTin bài đã lưu Mới đây, Á hậu Huỳnh Phạm Thủy Tiên đã gây chú ý khi chia sẻ loạt khoảnh khắc đời thường khi cùng Á hậu Lệ Hằng và Kim Duyên ghé thăm nhà của H'Hen Niê. Không chỉ đơn thuần là buổi gặp gỡ đầu năm của ""hội chị em hoàn vũ"" mà điều khiến nhiều fan quan tâm là biểu cảm đáng yêu của bé Harley - con gái H'Hen Niê. Trong loạt ảnh được đăng tải, bé Harley nhà H'Hen Niê xuất hiện với vẻ ngoài đáng yêu, liên tục nở nụ cười khiến Á hậu Thủy Tiên thích thú tuyên bố: ""Công chúa Harley của mẹ H'Hen Niê cười là làm 3 dì tan chảy"". Dàn người đẹp Miss Universe ""tan chảy"" với biểu cảm của con gái H'Hen Niê. Khoảnh khắc đời thường của các nàng hậu trong dịp Tết nhanh chóng thu hút sự quan tâm của nhiều fan sắc đẹp. Đa số là bình luận bày tỏ sự thích thú trước sự gắn bó thân thiết của dàn Hoa - Á hậu đình đám, đồng thời gửi lời chúc năm mới an lành đến gia đình H'Hen Niê. Trước đó, dịp trước Tết Nguyên Đán, ""hội chị em hoàn vũ"" - người đẹp đi ra từ cuộc thi Miss Universe qua các năm - gồm: Hoa hậu H'Hen Niê, Á hậu Lệ Hằng, Á hậu Kim Duyên, Á hậu Thủy Tiên cũng từng khiến fan thích thú khi đăng tải bộ ảnh diện áo dài Tết vô cùng nhí nhảnh. Dàn người đẹp Miss Universe dù bận rộn cuộc sống riêng nhưng vẫn giữ mối quan hệ gắn bó, tương tác với nhau qua mạng xã hội. Biểu cảm đáng yêu của con gái H'Hen Niê Trong số 4 người đẹp, H'Hen Niê là một trong những gương mặt thành công nhất sau khi đăng quang, không chỉ ở danh hiệu mà còn ở sức ảnh hưởng xã hội. Cô ghi điểm với hình ảnh truyền cảm hứng, tích cực tham gia các hoạt động cộng đồng và giữ được sức hút bền bỉ sau nhiều năm đăng quang. Trong khi đó, Á hậu Lệ Hằng lại tập trung phát triển sự nghiệp người mẫu, xây dựng hình ảnh cá tính, chuyên nghiệp và ổn định trong làng nhan sắc Việt. Kim Duyên được đánh giá cao nhờ sự năng động và khả năng thích nghi tốt với nhiều vai trò, từ người mẫu đến kinh doanh. Trong khi đó, Thủy Tiên tạo dấu ấn với phong cách trẻ trung, hiện đại, từng bước khẳng định vị trí riêng thay vì chỉ gắn liền với danh hiệu Á hậu. Dù mỗi người theo đuổi một con đường khác nhau, điểm chung dễ nhận thấy là 4 người đẹp đều duy trì mối quan hệ tốt đẹp, sẵn sàng đồng hành và ủng hộ nhau trong cuộc sống lẫn sự nghiệp. Từ khi con gái Harley chào đời, H'Hen Niê dành phần lớn thời gian ở nhà chăm sóc em bé, chỉ xuất hiện trong một số sự kiện và chuyển sang phong cách... Nguồn: [Link nguồn]Nguồn: [Link nguồn]"
8d958807903aeacefd13d8aac7e358cc,Á hậu Hoàn vũ mang bầu lần 2 với Marc Anthony,2026-02-25T00:50:08+00:00,24h,https://www.24h.com.vn/thoi-trang/a-hau-hoan-vu-mang-bau-lan-2-voi-marc-anthony-c78a1739798.html,vi,thoi-trang,Á hậu Hoàn vũ|Marc Anthony|Hoa hậu Hoàn vũ|Miss Universe,,"Lưu bài viết thành công Bạn có thể xem lại bài viết đã lưu ở trangTin bài đã lưu Nadia Ferreira đảm nhận vai trò một trong những MC của lễ trao giải âm nhạc Latinh lâu đời, uy tín Premio Lo Nuestro. Khi xuất hiện trên thảm đỏ, cô gây bất ngờ khi khoe bụng bầu duyên dáng. Đây là con thứ 2 của Nadia Ferreira với siêu sao nhạc Latinh - Marc Anthony. Trong khi đó, đây là đứa con thứ 8 của nam ca sĩ. Đảm nhận vai trò MC, Nadia Ferreira được chồng hộ tống và chăm sóc kỹ càng trong hậu trường. Cả hai thể hiện những cử chỉ tình cảm. Nhiều người đoán Nadia Ferreira đang ở tháng thứ 5, 6 của thai kỳ. Nadia Ferreira khoe bụng bầu lần 2 bên chồng. Đồng hành cùng Nadia Ferreira trong vai trò MC là Clarissa Molina (Top 10 Hoa hậu Hoàn vũ 2015) và Thalía (nữ diễn viên truyền hình có thù lao cao nhất lịch sử Mexico). Nadia Ferreira thay nhiều bộ váy áo lộng lẫy trong đêm trao giải. Nhan sắc của người đẹp khi mang bầu lần 2 nhận nhiều lời khen ngợi. Đây là lần đầu Nadia Ferreira xuất hiện trước công chúng kể từ khi mang bầu. Cô công bố mang thai lần hai hôm 28/1. ""Cuộc sống đã ban tặng cho chúng tôi một món quà tuyệt vời. Marquito sắp trở thành anh trai rồi"", cô viết. Trước đó, Nadia Ferreira và Marc Anthony đối diện tin đồn tan vỡ dù vẫn xuất hiện cùng nhau. Nhiều trang tin cho biết tình cảm của cặp đôi rạn nứt và thậm chí họ đã chia tay trong êm đẹp. Đối diện tin đồn, cả hai đều chọn cách im lặng. Nadia Ferreira và Marc Anthony gặp nhau lần đầu vào năm 2016 khi Marc Anthony sang Paraguay biểu diễn. Tháng 5/2022, sau hai tháng công khai tình yêu, cặp sao đính hôn tại Miami, Mỹ. Chuyện tình của họ gây chú ý vì Marc Anthony hơn Nadia Ferreira tới 31 tuổi. Marc Anthony sinh năm 1968, đã trải qua ba cuộc hôn nhân với Hoa hậu Hoàn vũ 1993 Dayanara Torres, ca sĩ Jennifer Lopez, người mẫu Shannon De Lima. Nam ca sĩ có tổng cộng 7 người con. Việc kết hôn với Marc Anthony được cho là giúp sự nghiệp của Nadia Ferreira bước lên tầm cao mới, tuy nhiên cũng mang lại cho người đẹp nhiều điều tiếng. Nadia Ferreira thường xuyên bị fan chỉ trích là dựa hơi chồng nổi tiếng. Năm 2023, Nadia Ferreira bị công chúng chỉ trích khi được ngồi ghế giám khảo chung kết Hoa hậu Hoàn vũ tổ chức ở El Salvador. Cư dân mạng cho rằng Nadia Ferreira cố tình đánh trượt người đẹp Cộng hòa Dominica - Mariana Downing vì là người yêu cũ của Marc Anthony - chồng hiện tại của Nadia Ferreira. Trước những tấn công trên mạng xã hội, Nadia Ferreira đã lên tiếng trên một kênh truyền hình Latinh. Nadia Ferreira cho biết cô chỉ tham gia chấm thi các vòng còn lại tại đêm chung kết. Chính vì thế, cô không có khả năng tác động tới việc Mariana Downing có được vào top 20 hay không. Dù gặp nhiều thị phi, Nadia Ferreira và Marc Anthony vẫn đồng hành cùng nhau trong nhiều sự kiện. Người đẹp thường xuyên chia sẻ hình ảnh hạnh phúc bên chồng, con trên trang cá nhân có hơn 3,7 triệu người theo dõi. Trong nhiều năm qua, Nadia Ferreira duy trì được sức hút của mình. Cô liên tục trúng quảng cáo lớn, làm gương mặt đại diện cho nhiều thương hiệu và xuất hiện trong nhiều chiến dịch truyền thông. Nadia Ferreira đứng thứ 60 trong cuộc bình chọn Top 100 gương mặt đẹp nhất thế giới 2025. Đây là năm thứ tư liên tiếp cô nhận được đề cử của TC Candler. Hành động của Ahtisa Manalo - Á hậu 3 Hoa hậu Hoàn vũ 2025 trong hoạt động tại quê nhà Philippines đang gây nhiều tranh luận trên mạng xã hội. Nguồn: [Link nguồn]Nguồn: [Link nguồn]"
e5ecd9b00bd39e484a40e7a0c653c34a,Bộ sưu tập áo dài họa tiết ngựa của Đức Phúc,2026-02-24T23:00:00+00:00,24h,https://www.24h.com.vn/thoi-trang/bo-suu-tap-ao-dai-hoa-tiet-ngua-cua-duc-phuc-c78a1739758.html,vi,thoi-trang,Bộ sưu tập áo dài họa tiết ngựa|Đức Phúc,,"Lưu bài viết thành công Bạn có thể xem lại bài viết đã lưu ở trangTin bài đã lưu Ca sĩ đón Tết Bính Ngọ cùng gia đình và các đồng nghiệp thân thiết như Hòa Minzy, Erik. Khi dạo chơi, Đức Phúc chọn mặc áo dài để phù hợp khung cảnh mùa xuân. Đức Phúc tạo dáng với áo dài hình ảnh ngựa in trên tà, phủ ngoài là một lớp lưới. Ca sĩ cho biết linh vật Bính Ngọ thể hiện sự mạnh mẽ, luôn hướng về phía trước. Trong năm mới, anh mong công việc lẫn cuộc sống cá nhân gặp may mắn, như câu chúc của mọi người - mã đáo thành công. Trong 5 tháng qua, sau vô địch Intervision ở Nga, ca sĩ liên tục chạy show, dự sự kiện giải trí. Xuất hiện trên thảm đỏ, Đức Phúc thường chọn áo dài với họa tiết tương tự. Đức Phúc chụp ảnh bên Dương Hoàng Yến tại chương trình nghệ thuật Dưới lá cờ vẻ vang của Đảng hồi tháng 1 tại Sân vận động Mỹ Đình, Hà Nội. Hình ảnh ngựa thường được thêu nổi trên nền vải lụa hoặc gấm. Họa tiết đặt ở phần ngực hoặc phủ khắp thân nhằm tạo điểm nhấn. Trên nhiều sân khấu, Đức Phúc chọn áo dài khi biểu diễn Phù Đổng Thiên Vương - ca khúc từng giúp anh chiến thắng cuộc thi âm nhạc quốc tế. Nhạc phẩm do Hồ Hoài Anh sáng tác, một phần lấy cảm hứng từ truyền thuyết Thánh Gióng cưỡi ngựa bay về trời. Đức Phúc mặc trang phục tôn vinh văn hóa Việt chụp ảnh cùng ngôi sao Alicia Keys tại hậu trường sự kiện hồi tháng 12/2025 ở Hà Nội. Đức Phúc hợp tác nhiều nhà thiết kế để lo trang phục. Êkíp chú trọng chi tiết đi kèm như áo choàng để phù hợp tinh thần bài hát, đồng thời tạo thuận lợi khi ca sĩ di chuyển. Trích màn hát Phù Đổng Thiên Vương của Đức Phúc tại một lễ trao giải hồi tháng 1. Anh biểu diễn tại sự kiện Kpop Super Concert trước hàng chục nghìn khán giả, tháng 11/2025 ở TP HCM. Trang phục do nhà thiết kế Hòa Nguyễn thực hiện với điểm nhấn là hình ảnh ngựa, cây tre đan xen. Bộ đồ từng giúp Đức Phúc tỏa sáng tại Intervision, anh tháo bỏ thắt lưng để tạo sự thoải mái. Màu sắc các bộ áo dài được thay đổi liên tục để không gây nhàm chán. Stylist của ca sĩ cho biết trang phục có phần cách điệu nhưng vẫn phải bám sát tinh thần tôn vinh giá trị truyền thống. Đức Phúc biểu diễn Khát vọng là người Việt tại Thái Nguyên hồi tháng 12/2025. Ca sĩ tên đầy đủ là Nguyễn Đức Phúc, 30 tuổi, quê Hà Nội. Năm 2015, anh là quán quân cuộc thi Giọng hát Việt qua sự dẫn dắt của Mỹ Tâm. Anh có các bản hit như Ánh nắng của anh, Ta còn yêu nhau, Còn yêu đâu ai rời đi, Hơn cả yêu, Người ơi người ở đừng về, Ngày đầu sau chia tay. Năm 2024, Đức Phúc gây chú ý khi tham gia Anh trai say hi mùa đầu tiên, vào đội hình Best Five cuối cùng. Với thành công trong năm 2025, Đức Phúc được vinh danh tại các giải thưởng như Mai Vàng, WeChoice Awards. Ca sĩ Đức Phúc biến hóa hình ảnh liên tục với những bộ cánh bắt mắt trên sân khấu lẫn đời thường. Nguồn: [Link nguồn]Nguồn: [Link nguồn]"
b28d406dd60910df80505f70184667ae,Chiếc quần jeans của Quỳnh Kool gây tranh luận,2026-02-24T18:00:00+00:00,24h,https://www.24h.com.vn/thoi-trang/chiec-quan-jeans-cua-quynh-kool-gay-tranh-luan-c78a1739847.html,vi,thoi-trang,Quỳnh Kool|Bước chân vào đời|quần bò|phim truyền hình|trang phục giáo viên|bước chân vào đời|tranh luận,,"Lưu bài viết thành công Bạn có thể xem lại bài viết đã lưu ở trangTin bài đã lưu Ngay tập đầu lên sóng tối 23/2, bộ phim Bước chân vào đời đã tạo nên luồng ý kiến trái chiều xoay quanh trang phục của nhân vật Thương do Quỳnh Kool đảm nhận. Chỉ một chiếc quần jeans xanh kết hợp sơ mi trắng nhưng lại trở thành “điểm nóng” trên mạng xã hội, khi nhiều khán giả cho rằng đây là lựa chọn thiếu phù hợp với môi trường sư phạm. Theo bối cảnh phim, Thương tốt nghiệp loại Giỏi ngành Sư phạm và vừa được nhận làm giáo viên hợp đồng. Thế nhưng ở cảnh đứng lớp đầu tiên, cô xuất hiện với áo sơ mi sơ vin phía trước, buông nhẹ phía sau, phối cùng quần bò xanh. Tạo hình trẻ trung, năng động này được một bộ phận khán giả khen ngợi là dễ thương, gần gũi, thể hiện hình ảnh cô giáo gen Z hiện đại. Tuy nhiên, số đông lại cho rằng đây là một “sạn” phục trang không đáng có. Trang phục của Quỳnh Kool bị cho là không phù hợp, thậm chí sai quy định ở môi trường sư phạm. Ảnh: Chụp màn hình. Trên các diễn đàn phim, nhiều bình luận bày tỏ sự khó hiểu khi ê-kíp để nhân vật mặc quần jeans trong một buổi học chính khóa. “Trang phục thiếu nghiêm túc”, “Không đúng tác phong nhà giáo”, “Nếu mặc quần tây hoặc áo dài sẽ chuẩn mực hơn”… Thậm chí, có khán giả khẳng định giáo viên “không được phép” mặc quần jeans lên lớp. Thực tế, theo Điều 31 Thông tư 32/2020/TT-BGDĐT, giáo viên phải mặc trang phục chỉnh tề, phù hợp hoạt động sư phạm, theo quy định về trang phục viên chức Nhà nước. Hiện không có văn bản cấm tuyệt đối việc mặc quần jeans trên phạm vi toàn quốc. Tuy nhiên, theo tìm hiểu, đa số trường công lập không khuyến khích giáo viên mặc quần bò khi đứng lớp, đặc biệt ở cấp tiểu học và THCS. Một số nơi quy định rõ nữ giáo viên phải mặc trang phục công sở, không quần jeans, không váy ngắn trên gối, không áo mỏng hoặc trễ cổ. Trong khi đó, các trường THPT, trường tư thục hoặc quốc tế có thể linh hoạt hơn, cho phép jeans tối màu, kiểu dáng đơn giản nếu phối cùng áo lịch sự. Chính sự khác biệt trong thực tế này khiến hình ảnh cô giáo Thương trên sóng truyền hình trở thành chủ đề tranh luận. Ở góc độ sáng tạo, có thể ê-kíp và Quỳnh Kool muốn xây dựng hình ảnh một giáo viên trẻ trung, gần gũi với học sinh, phù hợp tinh thần của bộ phim kể về những người trẻ “bước vào đời” với nhiều chông chênh. Tuy nhiên, khi đặt trong bối cảnh hiện tại - nơi phần lớn trường công lập vẫn giữ quy chuẩn trang phục nghiêm túc - lựa chọn này vô tình tạo cảm giác thiếu chỉn chu, thiếu chuẩn mực. Đáng nói, tranh cãi xuất hiện ngay ở tập mở màn, phần nào làm lu mờ nỗ lực diễn xuất của Quỳnh Kool. Nhiều ý kiến cho rằng cô vào vai khá tròn trịa, có nét tương đồng với những vai diễn trước đó nhưng “chiếc quần bò” lại trở thành chi tiết bị soi nhiều hơn cả. Bước chân vào đời do Nguyễn Danh Dũng đạo diễn, quy tụ dàn diễn viên như Quỳnh Kool, Mạnh Trường, Huỳnh Anh, Ngọc Thủy, Sơn Tùng cùng các nghệ sĩ gạo cội NSND Lan Hương, NSƯT Quách Thu Phương… Phim xoay quanh ba chị em Thương, Trang và Minh sau biến cố gia đình, mỗi người một cách đối diện với đời sống khắc nghiệt nơi phố thị. Quỳnh Kool mới đây tham gia phim 'Gió ngang khoảng trời xanh' đã gây sự chú ý với khán giả. Ngoài diễn xuất trong phim, người hâm mộ còn quan tâm đến... Nguồn: [Link nguồn]Nguồn: [Link nguồn]"
bb31ac228fcd5538164e621395fe48a9,5 smartphone Trung Quốc cấu hình hấp dẫn hơn iPhone 17,2026-02-26T02:29:00+00:00,24h,https://www.24h.com.vn/thoi-trang-hi-tech/5-smartphone-trung-quoc-cau-hinh-hap-dan-hon-iphone-17-c407a1740091.html,vi,hi-tech,iPhone 17|OnePlus 15|Xiaomi 17|Realme GT 8 Pro|Nubia Z80 Ultra|Honor Magic 8 Pro|smartphone|Trung Quốc,,"Lưu bài viết thành công Bạn có thể xem lại bài viết đã lưu ở trangTin bài đã lưu Với giá khởi điểm 24,99 triệu đồng tại Việt Nam, nhiều phiên bản rơi vào tình trạng khan hàng tại một số thị trường lớn đến tận cuối năm 2025. Tuy nhiên, nếu không bị ràng buộc bởi hệ điều hành, người dùng có thể tìm thấy nhiều điện thoại Android Trung Quốc ra mắt từ cuối năm 2025 đến đầu năm 2026 với thông số nổi trội về pin, camera và sạc nhanh. Được bán với giá từ 23,5 triệu đồng cho mẫu RAM 12 GB/256 GB, OnePlus 15 là mẫu smartphone cận cao cấp vô cùng hấp dẫn. Máy dùng chip Snapdragon 8 Elite Gen 5, đạt 3.529 điểm đơn nhân và 10.623 điểm đa nhân trên Geekbench 6, tuy thấp hơn ở đơn nhân nhưng vượt đáng kểiPhone 17ở đa nhân. OnePlus 15 có màn hình 6,78 inch với tần số quét 165 Hz khi chơi game. Hệ thống ba camera 50 MP (góc rộng, siêu rộng, tele) mang lại lợi thế zoom quang so với iPhone 17 không có tele riêng. Camera trước 32 MP cũng có độ phân giải cao hơn. Điểm đáng chú ý trên sản phẩm chính là pin 7.300mAh, sạc có dây 80W và không dây 50W. Thử nghiệm cho thấy máy có thể dùng hơn 2 ngày sau mỗi lần sạc, trong khi iPhone 17 thường trụ 1 ngày với pin 3.692 mAh. Ra mắt cuối tháng 9/2025, Xiaomi 17 có màn hình 6,3 inch tương đương iPhone 17 nhưng độ sáng cao hơn (3.500 nit). Máy bán tại Trung Quốc từ khoảng 649USD(16,97 triệu đồng). Xiaomi 17 dùng cùng nền tảng Snapdragon 8 Elite Gen 5 như OnePlus 15 nhưng đạt 3.714 điểm đơn nhân và 11.196 điểm đa nhân trên Geekbench 6 - những con số nhỉnh hơn iPhone 17. RAM tùy chọn 12 GB hoặc 16 GB, kết hợp bộ nhớ trong tối đa 1 TB. Cụm ba camera 50 MP ở mặt sau của Xiaomi 17 được hỗ trợ bởi ống kính Leica và mang đến khả năng quay video 8K. Pin 7.000 mAh hỗ trợ sạc 100W có dây và 50W không dây, đồng thời hỗ trợ sạc ngược 22,5W. Ra mắt tháng 10/2025, Realme GT 8 Pro sở hữu màn hình 6,79 inch, độ phân giải 3.136 x 1.440 pixel, tần số quét 144 Hz và độ sáng tối đa 7.000 nit. Sản phẩm có giá khởi điểm 999 EUR (khoảng 30,83 triệu đồng) tại Châu Âu. Máy tiếp tục dùng Snapdragon 8 Elite Gen 5 như các sản phẩm nói trên, RAM 12-16 GB và bộ nhớ trong lên đến 1 TB. Điểm nổi bật là hệ thống tản nhiệt buồng hơi lớn và camera tele 200 MP hỗ trợ zoom quang 3x. Pin dung lượng 7.000 mAh hỗ trợ sạc 120W có dây và 50W không dây. Ra mắt tháng 10/2025, Nubia Z80 Ultra gây chú ý với camera selfie 16 MP ẩn dưới màn hình, một giải pháp hiếm gặp trong phân khúc giá mà một smartphone tầm trung mang lại. Nubia Z80 Ultra có màn hình 6,85 inch cho tần số quét 144 Hz, cụm camera sau 50 MP + 50 MP + 64 MP, pin 7.200 mAh và hỗ trợ sạc 80 W (có dây và không dây). Giá khởi điểm tại Mỹ từ 649 USD, tương đương 16,97 triệu đồng. Trình làng cuối 2025 tại Trung Quốc và đầu 2026 tại thị trường quốc tế, Honor Magic 8 Pro có màn hình 6,71 inch với thiết kế “viên thuốc” hỗ trợ nhận diện khuôn mặt 3D mang đến trải nghiệm tương tự Face ID trên iPhone 17. Honor Magic 8 Pro trang bị chip Snapdragon 8 Elite Gen 5, RAM 12-16 GB và tùy chọn bộ nhớ trong lên đến 1 TB. Hệ thống camera gồm ba cảm biến 50 MP và một tele 200 MP (zoom quang 3.7x), tập trung vào chụp đêm và AI. Máy đi kèm pin dung lượng 7.100 mAh (bản Trung Quốc) hoặc 6.270 mAh (bản Châu Âu), hỗ trợ sạc 100W có dây và 80W không dây. Nếu xét riêng hiệu năng, nhiều điện thoại Android Trung Quốc đã tiệm cận hoặc vượt iPhone 17 trong bài đo đa nhân. Tuy nhiên, lợi thế lớn nhất của nhóm này nằm ở pin dung lượng cao, sạc siêu nhanh và hệ thống camera tele độ phân giải lớn. Ở chiều ngược lại, iPhone 17 vẫn giữ thế mạnh về tối ưu phần mềm, hệ sinh thái và khả năng giữ giá. Lựa chọn cuối cùng phụ thuộc vào việc người dùng ưu tiên trải nghiệm iOS ổn định hay phần cứng “khủng” cùng công nghệ sạc và pin vượt trội. Smartphone không chỉ đơn thuần là công cụ để gọi điện và nhắn tin mà còn tích hợp nhiều tính năng quan trọng như ứng dụng ngân hàng và thẻ căn cước. Nguồn: [Link nguồn]Nguồn: [Link nguồn]"
8ea2acd785dce083cd2df4f7301a2acc,So kè thông số của bộ ba Galaxy S26 mới nhất,2026-02-26T01:00:00+00:00,24h,https://www.24h.com.vn/thoi-trang-hi-tech/so-ke-thong-so-cua-bo-ba-galaxy-s26-moi-nhat-c407a1740185.html,vi,hi-tech,Galaxy S26|ra mat Galaxy S26|gia Galaxy S26|Galaxy S26 Ultra|Galaxy S26 Plus|samsung|tin tuc cong nghe|tin tuc 24h,,"Lưu bài viết thành công Bạn có thể xem lại bài viết đã lưu ở trangTin bài đã lưu Nâng cấp lớn nhất trên dòng điện thoại Samsung Galaxy S trong vài năm qua chính là bộ vi xử lý và năm nay còn ấn tượng hơn nữa nhờ chiến lược SoC theo khu vực. Năm nay, dòng Galaxy S26 sẽ có ít những thay đổi phần cứng đáng kể so với thế hệ trước nhưng đi kèm nhiều tính năng phần mềm đáng chú ý. Thêm vào đó, thiết kế của bộ ba flagship năm nay cũng mềm mại hơn với các góc bo tròn. Người dùng cũng có thêm nhiều lựa chọn màu độc quyền khi mua trên trang web của Samsung. Kích thước và trọng lượng 149,6 x 71,7 x 7,2 mm167g 158,4 x 75,8 x 7,3 mm190g 163,6 x 78,1 x 7,9 mm214g Màn hình 6,3 inch, Dynamic AMOLED 2X, độ phân giải 2340 x 1080 pixel, tần số quét 1-120 Hz. Màn hình 6,7 inch, Dynamic AMOLED 2X, độ phân giải 3.120 x 1.440 pixel, tần số quét 120 Hz. Màn hình 6,9 inch, Dynamic AMOLED 2X, độ phân giải 3.120 x 1.440 pixel, tần số quét 120 Hz. Bộ xử lý Samsung Exynos 2600 (2nm) Samsung Exynos 2600 (2nm) Qualcomm Snapdragon 8 Elite Gen 5 dành cho Galaxy (3nm) 12GB + 256GB 12GB + 512GB 12GB + 256GB 12GB + 512GB 12GB + 256GB 12GB + 512GB 16GB + 1TB Camera sau Camera chính: Góc rộng 50MP, khẩu độ f/1.8, tiêu cự 24mm, cảm biến 1/1.56 inch, kích thước điểm ảnh 1.0µm, lấy nét tự động PDAF kép, chống rung quang học OIS. Camera góc siêu rộng: 12MP, khẩu độ f/2.2, tiêu cự 13mm, góc nhìn 120°, cảm biến 1/2.55 inch, kích thước điểm ảnh 1.4µm, quay video siêu ổn định Super Steady. Camera tele: 10MP, khẩu độ f/2.4, tiêu cự 67mm, cảm biến 1/3.94 inch, kích thước điểm ảnh 1.0µm, lấy nét tự động PDAF, chống rung quang học OIS, zoom quang học 3x. Camera chính: Góc rộng 50MP, khẩu độ f/1.8, tiêu cự 24mm, cảm biến 1/1.56 inch, kích thước điểm ảnh 1.0µm, lấy nét tự động PDAF kép, chống rung quang học OIS. Camera góc siêu rộng: 12MP, khẩu độ f/2.2, tiêu cự 13mm, góc nhìn 120°, cảm biến 1/2.55 inch, kích thước điểm ảnh 1.4µm, quay video siêu ổn định Super Steady. Camera tele: 10MP, khẩu độ f/2.4, tiêu cự 67mm, cảm biến 1/3.94 inch, kích thước điểm ảnh 1.0µm, lấy nét tự động PDAF, chống rung quang học OIS, zoom quang học 3x. Camera chính: Góc rộng 200MP, khẩu độ f/1.4, tiêu cự 24mm, cảm biến 1/1.3 inch, kích thước điểm ảnh 0.6µm, lấy nét tự động đa hướng PDAF, chống rung quang học OIS. Camera góc siêu rộng: 50MP, khẩu độ f/1.9, góc nhìn 120°, cảm biến 1/2.5 inch, kích thước điểm ảnh 0.7µm, lấy nét tự động Dual-Pixel PDAF, quay video Super Steady. Camera tele: 10MP, khẩu độ f/2.4, cảm biến 1/3.94 inch, lấy nét tự động PDAF, chống rung quang học OIS, zoom quang học 3x. Camera tele tiềm vọng: 50MP, khẩu độ f/2.9, tiêu cự 111mm, cảm biến 1/2.52 inch, kích thước điểm ảnh 0.7µm, lấy nét tự động PDAF, chống rung quang học OIS, zoom quang học 5x. Camera trước Camera góc rộng 12MP, khẩu độ f/2.2, tiêu cự 26mm, góc nhìn 85°, cảm biến 1/3.2 inch, kích thước điểm ảnh 1.12µm, lấy nét tự động PDAF kép, HDR. Camera góc rộng 12MP, khẩu độ f/2.2, tiêu cự 26mm, góc nhìn 85°, cảm biến 1/3.2 inch, kích thước điểm ảnh 1.12µm, lấy nét tự động PDAF kép, HDR. Camera góc rộng 12MP, khẩu độ f/2.2, tiêu cự 26mm, góc nhìn 85°, cảm biến 1/3.2 inch, kích thước điểm ảnh 1.12µm, lấy nét tự động PDAF kép, HDR. Pin và sạc Pin 4300mAh, sạc nhanh có dây 25W, sạc không dây 15W Pin 4900mAh, sạc nhanh có dây 45W, sạc không dây 20W Pin 5000mAh, sạc có dây 60W, sạc không dây 25W Độ bền Đạt chuẩn IP68, kính cường lực Corning Gorilla Armor 2, khung nhôm. Đạt chuẩn IP68, kính cường lực Corning Gorilla Armor 2, khung nhôm. Đạt chuẩn IP68, kính cường lực Corning Gorilla Armor 2, khung nhôm. Hệ điều hành Giao diện One UI 8.5 dựa trên Android 16 Giao diện One UI 8.5 dựa trên Android 16 Giao diện One UI 8.5 dựa trên Android 16 Sinh trắc học Cảm biến vân tay siêu âm, nhận diện khuôn mặt Cảm biến vân tay siêu âm, nhận diện khuôn mặt Cảm biến vân tay siêu âm, nhận diện khuôn mặt Kết nối và các tính năng bổ sung 5G (Sub6), NFC, Wi-Fi 7, Bluetooth 5.4, UWB 5G (Sub6 và mmWave), NFC, Wi-Fi 7, Bluetooth 6, UWB Hỗ trợ 5G (Sub6 và mmWave), NFC, Wi-Fi 7, Bluetooth 6, bútS Pen UWB. Màu sắc Tím Cobalt, Xanh da trời, Đen, Trắng. Màu độc quyền trên Samsung.com: Bạc Shadow, Vàng Hồng. Tím Cobalt, Xanh da trời, Đen, Trắng. Màu độc quyền trên Samsung.com: Bạc Shadow, Vàng Hồng. Tím Cobalt, Xanh da trời, Đen, Trắng. Màu độc quyền trên Samsung.com: Bạc Shadow, Vàng Hồng. Tại Việt Nam, khách hàng quan tâm có thể đặt trước sản phẩm tại trang web chính hãng hoặc các đơn vị phân phối chính thức. Các thông tin rò rỉ về cấu hình, màu sắc và giá bán của dòng Galaxy S26 xuất hiện dày đặc trước thềm sự kiện Galaxy Unpacked ngày 26/2 của Samsung. Nguồn: [Link nguồn]Nguồn: [Link nguồn]"
a30ab30c381c8cf5f578a2f98b9f5284,"HOT: Trên tay Galaxy S26 Ultra cao cấp nhất, giá từ 36,99 triệu đồng",2026-02-25T21:50:00+00:00,24h,https://www.24h.com.vn/thoi-trang-hi-tech/hot-tren-tay-galaxy-s26-ultra-cao-cap-nhat-gia-tu-3699-trieu-dong-c407a1740184.html,vi,hi-tech,Galaxy S26 Ultra|giá Galaxy S26 Ultra|samsung Galaxy S26 Ultra|review Galaxy S26 Ultra|tin tuc cong nghe|tin tuc 24h,,"Lưu bài viết thành công Bạn có thể xem lại bài viết đã lưu ở trangTin bài đã lưu Theo các chuyên gia, Galaxy S26 Ultra mới của Samsung là một bản nâng cấp nhỏ so với Galaxy S25 Ultra và Galaxy S24 Ultra nhưng vẫn đi kèm đủ những cải tiến bên trong (và bên ngoài) để xứng đáng với việc nâng cấp từ một chiếc flagship đời cũ. Giống như các phiên bản ""anh em"", Galaxy S26 Ultra cũng có tính năng hiển thị riêng tư Privacy Display siêu tuyệt vời. Tính năng này giúp bảo vệ các nội dung riêng tư khi sử dụng ở khu vực đông người. Người dùng có thể tự do tùy chỉnh tính năng này trong phần cài đặt, không cần dán thêm màn hình chống trộm cho máy. So với Galaxy S25 Ultra (bên phải), Galaxy S26 Ultra mỏng hơn (chỉ dày 7,9mm), đem lại trải nghiệm tinh tế và cao cấp hơn hẳn. Dung lượng pin của Galaxy S26 Ultra vẫn là 5000 mAh nhưng sạc nhanh hơn. Tốc độ sạc có dây đã được nâng cấp từ 45W lên 65W, điều này thật tuyệt vời. Camera chính của Galaxy S26 Ultra một lần nữa sử dụng cảm biến 200MP nhưng đi kèm khẩu độ lớn hơn nhiều - f/1.4, cho phép thu được lượng ánh sáng nhiều hơn gần 50% so với Galaxy S25 Ultra. Vì vậy, Galaxy S26 Ultra sẽ hoạt động tốt trong điều kiện thiếu sáng. Màn hình Dynamic AMOLED 6,9 inch có độ phân giải QHD+ cao, tương đương 3120 x 1440 pixel và mật độ điểm ảnh 500 pixel mỗi inch, tần số quét từ 1–120Hz. Giao diện camera của Galaxy S26 Ultra. Nhìn chung, chiếc smartphone cao cấp này không có nâng cấp phần cứng đột phá nào, chỉ có một vài cải tiến nhỏ cùng với rất nhiều công cụ AI. Galaxy S26 Ultra cũng là chiếc Galaxy đầu tiên hỗ trợ định dạng Video Chuyên Nghiệp Nâng Cao (Advanced Professional) mới, cho phép quay video 8K chất lượng chuyên nghiệp ở tốc độ 30 khung hình/giây. Galaxy S26 Ultra được trang bị chip Snapdragon 8 Elite Gen 5. Về bộ nhớ, người dùng có thể chọn giữa phiên bản RAM 12 và 16 GB, các phiên bản bộ nhớ trong lần lượt là 256, 512 GB hoặc 1 TB. Tại Việt Nam, Galaxy S26 Ultra có giá bán từ 36,99 triệu đồng cho phiên bản RAM 12GB/ ROM 256GB. Sản phẩm có các phiên bản màu như: Tím Cobat, Xanh da trời, Đen Classic, Trắng Classic, Bạc Shadow và Vàng hồng. Khách hàng đã có thể đặt hàng trước từ hôm nay. Các thông tin rò rỉ về cấu hình, màu sắc và giá bán của dòng Galaxy S26 xuất hiện dày đặc trước thềm sự kiện Galaxy Unpacked ngày 26/2 của Samsung. Nguồn: [Link nguồn]Nguồn: [Link nguồn]"
262281377b6ad2bcea90645b77f52a2a,CHÍNH THỨC: Bộ ba Galaxy S26 ra mắt - Giá cao hơn & thông minh hơn,2026-02-25T20:52:00+00:00,24h,https://www.24h.com.vn/thoi-trang-hi-tech/chinh-thuc-bo-ba-galaxy-s26-ra-mat-gia-cao-hon-thong-minh-hon-c407a1740183.html,vi,hi-tech,Galaxy S26|samsung Galaxy S26|gia Galaxy S26|ra mat Galaxy S26|Galaxy S26 Plus|Galaxy S26 Ultra|gia Galaxy S26 Ultra|tin tuc cong nghe|tin tuc 24h,,"Lưu bài viết thành công Bạn có thể xem lại bài viết đã lưu ở trangTin bài đã lưu Samsung đã chính thức trình làng dòng Galaxy S26 tại sự kiện Galaxy Unpacked ngày 25/2/2026 ở San Francisco (Mỹ), đánh dấu thế hệ flagship Android mới với nhiều thay đổi về phần mềm và chiến lược phần cứng. Trong khi thiết kế và thông số kỹ thuật chỉ được nâng cấp nhẹ so với thế hệ trước, hãng lại tập trung mạnh vào hệ sinh thái AI và thời gian cập nhật dài hạn nhằm thuyết phục người dùng chấp nhận mức giá cao hơn. Dòng Galaxy S26. Galaxy S26 Series đã cho phép đặt trước ngay sau sự kiện và dự kiến bán ra từ ngày 11/3. Tuy nhiên, mức giá khởi điểm tăng lên đang trở thành chủ đề gây tranh luận. Tại Việt Nam, Galaxy S26 bản 256GB có giá từ 25,99 triệu đồng, cao hơn thế hệ trước. Galaxy S26 Plus bản RAM 12GB/ ROM 256GB có giá bán từ 29,99 triệu đồng; Galaxy S26 Ultra có giá bán từ 36,99 triệu đồng. Một trong những thay đổi lớn nhất năm nay là việc Samsung quay lại chiến lược dùng hai dòng chip khác nhau tùy thị trường. Galaxy S26 và Galaxy S26 Plus tại Mỹ sử dụng Qualcomm Snapdragon 8 Elite Gen 5 for Galaxy, trong khi nhiều khu vực như châu Âu sẽ dùng Exynos 2600. Riêng Galaxy S26 Ultra dùng Snapdragon 8 Elite Gen 5 for Galaxy trên toàn cầu. Bộ ba Galaxy S26, Galaxy S26 Plus và Galaxy S26 Ultra. Tất cả các phiên bản Galaxy S26 và Galaxy S26 Plus đều có RAM 12GB cùng tùy chọn bộ nhớ 256GB hoặc 512GB. Galaxy S26 Ultra có RAM 12GB cho bản 256GB và 512GB, còn bản 1TB có RAM lên tới 16GB. Việc chia SoC theo khu vực khiến trải nghiệm hiệu năng có thể khác nhau giữa các thị trường, điều người dùng cần cân nhắc trước khi mua hàng xách tay. Galaxy S26 tiêu chuẩn tăng kích thước màn hình từ 6.2 inch lên 6.3 inch, đồng thời cả Galaxy S26 và Galaxy S26 Plus được nâng cấp lên kính Gorilla Armor 2 ở mặt trước. Thiết kế tổng thể của dòng Galaxy S26 trở nên đồng nhất hơn với các góc bo tròn nhẹ, giúp cảm giác cầm nắm thoải mái hơn. Riêng Galaxy S26 Ultra có thay đổi đáng chú ý khi chuyển từ khung titanium sang khung nhôm. Máy cũng nâng cấp màn hình từ 8-bit lên 10-bit, cho phép hiển thị 1.07 tỷ màu thay vì 16.7 triệu màu như trước đây. Galaxy S26 Ultra và bút S Pen. Điểm nhấn lớn nhất nằm ở tính năng Privacy Display – chế độ hiển thị riêng tư chỉ có trên phiên bản Ultra. Khi bật, màn hình sẽ giảm khả năng nhìn từ góc nghiêng, giúp bảo vệ thông tin cá nhân khỏi người xung quanh mà không ảnh hưởng đến góc nhìn trực diện. Người dùng có thể kích hoạt cho từng ứng dụng, khu vực hiển thị hoặc chỉ với thông báo pop-up. Tuy nhiên, chế độ bảo mật tối đa sẽ làm màn hình tối hơn đáng kể. Màu sắc của dòng Galaxy S26. Về màu sắc, dòng Galaxy S26 có các lựa chọn màu: Tím Cobalt, Xanh dương Sky Blue, Đen và Trắng; các màu Bạc Shadow hoặc Vàng hồng - Pink Gold chỉ có trên Samsung.com. Năm nay, Samsung không thay đổi nhiều về phần cứng camera. Galaxy S26 Ultra vẫn dùng cảm biến chính 200MP nhưng khẩu độ mở rộng từ f/1.7 lên f/1.4 để thu sáng tốt hơn. Camera periscope 50MP zoom quang 5x cũng nâng từ f/3.4 lên f/2.9. Các thông số còn lại giữ nguyên, bao gồm camera góc siêu rộng 50MP, f/1.9; camera tele 10MP, f/2.4 với zoom 3x và camera trước 12MP, f/2.2. Galaxy S26 và Galaxy S26 Plus tiếp tục dùng hệ thống camera quen thuộc: camera chính 50MP, f/1.8; camera góc rộng 12MP, f/2.2; camera tele 10MP, f/2.4 zoom 3x và camera trước 12MP, f/2.2. Samsung tập trung vào thuật toán xử lý ảnh mới với ISP cải tiến, giúp giảm nhiễu khi quay Nightography và tái tạo tông da tự nhiên hơn. Các màu của Galaxy S26 Ultra. Về pin, Galaxy S26 có viên pin 4,300mAh với sạc 25W có dây và 15W không dây. Galaxy S26 Plus có pin 4,900mAh, sạc 45W có dây và nâng lên 20W cho khả năng sạc không dây. Galaxy S26 Ultra vẫn dùng pin 5,000mAh nhưng nâng lên sạc có dây 60W và sạc không dây 25W, có thể sạc 75% pin trong 30 phút. Dù vậy, dòng flagship vẫn không có nam châm Qi2 tích hợp, người dùng vẫn phải dùng ốp lưng nếu muốn dùng phụ kiện kiểu MagSafe. Galaxy S26 màu đen. Phần mềm mới One UI 8.5 dựa trên Android 16 là trọng tâm của dòng Galaxy S26. Máy được cam kết 7 năm cập nhật hệ điều hành và bảo mật, một lợi thế lớn với người dùng muốn sử dụng lâu dài. Samsung cũng bổ sung hệ sinh thái AI đa trợ lý gồm Google Gemini, Bixby và Perplexity, mỗi trợ lý có câu lệnh kích hoạt riêng. Cận cảnh camera của Galaxy S26 Ultra. Perplexity được định vị như AI cấp hệ thống, có thể hỗ trợ các tác vụ đa bước trong Notes, Calendar, Gallery hay Reminders. Các tính năng mới khác gồm: Photo Assist - chỉnh ảnh bằng câu lệnh, Audio Eraser - mở rộng sang ứng dụng bên thứ ba, Scan Document - tự xóa tay khi chụp tài liệu, Scam Detection - phát hiện lừa đảo và Call Screening - tóm tắt cuộc gọi từ số lạ. Dòng Galaxy S26 hỗ trợ cập nhật phần mềm dài hạn. Nhìn tổng thể, Galaxy S26 Series không phải là bản nâng cấp lớn về phần cứng mà là bước chuyển sang chiến lược “AI phone”. Với mức giá cao hơn, người dùng sẽ phải cân nhắc liệu các tính năng AI và cam kết cập nhật dài hạn có đủ hấp dẫn so với những thay đổi phần cứng tương đối khiêm tốn hay không. Đặt cọcSamsung Galaxy S26 Ultravà S26 Plus, S26 tại CellphoneS nhận ưu đãi đến 8 triệu: Voucher 1 triệu khi thanh toán qua thẻ ngân hàng, giảm đến 6 triệu, trợ giá lên đời 1 triệu. Giảm thêm cho S-Member, trả góp 0%. Ưu đãi có hạn, đặt cọc tại website CellphoneS hoặc liên hệ hotline 18002097 để được hỗ trợ. Các thông tin rò rỉ về cấu hình, màu sắc và giá bán của dòng Galaxy S26 xuất hiện dày đặc trước thềm sự kiện Galaxy Unpacked ngày 26/2 của Samsung. Nguồn: [Link nguồn]Nguồn: [Link nguồn]"
b6c7023693a84c667a2d92ab6e4e6c39,Đừng vội mua điện thoại cao cấp nếu không thuộc 3 nhóm này,2026-02-25T11:02:00+00:00,24h,https://www.24h.com.vn/thoi-trang-hi-tech/dung-voi-mua-dien-thoai-cao-cap-neu-khong-thuoc-3-nhom-nay-c407a1739376.html,vi,hi-tech,điện thoại cao cấp|smartphone|hiệu suất|chip xử lý|màn hình AMOLED|điện thoại tầm trung|kinh nghiệm mua sắm,,"Lưu bài viết thành công Bạn có thể xem lại bài viết đã lưu ở trangTin bài đã lưu Tuy nhiên, giá cả của những sản phẩm thuộc phân khúc cao cấp này có thể lên đến hơn 25 triệu đồng, một con số không hề dễ chịu cho nhiều người dùng. Nhiều người có thể chấp nhận “cắn răng” để chi tiền cho sản phẩm, tuy nhiên có thể họ sẽ phải cảm thấy hối hận sau một thời gian sử dụng. Cách đây 5-6 năm, điện thoại cao cấp từng rất nổi bật so với các điện thoại tầm trung. Sự khác biệt giữa các mẫu điện thoại đã thay đổi đáng kể trong vài năm qua. Cách đây 5-6 năm, sự phân biệt giữa một chiếc smartphone giá khoảng 8 triệu đồng và một mẫu cao cấp chủ yếu nằm ở khả năng hoạt động mượt mà hay không. Nhưng ngày nay, khoảng cách này đã thu hẹp. Nhiều mẫu smartphone tầm trung hiện nay cung cấp màn hình AMOLED 120Hz, camera chất lượng và pin bền bỉ, với giá chỉ từ 8-12 triệu đồng, hoặc thậm chí thấp hơn. Đối với những người sử dụng điện thoại chủ yếu cho mạng xã hội, email và chụp ảnh thông thường, trải nghiệm hàng ngày không khác biệt nhiều so với điện thoại cao cấp. Kết quả này khiến không ít người đặt ra câu hỏi: Liệu một điện thoại cao cấp có còn ý nghĩa? Chất lượng của các mẫu máy cao cấp là không thể phủ nhận, nhưng liệu nhu cầu sử dụng có xứng đáng với mức giá đó hay không. Nếu người dùng thuộc ba nhóm đối tượng dưới đây, việc chi tiền cho một điện thoại cao cấp sẽ mang lại nhiều lợi ích hơn là những nhóm khác. Điện thoại cao cấp đáp ứng nhu cầu sử dụng của một số đối tượng khách hàng. Sự khác biệt giữa máy ảnh điện thoại tầm trung và cao cấp chỉ rõ ràng trong điều kiện ánh sáng yếu, khi quay video 4K với chống rung quang học, và khi điều chỉnh phơi sáng thủ công. Nếu công việc người dùng phụ thuộc vào chất lượng hình ảnh, máy ảnh cao cấp sẽ xứng đáng với số tiền mà họ bỏ ra. Ngược lại, nếu chỉ chụp ảnh đồ ăn để đăng lên Instagram, có lẽ không cần thiết. Các chip xử lý như Snapdragon 8 Elite Gen 5 hay Apple A19 không phải là lựa chọn cho phân khúc điện thoại tầm trung. Trong các trò chơi đòi hỏi cấu hình cao, sự khác biệt về tốc độ khung hình, nhiệt độ và thời lượng pin từ những chip trên mang lại là rất rõ ràng. Nếu chơi game hàng giờ mỗi ngày, một chiếc điện thoại cao cấp sẽ tạo ra sự khác biệt, nhưng nếu chỉ chơi những trò chơi đơn giản như Candy Crush thì không cần thiết. Một số người chỉ đơn giản muốn sở hữu những sản phẩm tốt nhất. Nếu có đủ ngân sách và niềm vui từ việc sở hữu những thiết bị cao cấp, sẽ không cần lý do nào khác để sở hữu một thiết bị cao cấp nhất có thể. Với phần lớn người dùng, điện thoại tầm trung là quá đủ. Tuy nhiên, phần lớn người dùng không thuộc vào bất kỳ nhóm nào trong số này. Chính vì vậy, với hầu hết mọi người, việc sử dụng điện thoại chỉ gói gọn trong mạng xã hội, cuộc gọi, chụp một vài bức ảnh hay quay video, cùng các trò chơi giải trí đơn giản. Với nhu cầu đó, một chiếc điện thoại tầm trung tốt sẽ giúp người dùng tiết kiệm vài triệu đến hơn 10 triệu đồng. Điều này không có nghĩa là điện thoại cao cấp không hữu dụng mà chỉ ra rằng chúng phù hợp với một nhóm người dùng cụ thể. Với nhiều cải tiến đáng chú ý, iPhone 17 không chỉ nâng cấp về cấu hình mà còn thể hiện quyết tâm cạnh tranh với các điện thoại cao cấp Trung Quốc... Nguồn: [Link nguồn]Nguồn: [Link nguồn]"
5995263bb030e48cc7b88d7108ac71a3,"Chi tiết thiết kế, camera và giá bán dự kiến của Galaxy S26 trước giờ ra mắt",2026-02-25T08:00:00+00:00,24h,https://www.24h.com.vn/thoi-trang-hi-tech/chi-tiet-thiet-ke-camera-va-gia-ban-du-kien-cua-galaxy-s26-truoc-gio-ra-mat-c407a1740063.html,vi,hi-tech,galaxy s26|galaxy s26 ra mắt|giá bán galaxy s26|thông số galaxy s26|cấu hình galaxy s26,,"Lưu bài viết thành công Bạn có thể xem lại bài viết đã lưu ở trangTin bài đã lưu Sự kiện Galaxy Unpacked sẽ diễn ra vào 1h sáng ngày 26/2 (giờ Việt Nam). Sau khi mẫu Galaxy TriFold được mở bán tại phương Tây, trọng tâm hiện tại của Samsung được dồn toàn bộ vào dòng Galaxy S26. Thiết kế và màu sắc Theo video rò rỉ từ tài khoản @onleaks, mô hình của Galaxy S26 Ultra có thiết kế cụm camera lồi ở cạnh trái tương tự mẫu Galaxy Z Fold 7. Thiết kế này có thể khiến thiết bị bị cập kênh khi đặt trên mặt phẳng. Tuy nhiên, một rò rỉ khác từ Android Police lại cho thấy hình ảnh S26 Ultra không có cụm camera lồi này. Về màu sắc, danh sách rò rỉ từ chuyên gia tin đồn Evan Blass chỉ ra 6 tùy chọn cơ bản: đen, trắng, bạc, xanh da trời, tím, vàng hồng. Các phiên bản của Galaxy S26 Samsung dự kiến ra mắt ba phiên bản: Galaxy S26, Galaxy S26 Plus, Galaxy S26 Ultra. Trước đó, có tin đồn Samsung sẽ đổi tên bản tiêu chuẩn thành S26 Pro, loại bỏ bản Plus và thay thế bằng dòng Edge. Tuy nhiên, theo trang NewsPim, kế hoạch này đã bị hủy bỏ. Việc Apple nâng cấp mạnh tay choiPhone 17tiêu chuẩn (như màn hình 120Hz) mà không tăng giá đã buộc Samsung phải giữ nguyên cách đặt tên và cấu trúc dòng sản phẩm như hiện tại. Thông số cấu hình Dòng Galaxy S26 được đồn sử dụng chip Snapdragon 8 Elite 2 (được Qualcomm đổi tên thành Snapdragon 8 Elite Gen 5). Tại một số thị trường, Samsung có thể trang bị dòng chip tự phát triển Exynos 2600. Mức dung lượng RAM dự kiến tăng lên 16GB cho tất cả các phiên bản, mức cao nhất kể từ Galaxy S21 Ultra. Dung lượng lưu trữ giữ nguyên mốc cơ bản là 128GB và 256GB đối với bản Ultra. Khả năng tăng giá Tình trạng thiếu hụt chip nhớ toàn cầu có thể dẫn đến việc tăng giá bán dòng S26, đồng thời chấm dứt chương trình ưu đãi nhân đôi dung lượng lưu trữ miễn phí cho khách đặt trước. Tuy nhiên, một số báo cáo cho thấy Samsung đang nỗ lực tự hấp thụ chi phí để giữ nguyên mức giá bán so với thế hệ tiền nhiệm. Pin và công nghệ sạc Samsung đang thử nghiệm thiết kế pin xếp chồng nhằm tăng mật độ năng lượng. Galaxy S26 Ultra dự kiến trang bị viên pin 5.500mAh, tăng 10% so với thế hệ trước. Trong khi đó, bản tiêu chuẩn S26 được điều chỉnh mức dung lượng pin là 4.300mAh. Về sạc, công suất sạc có dây 45W sẽ được giữ nguyên, công nghệ sạc 60W dự kiến bị dời sang thế hệ Galaxy S27. Các thiết bị S26 có thể được nâng cấp chuẩn sạc không dây Qi2. Hệ thống camera Galaxy S26 Ultra có thể sử dụng cảm biến 200MP mới thuộc dòng ISOCELL GN. Một số tin đồn chưa xác thực nhắc đến ống kính 324MP kết hợp camera tele 50MP zoom 3x. Tính năng khẩu độ thay đổi có khả năng quay trở lại sau khi bị loại bỏ từ dòng Galaxy S10. Samsung cũng đang cân nhắc thiết kế camera tiềm vọng kép hỗ trợ zoom 8x, hoặc giảm số lượng ống kính từ 4 xuống 3 để nhường không gian cho pin. Ngược lại, bộ đôi S26 và S26 Plus được cho là giữ nguyên thông số camera từ thời Galaxy S22: ống kính góc rộng 50MP, góc siêu rộng 12MP và tele 10MP zoom 3x. Về phần mềm, Samsung đã hé lộ một ứng dụng hợp nhất các công cụ chỉnh sửa ảnh và video bằng trí tuệ nhân tạo. Các tính năng khác Galaxy S26 có thể được trang bị Màn hình riêng tư, một tính năng tích hợp thẳng vào giao diện người dùng tạo hiệu ứng làm mờ chống nhìn trộm. Dòng sản phẩm sẽ chạy hệ điều hành Android mới nhất với giao diện One UI 8.5. Giao diện này dự kiến có thiết kế trong suốt tương tự kính lỏng (Liquid Glass) của Apple. Bút cảm ứng S-Pen cũng sẽ nhận được các nâng cấp mới, liên quan đến phụ kiện từ tính và chuẩn sạc Qi2. (Theo Mashable) Chỉ vài ngày trước sự kiện Galaxy Unpacked dự kiến diễn ra vào 25/2, một video mở hộp Galaxy S26 Ultra đã xuất hiện trên mạng. Nguồn: [Link nguồn]Nguồn: [Link nguồn]"
22b61991eda82499333a7e3f765fe38c,Những thói quen tưởng nhỏ nhưng gây rủi ro lớn cho smartphone,2026-02-25T06:30:00+00:00,24h,https://www.24h.com.vn/thoi-trang-hi-tech/nhung-thoi-quen-tuong-nho-nhung-gay-rui-ro-lon-cho-smartphone-c407a1739903.html,vi,hi-tech,sạc pin|cập nhật phần mềm|Android|smartphone|tuổi thọ|ứng dụng di động|khởi động,,"Lưu bài viết thành công Bạn có thể xem lại bài viết đã lưu ở trangTin bài đã lưu Chính vì vậy, việc bảo vệ dữ liệu cá nhân và kéo dài tuổi thọ của smartphone là điều cần thiết. Nếu đang sử dụng một smartphone Android, người dùng nên tránh làm một số điều để đảm bảo an toàn cho thiết bị của mình. Bản cập nhật phần mềm rất quan trọng cho smartphone. Nhiều người thường phàn nàn về thời gian chờ đợi khi cập nhật hệ điều hành Android. Tuy nhiên, các bản cập nhật này không chỉ mang lại tính năng mới mà còn là biện pháp bảo vệ thiết bị khỏi các mối đe dọa an ninh. Do đó, người dùng không nên bỏ qua bất kỳ bản cập nhật nào, bao gồm cập nhật hệ thống, bảo mật và ứng dụng. Nếu hiếm khi khởi động lại smartphone của mình, người dùng có thể đang mắc sai lầm. Việc khởi động lại giúp xóa bộ nhớ tạm thời và đóng các tiến trình chạy ngầm, từ đó giải quyết nhiều vấn đề như ứng dụng bị lỗi hoặc treo máy. Lời khuyên đối với người dùng là nên thực hiện việc này ít nhất một lần mỗi tuần. Đừng quên khởi động lại máy sau một khoảng thời gian nhất định. Cài đặt ứng dụng từ các nguồn bên ngoài Google Play Store có thể mang lại một số lợi ích nhưng cũng tiềm ẩn nhiều rủi ro mà người dùng nên biết. Những ứng dụng này có thể chứa phần mềm độc hại hoặc mã độc theo dõi hoạt động của người dùng. Để bảo vệ dữ liệu cá nhân, tốt hơn hết là chỉ tải ứng dụng từ các nguồn đáng tin cậy. Khi cài đặt ứng dụng mới, người dùng sẽ được yêu cầu cấp quyền truy cập vào một số khu vực trên điện thoại. Do nội dung hiển thị dài, nhiều người thường bỏ qua bước này, trong khi việc chú ý đến các quyền mà mình cấp có thể giúp người dùng phát hiện ứng dụng độc hại. Nếu một ứng dụng yêu cầu quyền truy cập vào những phần không quen thuộc, tốt nhất là không nên cho phép. Hãy tránh sạc pin đến 100% thường xuyên. Để bảo vệ tuổi thọ pin trên smartphone, người dùng nên tránh việc sạc máy từ 0% đến 100%. Pin lithium trong smartphone có số chu kỳ sạc/xả giới hạn, và việc sạc đầy hoặc xả hết pin sẽ làm giảm hiệu suất của pin. Tốt nhất là giữ mức dung lượng pin ở khoảng 20% đến 80%. Bằng cách tránh những sai lầm nói trên, người dùng có thể bảo vệ dữ liệu cá nhân trên smartphone cũng như giúp kéo dài tuổi thọ cho thiết bị của mình. Khám phá những smartphone ấn tượng với pin khủng và công nghệ sạc nhanh, từ Honor Win RT 10.000 mAh đến OnePlus 15 120W. Nguồn: [Link nguồn]Nguồn: [Link nguồn]"
ce6d4ff7eab53d2de9068e25deab08be,Honor Magic V6 lộ video teaser với tùy chọn màu đỏ tuyệt đẹp,2026-02-25T05:00:00+00:00,24h,https://www.24h.com.vn/thoi-trang-hi-tech/honor-magic-v6-lo-video-teaser-voi-tuy-chon-mau-do-tuyet-dep-c407a1739915.html,vi,hi-tech,honor magic v6|video teaser|màu đỏ,,"Lưu bài viết thành công Bạn có thể xem lại bài viết đã lưu ở trangTin bài đã lưu Sau kỳ nghỉ Tết Nguyên Đán, Honor đã chính thức công bố những hình ảnh đầu tiên về chiếc điện thoại màn hình gập mới mang tên Magic V6, dự kiến ra mắt vào ngày 1/3 tới. Đặc biệt, công ty đã phát hành đoạn quảng cáo đầu tiên để giới thiệu thiết kế ấn tượng của sản phẩm. Magic V6 gây ấn tượng với phiên bản màu “Chitu Red”, nổi bật với mặt lưng đỏ đậm kết hợp khung giữa màu vàng, tạo nên vẻ ngoài cao cấp và rực rỡ. Mặt lưng được thiết kế nhám như nhung với họa tiết lấy cảm hứng từ vệt sao, trong khi cụm camera hình tròn tạo nên dấu ấn riêng biệt cho thiết bị. Đây được xem là một trong những phối màu hiếm hoi trên smartphone gập, vừa nổi bật vừa giữ được nét sang trọng. Ngoài màu đỏ, Magic V6 còn được đồn đoán sẽ có thêm các phiên bản màu vàng, đen và trắng. Một số phiên bản có thể sử dụng chất liệu da thân thiện với môi trường, đi kèm lớp phủ nano giúp tăng cường độ bền chống trầy xước và tiếp xúc với nước. Sản phẩm cũng được cho là mỏng và nhẹ hơn so với thế hệ trước. Theo các thông tin rò rỉ, Honor Magic V6 có thể được trang bị chip Snapdragon 8 Elite Gen 5, định vị là một chiếc điện thoại gập cao cấp với hiệu năng mạnh mẽ. Phiên bản cao cấp nhất dự kiến sẽ sở hữu viên pin dung lượng 7.150 mAh, có thể trở thành một trong những dung lượng pin lớn nhất trên thiết bị gập, cùng với hỗ trợ sạc nhanh có dây 120W và sạc không dây. Màn hình ngoài của Magic V6 sẽ có độ phân giải 2,420 x 1,080 pixel, trong khi màn hình bên trong đạt độ phân giải 2352 x 2172 pixel, mặc dù kích thước chính xác của các màn hình vẫn chưa được tiết lộ. Thiết bị còn được đồn đoán sẽ trang bị hệ thống 3 camera sau, bao gồm cảm biến chính 200MP, máy ảnh siêu rộng và camera tiềm vọng hỗ trợ zoom quang học. Các tính năng khác dự kiến bao gồm chip RF độc quyền, chip tăng cường hiệu suất, khả năng chống nước hoàn toàn, hỗ trợ liên lạc vệ tinh Beidou, và thiết kế mỏng nhẹ hơn so với thế hệ trước. Honor Magic V6 lộ diện với pin lên lớn, thiết kế mỏng nhẹ, là đối thủ cạnh tranh với Galaxy Z Fold7. Nguồn: [Link nguồn]Nguồn: [Link nguồn]"
dbca4281464e4f7e374fa101b4c4c462,Apple bắt đầu thử nghiệm iPhone 18 Pro và iPhone 18 Pro Max,2026-02-25T03:00:00+00:00,24h,https://www.24h.com.vn/thoi-trang-hi-tech/apple-bat-dau-thu-nghiem-iphone-18-pro-va-iphone-18-pro-max-c407a1739858.html,vi,hi-tech,iPhone 18 Pro|iPhone 18 Pro Max|Apple|iPhone|iPhone màn hình gập|iPhone Fold|iPhone 2026|tin tuc cong nghe|tin tuc 24h,,"Lưu bài viết thành công Bạn có thể xem lại bài viết đã lưu ở trangTin bài đã lưu Chỉ còn chưa đầy 7 tháng nữa, Apple sẽ ra mắt iPhone 18 Pro và iPhone 18 Pro Max cao cấp. Mới đây, một bài đăng trên Weibo từ nguồn tin Fixed Focus Digital cho hay, Apple đang tiến hành một số thử nghiệm sản xuất đối với iPhone 18 Pro và iPhone 18 Pro Max. Ảnh concept iPhone 18 Pro. Đây là giai đoạn thử nghiệm sản xuất cuối cùng trước khi được ra mắt chính thức vào tháng 9. Thông thường, tháng 2 sẽ diễn ra ​​quá trình Kiểm tra Xác nhận Thiết kế (DVT) sau đó là Kiểm tra Xác nhận Sản xuất (PVT). Một số bộ phận của dây chuyền lắp ráp sẽ được vận hành, giúp Apple kiểm tra năng suất và kiểm soát chất lượng mà không cần phải vận hành toàn bộ dây chuyền. Điều này cho thấy Apple đang lên kế hoạch phát hành các mẫu iPhone 18 Pro vào cuối năm nay và sẽ chờ đến tháng 3 năm 2027 để ra mắt mẫu iPhone 18 tiêu chuẩn. Quá trìnhPVTsẽ kiểm tra ba thành phần bên trong mới, bao gồm bộ xử lý ứng dụng (AP) A20 Pro. Đây sẽ là chip đầu tiên được sản xuất trên tiến trình 2nm được đưa vào thiết bị của Apple. Camera khẩu độ thay đổi cơ học mới cho dòng iPhone 18 Pro cũng đang được thử nghiệm, đòi hỏi hiệu chuẩn dây chuyền lắp ráp chính xác để sản xuất đúng cách. Tương tự như con ngươi của mắt, khẩu độ thay đổi sẽ mở rộng trong môi trường tối, cho phép cảm biến thu được nhiều ánh sáng. Trong môi trường sáng, khẩu độ sẽ đóng lại. Điều này ngăn ngừa hiện tượng phơi sáng quá mức và mang đến hình ảnh sắc nét hơn. Điều này cũng tạo ra hiệu ứng bokeh tự nhiên thay vì hiệu ứng bokeh do phần mềm tạo ra. Với ảnh chụp nhóm, người dùng có thể điều chỉnh khẩu độ để người ở phía trước và phía sau đều sắc nét trong ảnh. Điều này không thể thực hiện được với máy ảnh có khẩu độ cố định. Cuối cùng, khẩu độ nhỏ giúp ảnh chụp cận cảnh - macro chi tiết hơn. Việc sản xuất hàng loạt iPhone 18 sẽ bắt đầu tăng tốc vào những tháng hè. Đối với mẫu iPhone 18, chúng cũng đang trải qua một số thử nghiệm sản xuất. Tuy nhiên, vì mẫu iPhone này sẽ được phát hành vào đầu năm 2027 nên giai đoạn kiểm định sẽ diễn ra muộn hơn. Chip A20 Pro 2nm dự kiến ​​cung cấp sức mạnh cho các mẫu iPhone Pro năm 2026. 2 điện thoại này cũng sẽ được trang bị chip modem 5G thế hệ thứ hai do Apple tự thiết kế và TSMC sản xuất. Chip C1 hiện có trong iPhone 16e giá rẻ. Chip đó chỉ hoạt động với tín hiệu băng tần thấp và trung bình dưới 6GHz. Chip modem 5G C2 mới không chỉ xử lý sóng radio dưới 6GHz mà còn hỗ trợ cả tín hiệu sóng milimét băng tần cao. Tin đồn về cặp iPhone 18 Pro và iPhone 18 Pro Max. Ngoài iPhone 18 Pro và iPhone 18 Pro Max, dòng iPhone 2026 sẽ bao gồm chiếc iPhone màn hình gập đầu tiên. Mặc dù có giá khá cao, sẽ nằm trong khoảng 2.000-2.500USD(khoảng 52,3 - 65,4 triệu đồng) nhưng iPhone màn hình gập là thiết bị được nhiều người chờ đợi. Chiếc iPhone Fold có thể trở thành chiếc điện thoại thông minh màn hình gập đầu tiên sở hữu màn hình bên trong không có nếp gấp. Apple sẽ công bố các mẫu iPhone 2026 mới trong tháng 9 tới. Chúng tôi sẽ thường xuyên cập nhật những thông tin mới nhất về chúng, mời quý độc giả đón đọc. Apple đã gây ấn tượng khi giới thiệu tùy chọn màu cam vũ trụ cho iPhone 17 Pro vào năm ngoái để vượt qua màu titan sa mạc của iPhone 16 Pro. Nguồn: [Link nguồn]Nguồn: [Link nguồn]"
6aa58f318e3f590ebb55913f7c72d23f,Tại sao không nên mua máy tính Windows 10 cũ?,2026-02-25T02:00:00+00:00,24h,https://www.24h.com.vn/thoi-trang-hi-tech/tai-sao-khong-nen-mua-may-tinh-windows-10-cu-c407a1739868.html,vi,hi-tech,máy tính Windows 10|máy tính cũ|máy tính xách tay|laptop|laptop Windows 10|Windows 11|Windows 10|tin tuc cong nghe|tin tuc 24h,,"Lưu bài viết thành công Bạn có thể xem lại bài viết đã lưu ở trangTin bài đã lưu Thị trường laptop và máy tính để bàn cũ đang trở nên sôi động khi ngày càng có nhiều người dùng tìm kiếm thiết bị giá rẻ để học tập, làm việc tại nhà. Không khó để bắt gặp những chiếc máy chạy Windows 10 được rao bán với mức giá hấp dẫn trên các sàn thương mại điện tử hoặc cửa hàng máy cũ. Tuy nhiên, phía sau những mức giá “hời” đó lại tồn tại nhiều rủi ro mà người dùng phổ thông dễ bỏ qua, đặc biệt liên quan đến bảo mật và khả năng cập nhật phần mềm trong tương lai. Một trong những lý do lớn nhất khiến người dùng nên cân nhắc kỹ trước khi mua laptop hoặc PC chạy Windows 10 là việc hệ điều hành này đã dần bị Microsoft ngừng hỗ trợ chính thức. Việc không còn nhận các bản vá bảo mật định kỳ khiến máy tính dễ trở thành mục tiêu của mã độc hoặc tấn công mạng. Ảnh minh họa. Các bản cập nhật hệ điều hành không chỉ bổ sung tính năng mới mà còn vá những lỗ hổng có thể bị khai thác để đánh cắp dữ liệu cá nhân. Khi hệ thống không được cập nhật, nguy cơ bị truy cập trái phép vào email, tài khoản ngân hàng hay thông tin cá nhân sẽ tăng lên đáng kể. Đối với người dùng thường xuyên kết nối internet, đây là yếu tố cần được đặt lên hàng đầu thay vì chỉ nhìn vào mức giá rẻ. Nhiều người thắc mắc tại sao thị trường vẫn có nhiều laptop và desktop chạy Windows 10 dù đã có Windows 11. Trên thực tế, không phải máy nào cũng đủ điều kiện nâng cấp lên hệ điều hành mới. Những thiết bị sử dụng phần cứng cũ, đặc biệt là bộ vi xử lý đời thấp hoặc thiếu các tiêu chuẩn bảo mật mới thường không đáp ứng được yêu cầu kỹ thuật của Windows 11. Ảnh minh họa. Điều này dẫn đến việc các máy không tương thích được đưa ra thị trường máy cũ với mức giá thấp. Với người mua thiếu kinh nghiệm, mức giá hấp dẫn có thể khiến họ bỏ qua yếu tố lâu dài như khả năng cập nhật phần mềm hay độ an toàn khi sử dụng. Ngoài ra, một số máy vẫn có thể nâng cấp miễn phí lên Windows 11 nhưng người bán chưa thực hiện. Trong trường hợp này, người dùng cần kiểm tra kỹ cấu hình trước khi quyết định thay vì tin vào quảng cáo “máy còn tốt” hay “chạy mượt”. Nếu ngân sách hạn chế, lựa chọn an toàn hơn là tìm một chiếc máy đã cài sẵn Windows 11 hoặc được xác nhận có thể nâng cấp. Thực tế, nhiều máy sản xuất khoảng 4–5 năm trở lại đây vẫn đủ điều kiện cài hệ điều hành mới và quá trình nâng cấp thường diễn ra khá nhanh. Khi xem xét máy cũ, người dùng nên chú ý đến một số dấu hiệu cho thấy thiết bị khó tương thích với Windows 11. Ví dụ, máy sản xuất trước năm 2019, sử dụng vi xử lý quá cũ hoặc thiếu các tính năng bảo mật như Secure Boot, TPM hay chuẩn UEFI. Đây là những yếu tố quan trọng để hệ điều hành mới hoạt động ổn định. Nếu có thể, hãy yêu cầu người bán cung cấp thông tin chi tiết về bo mạch chủ và bộ xử lý để kiểm tra khả năng nâng cấp. Việc đặt câu hỏi vì sao máy chưa được cập nhật lên Windows 11 cũng là cách giúp người mua đánh giá mức độ minh bạch của người bán. Trong trường hợp mua online, chính sách đổi trả rõ ràng là điều nên được ưu tiên. Không phải lúc nào máy chạy Windows 10 cũng hoàn toàn vô dụng. Trong một số trường hợp đặc biệt, nếu thiết bị được sử dụng hoàn toàn ngoại tuyến – tức không kết nối Wi-Fi, không truy cập internet hay tải ứng dụng, rủi ro về bảo mật sẽ giảm đáng kể. Những môi trường sử dụng chuyên biệt như máy tính phục vụ trình chiếu offline hoặc hệ thống điều khiển nội bộ có thể vẫn sử dụng hệ điều hành cũ. Ảnh minh họa. Tuy nhiên, với phần lớn người dùng phổ thông, máy tính gần như luôn cần kết nối mạng để cập nhật phần mềm, duyệt web hoặc làm việc trực tuyến. Điều này khiến Windows 10 trở thành lựa chọn kém an toàn hơn so với các thiết bị chạy hệ điều hành mới. Ngay cả các mẫu máy Windows 11 đã qua sử dụng cũng chỉ có mức giá nhỉnh hơn đôi chút nhưng lại mang lại thời gian hỗ trợ dài hơn. Sự hấp dẫn của các mẫu laptop Windows 10 nằm ở chi phí thấp nhưng nếu xét về lâu dài, người dùng có thể phải đối mặt với nhiều bất tiện như thiếu cập nhật bảo mật, hiệu năng giảm dần và nguy cơ phải thay máy sớm hơn dự kiến. Với những ai đang cân nhắc mua máy cũ, việc đầu tư thêm một khoản nhỏ cho thiết bị tương thích Windows 11 thường là lựa chọn hợp lý hơn. Khi công nghệ ngày càng thay đổi nhanh chóng, giá trị thực sự của một chiếc máy tính không chỉ nằm ở cấu hình hay mức giá ban đầu mà còn ở khả năng sử dụng ổn định, an toàn trong nhiều năm. Vì vậy, thay vì chạy theo các ưu đãi tưởng chừng hấp dẫn, người dùng nên ưu tiên những lựa chọn đảm bảo bảo mật và hỗ trợ lâu dài để tránh những rủi ro không đáng có. Thị trường laptop Windows giá rẻ đang đối diện thách thức lớn khi Apple dự kiến giới thiệu loạt MacBook mới tại sự kiện diễn ra vào tuần tới. Nguồn: [Link nguồn]Nguồn: [Link nguồn]"
015ea12b38e4c99ca2586d1faf892bae,"POCO X8 Pro Iron Man Edition lộ diện với thiết kế siêu anh hùng, cấu hình “khủng”",2026-02-25T01:00:00+00:00,24h,https://www.24h.com.vn/thoi-trang-hi-tech/poco-x8-pro-iron-man-edition-lo-dien-voi-thiet-ke-sieu-anh-hung-cau-hinh-khung-c407a1739827.html,vi,hi-tech,poco x8 pro iron man edition|điện thoại poco,,"Lưu bài viết thành công Bạn có thể xem lại bài viết đã lưu ở trangTin bài đã lưu Chỉ vài ngày sau khi hình ảnh render của POCO X8 Pro và phiên bản Pro Max bị rò rỉ, một phiên bản đặc biệt mang tên POCO X8 Pro Iron Man Edition đã chính thức lộ diện, thu hút sự chú ý lớn từ cộng đồng công nghệ. Với thiết kế độc đáo, POCO X8 Pro Iron Man Edition nổi bật với tông màu xám trầm làm chủ đạo, kết hợp các chi tiết màu vàng tinh tế quanh khung viền và mặt lưng. Điểm nhấn ấn tượng nhất là hình ảnh Iron Man đang bay ở trung tâm, tạo nên sự nhận diện mạnh mẽ ngay từ cái nhìn đầu tiên. Thiết kế này được đánh giá là phối màu an toàn nhưng hiệu quả, vừa không quá phô trương, vừa thể hiện tinh thần công nghệ và siêu anh hùng đặc trưng của Marvel. Thông tin về phiên bản Iron Man Edition lần đầu tiên được hé lộ qua một danh sách chứng nhận vào cuối tháng 1, xác nhận sự tồn tại của sản phẩm. Tuy nhiên, về phần cứng, phiên bản này gần như giữ nguyên so với POCO X8 Pro. Dự kiến, POCO X8 Pro Iron Man Edition sẽ được trang bị màn hình AMOLED kích thước từ 6.59 inch đến 6.67 inch, hỗ trợ độ phân giải 1.5K sắc nét, tần số quét 120Hz hoặc 144Hz và công nghệ HDR. Nếu thông số này chính xác, trải nghiệm hiển thị của điện thoại này sẽ thuộc nhóm rất tốt trong phân khúc. Về hiệu năng, thiết bị có thể sử dụng chip MediaTek Dimensity 8500 Ultra kết hợp với GPU Mali-G720. Các tùy chọn RAM 12GB hoặc 16GB LPDDR5X cùng bộ nhớ UFS 4.0 tối đa 512GB hứa hẹn mang đến khả năng xử lý mạnh mẽ và đa nhiệm mượt mà. Hệ thống camera dự kiến gồm cảm biến chính 50MP hỗ trợ OIS và ống kính siêu rộng 8MP, trong khi camera trước có độ phân giải từ 20-32MP. Với cấu hình này, POCO X8 Pro Iron Man Edition sẽ đáp ứng tốt nhu cầu chụp ảnh và chơi game. Ngoài ra, phiên bản này được cho là sở hữu viên pin dung lượng từ 6,500mAh đến 7,560mAh, hỗ trợ sạc nhanh có dây 100W. Máy nhiều khả năng chạy Android 15 hoặc 16 với giao diện HyperOS, cùng với các kết nối như 5G, Wi-Fi 6, Bluetooth 5.4, NFC và hồng ngoại. Các tính năng bổ sung như loa stereo, cảm biến vân tay trong màn hình và mở khóa khuôn mặt AI cũng được kỳ vọng sẽ xuất hiện. Với những đặc điểm nổi bật này, POCO X8 Pro Iron Man Edition hứa hẹn sẽ là lựa chọn hấp dẫn cho các fan của Marvel, không chỉ bởi cấu hình mà còn bởi giá trị sưu tầm và cá tính thiết kế độc đáo. Smartphone POCO M8 Pro đang được phát triển thuộc phân khúc tầm trung nhưng sở hữu cấu hình khá ấn tượng. Nguồn: [Link nguồn]Nguồn: [Link nguồn]"
e60d0007d4a064d13e3b99886d0c6919,Vai trò thầm lặng của chấm đen tí hon trên lưng iPhone,2026-02-24T23:00:00+00:00,24h,https://www.24h.com.vn/thoi-trang-hi-tech/vai-tro-tham-lang-cua-cham-den-ti-hon-tren-lung-iphone-c407a1739767.html,vi,hi-tech,micro|iPhone|Apple|camera|quay video|thiết kế,,"Lưu bài viết thành công Bạn có thể xem lại bài viết đã lưu ở trangTin bài đã lưu Mỗi phiên bản iPhone đều mang đến những cải tiến nhất định, đặc biệt trong hệ thống camera, giúp iPhone trở thành một trong những smartphone có camera tốt nhất trên thị trường. Ngoài khả năng chụp ảnh và quay video, iPhone còn có thể thay thế nhiều thiết bị cũ. Để tích hợp nhiều tính năng vào một thiết kế nhỏ gọn, Apple đã sử dụng những phương pháp sáng tạo để giấu các thành phần phần cứng quan trọng giúp vẻ ngoài của iPhone luôn hoàn hảo. Một trong những chi tiết thú vị là lỗ nhỏ bên cạnh camera sau mà nhiều người có thể chưa biết đến. Lỗ nhỏ này thực chất là một micro, và không phải là micro duy nhất trên iPhone. Từ iPhone Xs trở lên, mỗi thiết bị được trang bị tổng cộng 4 micro. Micro đầu tiên nằm ở mặt sau, trong khi micro thứ hai được đặt trong viền đen phía trên camera trước. Hai micro còn lại nằm ở phía dưới, bên cạnh lưới loa. Vậy tại sao Apple lại trang bị 4 micro khác nhau? Tại sự kiện ra mắt iPhone Xr/Xs vào tháng 9.2018, Apple cho biết 4 micro này cho phép iPhone ghi âm thanh nổi khi quay video. Đặc biệt, nếu người dùng sở hữu dòng iPhone 16 trở lên, các micro này còn hỗ trợ thu âm thanh không gian (Spatial Audio) giúp mang đến trải nghiệm âm thanh sống động. Micro bên cạnh camera sau không chỉ giúp ghi âm stereo trong video mà còn thu âm thanh chính khi người dùng quay phim, giúp giọng nói và âm thanh khác ở phía trước được rõ ràng hơn. Nó cũng có khả năng giảm nhiễu trong các cuộc gọi và bản ghi âm, tách giọng nói của người dùng khỏi âm thanh nền. Một chi tiết nhỏ nhưng lại mang đến nhiều công dụng thiết thực cho người dùng. Apple đã gây ấn tượng khi giới thiệu tùy chọn màu cam vũ trụ cho iPhone 17 Pro vào năm ngoái để vượt qua màu titan sa mạc của iPhone 16 Pro. Nguồn: [Link nguồn]Nguồn: [Link nguồn]"
31feabf378f908e920f6baed34cd798c,"Thỏ ơi thu 300 tỷ đồng, Trấn Thành có thể lãi hơn 120 tỷ đồng",2026-02-26T14:58:54+00:00,24h,https://www.24h.com.vn/giai-tri/tho-oi-thu-300-ty-dong-tran-thanh-co-the-lai-hon-120-ty-dong-c731a1740413.html,vi,phim,Trấn Thành|Phim Tết|Lợi nhuận|Thỏ Ơi|Doanh thu,,"Lưu bài viết thành công Bạn có thể xem lại bài viết đã lưu ở trangTin bài đã lưu VIDEO: Trấn Thành: 'Nói tôi không giỏi là nói xạo'. Soi lợi nhuận phim Tết của Trấn Thành Trưa 25/2, Thỏ ơi chạm mốc 300 tỷ đồng sau hơn 8 ngày ra rạp kể từ Mùng 1 Tết. Tốc độ tăng trưởng của bộ phim được đánh giá tương đương, thậm chí nhỉnh hơn Mai và Mưa đỏ - mất khoảng 9 ngày để đạt cột mốc tương tự. Riêng ngày 24/2, phim thu 25 tỷ đồng với hơn 300.000 vé bán ra trên gần 4.400 suất chiếu. Cuối tuần qua, tác phẩm bán hơn 1,2 triệu vé, thu thêm 123 tỷ đồng, bỏ xa các đối thủ còn lại là Nhà ba tôi một phòng, Báu vật trời cho và Mùi phở. Đây là mùa phim Tết thứ tư liên tiếp Trấn Thành giữ vị trí số một phòng vé. Sau khi Thỏ ơi đạt 300 tỷ đồng, cộng với doanh thu khổng lồ của bốn bộ phim trước đó là Bố già (427 tỷ đồng), Nhà bà Nữ (475 tỷ đồng), Mai (551 tỷ đồng) và Bộ tứ báo thủ (332 tỷ đồng), Trấn Thành chính thức xác lập kỷ lục đạo diễn 2.000 tỷ của Việt Nam. Đây là con số kỷ lục trong lịch sử điện ảnh Việt. Thỏ ơi của Trấn Thành cán mốc 300 tỷ đồng sau 8 ngày ra rạp. Với Thỏ ơi đạt 300 tỷ đồng doanh thu, Trấn Thành thực sự thu về bao nhiêu? Do nam đạo diễn là cái tên uy tín mùa phim chiếu Tết, tỷ lệ ăn chia sẽ khá đồng đều, nhưng phải đảm bảo những nguyên tắc sau: Thứ nhất, tổng doanh thu phải trừ 8% thuế VAT. Thứ hai là phí phát hành, hiện được tính theo hai cách: 4-5% của tổng doanh thu hoặc 8-10% tổng doanh thu sau khi trừ phí thuê rạp. Sau khi ra được con số, nhà rạp một nửa, nhà sản xuất lấy một nửa. Sau đó, phía phát hành lấy từ 8-10% số tiền còn lại của Trấn Thành. Theo cơ chế tính toán phổ biến trên thị trường, bước đầu tiên là trừ 8% thuế VAT trên tổng doanh thu. Với 300 tỷ đồng, số tiền còn lại sau VAT khoảng 276 tỷ đồng. Bước thứ hai là phí phát hành. Hiện phí này được tính theo hai cách: hoặc 4-5% tổng doanh thu, hoặc 8-10% tổng doanh thu sau khi trừ phần ăn chia cho rạp. Nếu tính theo phương án phổ biến là 5% tổng doanh thu sau VAT, số tiền còn lại tiếp theo của Thỏ ơi khoảng 262 tỷ đồng. Sau khi hoàn tất hai bước trên, doanh thu được chia đôi giữa rạp chiếu và nhà sản xuất. Với giả định tỷ lệ phổ biến là 50/50, phía Trấn Thành nhận khoảng 131 tỷ đồng. Đây chưa phải con số cuối. Theo thông lệ, phía phát hành tiếp tục trích từ 8-10% trên phần doanh thu còn lại của nhà sản xuất. Nếu tính ở mức 8%, số tiền thực nhận của Trấn Thành còn khoảng 120 tỷ đồng trước khi trừ chi phí sản xuất. Theo chia sẻ của đạo diễn, kinh phí thực hiện Thỏ ơi vào khoảng 50 tỷ đồng. Sau khi khấu trừ chi phí này, lợi nhuận còn lại ước tính khoảng 70 tỷ đồng, chưa bao gồm chi phí truyền thông, quảng bá và các khoản phát sinh khác. Nếu cộng thêm ngân sách marketing, lợi nhuận ròng có thể dao động quanh mức 55-65 tỷ đồng. Trấn Thành sẽ thu cả trăm tỷ đồng lợi nhuận? Trong trường hợp bộ phim đạt 400 tỷ đồng như dự báo, phép tính thay đổi đáng kể. Sau khi trừ 8% VAT, doanh thu còn 368 tỷ đồng. Trừ tiếp 5% phí phát hành, còn khoảng 350 tỷ đồng. Chia đôi cho rạp và nhà sản xuất, phía Trấn Thành nhận gần 175 tỷ đồng. Sau khi khấu trừ thêm 8% phí phát hành trên phần này, số tiền còn khoảng 161 tỷ đồng. Trừ kinh phí sản xuất 50 tỷ đồng, lợi nhuận trước marketing có thể lên tới 110 tỷ đồng. Nếu tính đủ chi phí quảng bá, khoản lãi ròng vẫn có thể tiệm cận hoặc vượt 100 tỷ đồng. Trấn Thành trở thành đạo diễn 2.000 tỷ đầu tiên của Việt Nam. Nhiều ý kiến cho rằng việc rạp chiếu giữ 50-60%, thậm chí hơn 60% trong tuần đầu là quá cao. Tuy nhiên, nếu đặt trong bài toán kinh tế, đây là mức chia có cơ sở. Hệ thống rạp phải đầu tư mặt bằng, phòng chiếu tiêu chuẩn, máy chiếu, âm thanh, nhân sự và chi phí vận hành dài hạn. Doanh thu vé mỗi ngày không ổn định, phụ thuộc hoàn toàn vào nguồn phim phát hành. Tuần đầu tiên khi phim ra rạp là giai đoạn rủi ro cao nhất, đồng thời cũng là thời điểm quyết định doanh thu tổng thể, vì vậy mức ăn chia cao hơn cho rạp là điều bình thường trong cơ chế thị trường. Trong bối cảnh chưa có chính sách hỗ trợ mạnh mẽ cho dòng phim nội địa, các cụm rạp buộc phải vận hành theo nguyên tắc kinh doanh để đảm bảo tồn tại. Vì vậy, việc rạp giữ khoảng 50-60% doanh thu, xét trên tổng thể thị trường, là hợp lý. Với đà tăng trưởng hiện tại, Thỏ ơi không chỉ củng cố vị thế phòng vé của Trấn Thành mà còn cho thấy mùa phim Tết vẫn là mỏ vàng đối với các nhà làm phim. Đạo diễn có thương hiệu đủ mạnh hoàn toàn có thể thu về hàng chục đến cả trăm tỷ đồng lợi nhuận sau mùa cao điểm. *Con số cuối cùng Trấn Thành nhận về có thể chênh lệch, tùy thuộc vào thỏa thuận tỷ lệ ăn chia giữa nhà rạp và nhà phát hành. Bước sang ngày thứ 9 ở rạp, phim của Trấn Thành chính thức cán mốc 300 tỷ đồng, trở thành tác phẩm đạt tốc độ tăng trưởng doanh thu nhanh nhất mùa... Nguồn: [Link nguồn]Nguồn: [Link nguồn]"
008513b10c09eebb9769a4a942393ac3,Mỹ nhân đóng loạt cảnh nóng gây sốc trong phim 18+ Đồi gió hú,2026-02-25T11:03:00+00:00,24h,https://www.24h.com.vn/giai-tri/my-nhan-dong-loat-canh-nong-gay-soc-trong-phim-18-doi-gio-hu-c731a1740102.html,vi,phim,Margot Robbie|Đồi gió hú|Wuthering Heights|báo phụ nữ|báo 24h|giải trí 24h,,"Lưu bài viết thành công Bạn có thể xem lại bài viết đã lưu ở trangTin bài đã lưu Lấy cảm hứng từ kiệt tác kinh điển của Emily Brontë, ""Đồi gió hú"" (Wuthering Heights) khởi chiếu ngày 27/2, nơi câu chuyện tình kinh điển được tái sinh với tầm nhìn điện ảnh của nữ đạo diễn Emerald Fennell. Margot Robbie thủ vai nữ chính Catherine còn vai nam chính Heathcliff được giao cho Jacob Elordi. Cả hai diễn viên cùng là người Úc. Lần đầu kết hợp trên màn ảnh và dù hơn bạn diễn tới 7 tuổi nhưng Margot Robbie và Jacob Elordi diễn ăn ý, đặc biệt các cảnh tình cảm. Đặc biệt vai nữ chính do Margot Robbie có thể nói là nhân vật nhiều cảnh nóng nhất trong sự nghiệp của nữ diễn viên. Khi suy nghĩ về phản ứng của khán giả, Margot Robbie tin rằng bộ phim sẽ là một bất ngờ lớn: “Tôi nghĩ mọi người sẽ phải ngỡ ngàng. Thay vì một tác phẩm cận đại truyền thống như thường thấy, bộ phim mang đến một trải nghiệm hoàn toàn khác biệt. Có thể nhiều người đang chờ đợi những yếu tố nóng bỏng và khiêu khích, thực tế phim vẫn có những khoảnh khắc như vậy nhưng trên hết, tác phẩm này giàu cảm xúc và gợi cảm hơn thế. Khán giả sẽ bị cuốn vào một chuyện tình mãnh liệt và choáng ngợp của hình ảnh, từ kỹ thuật quay phim đến thiết kế bối cảnh và phục trang"". Về lựa chọn Margot Robbie, đạo diễn Emerald Fennell cho biết Catherine trong tiểu thuyết là một nhân vật đầy mâu thuẫn. Cô ấy ngang bướng, hoang dã. Catherine được cho là vai diễn “đo ni đóng giày” dành cho Margot Robbie. Margot có thể lột tả trọn vẹn tất cả những yêu cầu của nhân vật: giàu cảm xúc, tinh nghịch, thông minh, mạnh mẽ và khi cần, đủ sức toát lên sự đáng sợ đầy mê hoặc. Không chỉ có tạo hình siêu quyến rũ, Margot Robbie còn thể hiện được sự hoang dã, ương bướng, hạnh phúc đỉnh điểm đến tột cùng đau khổ của nhân vật với diễn xuất vô cùng ấn tượng. Margot Robbie cho thấy đẳng cấp của diễn viên 3 lần được đề cử Oscar cùng nhan sắc trời phú của một trong những mỹ nhân quyến rũ nhất hành tinh. Margot Robbie từng xếp hạng 22 trong danh sách 100 phụ nữ hot nhất hành tinh do tạp chí Maxim bình chọn năm 2014, lọt danh sách 100 nhân vật ảnh hưởng nhất thế giới của tạp chí Time và vào top những ngôi sao có đôi mắt gợi cảm nhất trong danh sách What is Sexy List (2015) của Victoria's Secret. Margot Robbie trong ""Đồi gió hú"": Từ cuộc gặp gỡ trên phim trường 'Tiếng chim hót trong bụi mận gai' năm 1983, Rachel Ward và Bryan Brown đã viết nên chuyện tình kéo dài hơn bốn thập... Nguồn: [Link nguồn]Nguồn: [Link nguồn]"
b35fe712dc87e90434ab3b6995a330e0,Những gương mặt nổi bật trên sóng truyền hình,2026-02-25T10:43:29+00:00,24h,https://www.24h.com.vn/giai-tri/nhung-guong-mat-noi-bat-tren-song-truyen-hinh-c731a1739023.html,vi,phim,truyền hình|diễn viên,,"Lưu bài viết thành công Bạn có thể xem lại bài viết đã lưu ở trangTin bài đã lưu Năm 2025, Huyền Lizzie (Phan Minh Huyền) ghi dấu ấn rõ nét với vai Ngân trong bộ phim truyền hình ""Cách em 1 milimet"" phát sóng trên VTV3. Đây là lần trở lại màn ảnh nhỏ sau gần hai năm, đồng thời là dự án tái hợp với Chí Nhân sau hơn mười năm kể từ ""Điều bí mật"". Vai Ngân – người phụ nữ thành đạt tuổi 35, làm mẹ, đối mặt với cuộc hôn nhân lạnh lẽo và nhiều dằn vặt nội tâm – đánh dấu bước ngoặt trưởng thành trong sự nghiệp của cô. Để nhập vai, Huyền Lizzie áp dụng chế độ giảm cân khắc nghiệt, đạt vòng eo dưới size XS, đồng thời thay đổi phong cách thời trang thanh lịch, thời thượng, giúp nhân vật ""thăng hạng"" về ngoại hình lẫn chiều sâu cảm xúc. Huyền Lizzie được khen ngợi nhờ lối diễn nhẹ nhàng nhưng sâu sắc, ngọt ngào, lột tả tinh tế những rung động kín đáo và hành trình vượt qua hiểu lầm. Nữ diễn viên chia sẻ vai Ngân là ""món quà may mắn lớn nhất"" năm 2025, dù ban đầu không kỳ vọng quá nhiều. Phim trở thành một trong những tác phẩm nổi bật, dẫn đầu bảng xếp hạng nhiều thời điểm, khẳng định vị thế mỹ nhân giờ vàng VTV của Huyền Lizzie với nhan sắc thăng hạng và sự tiến bộ rõ rệt trong diễn xuất. Hà Việt Dũng nổi bật năm 2025 khi đảm nhận vai Viễn (giai đoạn trưởng thành) trong ""Cách em 1 milimet"" trên VTV3, kết đôi cùng Huyền Lizzie thành cặp đôi hot nhất phim, được khán giả yêu mến nhờ chemistry tự nhiên và cái kết đẹp. Nhân vật Viễn – người đàn ông thành đạt, trượng nghĩa, điềm tĩnh nhưng mang dư âm ký ức tuổi thơ – đòi hỏi lối diễn chiều sâu, bản lĩnh. Hà Việt Dũng gây ấn tượng với phong thái ""chuẩn tổng tài"", diễn xuất tự nhiên, giàu cảm xúc, giúp cặp Ngân – Viễn tạo nên câu chuyện tình bạn-tình yêu đầy xúc động từ thời áo trắng đến trưởng thành. Ngoài ""Cách em 1 milimet"", Hà Việt Dũng còn đảm nhận vai Chấn trong ""Lằn ranh"" trên VTV1, gây ấn tượng tốt với khán giả. Năm 2025 đánh dấu bước chuyển của Hà Việt Dũng từ nam phụ quen thuộc sang vai chính hút triệu view, khẳng định tài năng và sức hút trên sóng VTV qua hai tác phẩm ấn tượng. Lương Thu Trang gây chú ý với vai Lan Anh trong ""Dịu dàng màu nắng"" phát sóng khung giờ vàng VTV1, lần đầu kết đôi cùng Duy Hưng. Bộ phim khai thác đề tài đời sống công nhân, lao động, nơi Lan Anh là người vợ yêu chồng thương con nhưng trải qua nhiều biến cố tâm lý, sai lầm dưới áp lực cuộc sống. Vai diễn đòi hỏi sự tinh tế, sâu lắng đã giúp Lương Thu Trang vượt qua ""cái bóng"" của An Nhiên trước đây, khẳng định sự đa dạng và trưởng thành trong diễn xuất. Sinh năm 1990, là mẹ đơn thân, Lương Thu Trang cân bằng tốt giữa sự nghiệp và gia đình. Với nhan sắc thăng hạng, nền nã và lối diễn chân thực, nữ diễn viên tiếp tục là lựa chọn hàng đầu cho vai nữ chính trên sóng giờ vàng VTV. Khoảnh khắc ba nữ diễn viên đình đám phim giờ vàng VTV chung một khung hình khiến khán giả trầm trồ vì cả bầu trời nhan sắc cùng tụ hội. Nguồn: [Link nguồn]Nguồn: [Link nguồn]"
d779143b734bafd2b16d62a78f765318,Thỏ ơi vượt 300 tỷ đồng,2026-02-25T07:46:44+00:00,24h,https://www.24h.com.vn/giai-tri/tho-oi-vuot-300-ty-dong-c731a1740073.html,vi,phim,Trấn Thành|Thỏ ơi|phim Tết|doanh thu|phòng vé|kỷ lục|xu hướng|giải trí 24h|báo 234h|báo phụ nữ,,"Lưu bài viết thành công Bạn có thể xem lại bài viết đã lưu ở trangTin bài đã lưu Thành tích này tiếp tục củng cố vị thế dẫn đầu phòng vé của nam đạo diễn trong nhiều năm trở lại đây, đồng thời cho thấy những biến chuyển đáng chú ý của thị trường điện ảnh dịp Tết. Tính đến 8h ngày 25/2, Thỏ ơi đã đạt 297 tỷ đồng. Dự kiến phim vượt 300 tỷ đồng chỉ trong vài giờ tới. Ra mắt từ Mùng 1 Tết, bộ phim mất hơn 8 ngày để đạt cột mốc này - tốc độ ngang ngửa, thậm chí nhỉnh hơn so với nhiều tác phẩm ăn khách trước đó như Mai hay Mưa đỏ (đều cần khoảng 9 ngày để chạm mốc tương tự). Riêng ngày 24/2, phim thu 25 tỷ đồng, bán hơn 300.000 vé trên gần 4.400 suất chiếu. Cuối tuần qua, Thỏ ơi bán hơn 1,2 triệu vé, chiếm 12.043 suất chiếu và thu thêm 123 tỷ đồng, bỏ xa các đối thủ còn lại trên bảng xếp hạng doanh thu. Ở vị trí kế tiếp là Báu vật trời cho với gần 6 tỷ đồng/ngày, Nhà ba tôi một phòng đạt 5,7 tỷ đồng và Mùi phở khoảng 1,3 tỷ đồng. Khoảng cách lớn về doanh thu phản ánh sự phân hóa rõ rệt của thị trường Tết năm nay. Văn Mai Hương là nữ diễn viên nhận được lượt thảo luận, đề cập nhiều nhất trong mùa phim Tết năm nay. Theo nhận định của nhà phê bình Nguyễn Phong Việt, Thỏ ơi có thể chạm hoặc tiệm cận doanh thu của Bộ tứ báo thủ khoảng 350 tỷ đồng, song khó tạo ra cú bùng nổ vượt trội so với các phim trước đó của Trấn Thành. Với lợi thế đặt vé sớm cao và tỷ lệ lấp đầy tốt, Thỏ ơi nhanh chóng được các hệ thống rạp gia tăng suất chiếu. Đây là phản ứng mang tính thị trường nhằm tối ưu lợi nhuận, khi dòng tiền và nhu cầu khán giả tập trung mạnh vào phim dẫn đầu. Tuy nhiên, từ Mùng 9 - Mùng 10 Tết, hai phim mới gồm Cảm ơn người đã thức cùng tôi và Nhà mình đi thôi ra rạp, thị phần suất chiếu bắt đầu được điều chỉnh lại. Cùng với ba phim vẫn duy trì suất chiếu ổn định là Báu vật trời cho, Mùi phở và Nhà ba tôi một phòng, cục diện phòng vé bước vào giai đoạn cạnh tranh dài hơi, có thể có diễn biến mới hấp dẫn. Không chỉ dẫn đầu doanh thu, Thỏ ơi còn tạo ra lượng thảo luận lớn nhất dịp Tết. Theo bảng xếp hạng thảo luận phim Tết Bính Ngọ 2026 (16/2-22/2), phim dẫn đầu với 639.249 lượt đề cập, bỏ xa các đối thủ phía sau. Đáng chú ý, có tới 6 diễn viên của phim lọt Top 10 gương mặt được quan tâm nhiều nhất mùa Tết, trong đó ca sĩ Văn Mai Hương đứng đầu với hơn 82.000 lượt nhắc đến. Điều này cho thấy chiến lược kết hợp giữa ngôi sao phòng vé và nghệ sĩ có sức ảnh hưởng mạng xã hội tiếp tục phát huy hiệu quả. Nhiều ý kiến cho rằng Thỏ ơi là bước tiến về tay nghề của Trấn Thành so với các tác phẩm trước, đặc biệt ở nhịp phim, cách xử lý cao trào và xây dựng tuyến nhân vật. Một số khán giả đánh giá phim tốt hơn Bộ tứ báo thủ nhưng chưa vượt được cảm xúc lắng đọng mà Mai từng tạo ra. Bên cạnh những lời khen, tác phẩm cũng vấp phải không ít ý kiến trái chiều. Một bộ phận khán giả cho rằng phim vẫn giữ phong cách ồn ào, có nhiều đoạn thoại chửi thề, thiếu tiết chế. Cái kết của phim cũng gây tranh luận khi bị nhận xét khiên cưỡng, thiếu logic. Nhìn mặt bằng chung thị trường, Trấn Thành vẫn được đánh giá có ưu thế. Với đề tài không mới là ngoại tình, đạo diễn chọn cách tiếp cận giàu kịch tính, lồng ghép yếu tố giải trí và cảm xúc gia đình để tạo sự gần gũi với số đông. Chính sự kết hợp giữa yếu tố thị trường và nỗ lực làm mới cách kể đã giúp Thỏ ơi giữ được sức hút mạnh mẽ, cả trên phòng vé lẫn không gian thảo luận trực tuyến. Ở thời điểm hiện tại, cán cân doanh thu cho thấy Trấn Thành tiếp tục giữ vị trí dẫn đầu. Tuy vậy, cuộc đua phòng vé vẫn còn dư địa thay đổi khi thời gian công chiếu kéo dài và phản hồi khán giả tiếp tục được tích lũy. Vấn đề phân bổ suất chiếu luôn là bài toán đau đầu của nhà rạp, cũng là yếu tố quyết định sống còn với vòng đời thương mại của bộ phim. Về việc ""Thỏ... Nguồn: [Link nguồn]Nguồn: [Link nguồn]"
d0e35194bb4e7ec288eba947c7ef084a,Hôn nhân đẹp hơn cả phim của trai đẹp Tử chiến trên không,2026-02-25T07:20:42+00:00,24h,https://www.24h.com.vn/giai-tri/hon-nhan-dep-hon-ca-phim-cua-trai-dep-tu-chien-tren-khong-c731a1740069.html,vi,phim,Xuân Phúc|diễn viên Xuân Phúc là ai|Diễn viên Tử chiến trên không|vợ diễn viên Xuân Phúc,,"Lưu bài viết thành công Bạn có thể xem lại bài viết đã lưu ở trangTin bài đã lưu Xuân Phúc ngoài tài năng và sắc vóc trên phim điện ảnh lẫn truyền hình, anh còn gây chú ý, bởi chuyện tình yêu ""lãng mạn hơn cả phim"". Khi nghe anh tiết lộ chuyện của anh và bà xã, nhiều khán giả đã không khỏi bất ngờ và ngưỡng mộ. Xuân Phúc gây ấn tượng với vai diễn cơ trưởng Long trong phim điện ảnh Tử chiến trên không Ít ai biết rằng, phía sau hình ảnh người đàn ông Việt cổ sống trọn vẹn với tình yêu keo sơn cùng Tiên Dung trên màn ảnh, Xuân Phúc ngoài đời cũng có một câu chuyện tình đầy duyên nợ, bắt đầu từ một cuộc gặp gỡ tưởng chừng rất tình cờ nhưng lại là định mệnh kết nối 2 người ở bên nhau. Xuân Phúc vào vai Chử Đồng Tử trong ""Huyền tình dạ trạch"". Trong ""Huyền tình dạ trạch"", Xuân Phúc hóa thân thành Chử Đồng Tử - một trong ""Tứ bất tử"" của tín ngưỡng dân gian Việt Nam. Chuyện tình giữa Chử Đồng Tử và Tiên Dung được khắc họa giản dị nhưng sâu sắc, bắt nguồn từ cuộc gặp gỡ bất ngờ khi Tiên Dung tắm tiên, để rồi từ đó mở ra một mối nhân duyên vượt qua mọi ranh giới thân phận, địa vị. Với Xuân Phúc, đây không chỉ là một vai diễn thử thách về hình thể và tâm lý, mà còn là cơ hội để anh chiêm nghiệm nhiều hơn về giá trị của tình yêu. Chia sẻ về sự đồng điệu giữa tình yêu trong phim và ngoài đời, nam diễn viên cho rằng, dù ở thời Việt cổ hay thời hiện đại, con người vẫn luôn yêu bằng sự chân thành, với tình cảm ban sơ nhất. ""Cách thể hiện tình cảm có thể khác nhau theo từng thời kỳ nhưng bản chất của tình yêu thì không thay đổi. Khi đã thương ai đó thật lòng, người ta sẽ tự nhiên muốn ở bên, muốn che chở và san sẻ"", Xuân Phúc bộc bạch. Xuân Phúc và vợ gặp nhau khi cùng tham gia một dự án quảng cáo. Ít ai ngờ rằng, ngoài đời, Xuân Phúc và vợ anh cũng có một cuộc gặp gỡ ""duyên trời định"". Cả hai quen nhau trong một lần cùng tham gia quay quảng cáo. Khi ấy, Xuân Phúc vào vai chú rể, còn người phụ nữ sau này trở thành vợ anh lại đảm nhận vai cô dâu. ""Ngay từ lần đầu gặp, cả hai đã có ấn tượng khá tốt về nhau"", Xuân Phúc nhớ lại. Sau buổi làm việc chung, họ bắt đầu trò chuyện nhiều hơn, tìm hiểu nhau một cách rất tự nhiên với những câu chuyện công việc, gia đình. Từ những cuộc nói chuyện giản đơn, tìm thấy sự đồng điệu trong cách nghĩ, cách sống nên không lâu sau đó, cả hai chính thức bước vào mối quan hệ yêu đương nghiêm túc. Cặp đôi đã bên nhau suốt ba năm trước khi quyết định về chung một nhà. Với Xuân Phúc, đó là quãng thời gian đủ dài để cả hai hiểu rõ tính cách, lối sống và học cách dung hòa, nhường nhịn nhau trong cuộc sống. ""Chúng tôi tìm được tiếng nói chung, không chỉ trong suy nghĩ mà cả trong cách đối diện với những vấn đề thường ngày"", anh chia sẻ. Khác với hình dung của nhiều người về một gia đình nghệ sĩ, cuộc sống hôn nhân của Xuân Phúc lại khá giản dị. Vợ anh là nhân viên văn phòng, công việc bận rộn từ sáng đến tối. Xuân Phúc luôn tự hào khi sánh bước cùng vợ tham gia các sự kiện. Vì đặc thù nghề diễn có thời gian linh hoạt hơn, nam diễn viên chủ động gánh vác phần lớn việc nhà. Với anh, đó không phải là sự hy sinh, mà là lựa chọn tự nhiên của một người chồng muốn san sẻ cùng vợ. ""Khi mình có nhiều thời gian hơn thì mình làm thôi, không có chuyện phân định rõ ràng việc này của ai, việc kia của ai"", Xuân Phúc nói. Kể từ khi vợ sinh con, anh gần như đảm nhận toàn bộ việc chăm sóc em bé, từ tắm cho con, thay bỉm, ru con ngủ,… còn ""vợ chỉ tập trung cho con bú"", anh tiết lộ. Khi con lớn hơn, Xuân Phúc lại là người đưa con đi học mỗi sáng, để vợ có thể yên tâm chuẩn bị cho công việc. Buổi tối, nếu vợ nấu cơm, anh sẽ là người rửa bát, dọn dẹp, để vợ có thêm thời gian nghỉ ngơi, thư giãn sau một ngày làm việc vất vả. Những việc làm tưởng chừng nhỏ nhặt ấy, theo Xuân Phúc, chính là cách để giữ gìn hạnh phúc gia đình. Nam diễn viên quan niệm, trong xã hội hiện đại, sự bình đẳng không chỉ nằm ở lời nói mà phải thể hiện bằng hành động cụ thể. ""Vợ chồng là bạn đồng hành. Người này bận thì người kia làm, người kia mệt thì người này gánh đỡ. Quan trọng là cả hai đều thấy được sự cố gắng của nhau"", anh chia sẻ. Vẻ ngoài điển trai của diễn viên Xuân Phúc. Chính nhờ sự thấu hiểu và san sẻ đó, suốt nhiều năm qua, vợ chồng Xuân Phúc vẫn giữ được sự vui vẻ, gắn bó như thuở ban đầu. Với anh, hạnh phúc không đến từ những điều lớn lao, mà từ cảm giác được cùng nhau vượt qua những lo toan thường nhật. Tham gia dự án Huyền tình Dạ trạch, Xuân Phúc phải bay ra Bắc làm việc trong thời gian dài, đồng nghĩa với việc vợ anh ở nhà một mình quán xuyến mọi việc. Cũng vì thế nên nam diễn viên rất chạnh lòng và thương vợ nhiều hơn. ""Trong thời gian mình đi quay, vợ phải dậy sớm lo cho con, lo công việc, chắc chắn sẽ rất vất vả và không còn nhiều thời gian cho bản thân"", anh chia sẻ. Xuân Phúc cho biết, khi dự án vừa kết thúc và trở về TP.HCM, anh sẽ cố gắng bù đắp cho vợ quãng thời gian vất vả vừa qua. Xuân Phúc là gương mặt quen thuộc với khán giả truyền hình. Anh từng được biết đến khi tham gia The Face trong đội của Minh Hằng, sau đó góp mặt trong nhiều dự án phim như: Đấu trí, Chạm tay vào nỗi nhớ, Trái tim có nắng, Điệp vụ chân dài... Gần đây nhất, anh gây chú ý với vai cơ trưởng Long trong Tử chiến trên không và đặc biệt là vai Chử Đồng Tử trong Huyền tình Dạ trạch. Ngoài ra, Xuân Phúc còn để lại ấn tượng mạnh khi tham gia Sao nhập ngũ qua hai mùa với hình ảnh nam tính, kỷ luật, bản lĩnh. Xuất hiện trong dự án điện ảnh “Huyền tình Dạ Trạch”, Xuân Phúc gây chú ý với ngoại hình săn chắc, phong trần khi hóa thân Chử Đồng Tử – nhân vật... Nguồn: [Link nguồn]Nguồn: [Link nguồn]"
27f20092e12a778e70f60143d7ffc7d5,Jisoo của BLACKPINK đang hẹn hò với bạn trai ngôi sao hàng đầu Jay Park?,2026-02-25T04:19:00+00:00,24h,https://www.24h.com.vn/giai-tri/jisoo-cua-blackpink-dang-hen-ho-voi-ban-trai-ngoi-sao-hang-dau-jay-park-c731a1740006.html,vi,phim,Jisoo của BLACKPINK|báo 24h|giải trí 24h|Monthly Boyfriend|BLACKPINK|Jisoo|Seo Kang Joon|Lee Soob Hyuk|Ong Seong Wu|Lee Jae Wook|Lee Hyun Wook|Kim Young Dae|Jay Park|Park Jae Beom,,"Lưu bài viết thành công Bạn có thể xem lại bài viết đã lưu ở trangTin bài đã lưu Jisoo của BLACKPINK sẽ vào vai Mi Rae, nhân vật chính trong một bộ phim hài lãng mạn đầy kích thích sắp ra mắt của Netflix “Monthly Boyfriend”, khi bạn trai ngôi sao hàng đầu của Mi Rae trong phim được tiết lộ là Park Jae Beom. Sẽ khởi chiếu vào ngày 6/3, “Monthly Boyfriend” kể về Mi Rae, một nhà sản xuất webtoon mệt mỏi với thực tế cuộc sống hàng ngày, người đã đăng ký một dịch vụ mô phỏng hẹn hò ảo cho phép cô trải nghiệm tình yêu theo ý muốn. Tên phim “Monthly Boyfriend” vừa ám chỉ đến chính bộ phim, vừa ám chỉ đến nền tảng đăng ký ảo trong phim cung cấp những người bạn trai ảo có thể tùy chỉnh. Kết hợp những khó khăn đời thường nơi công sở với giấc mơ về tình yêu theo yêu cầu, bộ phim hứa hẹn mang đến những giây phút thư giãn đầy cảm xúc. Một trong những “Monthly Boyfriend” của Jisoo là ngôi sao hàng đầu Jay Park Các đoạn trailer được phát hành trước đó đã hé lộ dàn diễn viên toàn sao sẽ trở thành người yêu ảo của Mi Rae. Trong số đó có Seo Kang Joon, Lee Soob Hyuk, Ong Seong Wu, Lee Jae Wook, Lee Hyun Wook và Kim Young Dae, mỗi người đều thể hiện những nhân vật với sức hút và phong cách lãng mạn riêng biệt. Những hình ảnh mới được công bố càng làm tăng thêm sự mong chờ khi hé lộ sự biến hóa của các diễn viên thành những người bạn đời trong mơ của Mi Rae. Hơn thế, với việc Kim Sung Cheol trong vai bạn trai cũ ngoài đời thực của cô càng tạo thêm một lớp căng thẳng cảm xúc giữa thế giới ảo và thế giới thực. Cảnh phim, Seo Kang Joon vào vai Eun Ho, cùng Mi Rae có một khoảnh khắc ngọt ngào trong khuôn viên trường. Trong một cảnh phim, Seo Kang Joon vào vai Eun Ho, cùng Mi Rae có một khoảnh khắc ngọt ngào trong khuôn viên trường dưới những tán hoa anh đào rung rinh, gợi lên nỗi hoài niệm về mối tình đầu thời trẻ. Lee Soo Hyuk vào vai Si Woo, người thừa kế gia tộc tài phiệt đời thứ ba, người cuốn Mi Rrae vào một cuộc tình lãng mạn hào nhoáng, thượng lưu. Vẻ đẹp lạnh lùng hoàn hảo của anh ta trái ngược với ánh nhìn mãnh liệt chỉ dành riêng cho cô. Trong khi đó, Ong Seong Wu hóa thân thành một điệp viên bí ẩn xuất hiện trước Mi Rae trong cuộc sống giả làm tiếp viên hàng không. Lee Jae Wook vào vai một bác sĩ cao cấp đầy sức hút, Lee Hyun Wook vào vai một thẩm phán lịch lãm, và Park Jae Beom (Jay Park) đảm nhận vai trò một ngôi sao hàng đầu, tạo nên một dàn trai bao lộng lẫy được thiết kế để làm rung động trái tim Mi Rae. Jay Park đảm nhận vai trò một ngôi sao hàng đầu, người yêu ảo của Mi Rae. Việc giới thiệu nhân vật của Kim Sung Cheol trong vai bạn trai cũ của Mi Rae hé lộ một cốt truyện song song dựa trên thực tế, đặt ra câu hỏi liệu tình yêu đích thực có thể vượt qua được cả những mối tình ảo được dàn dựng hoàn hảo nhất hay không. Với cốt truyện giàu trí tưởng tượng và dàn diễn viên tài năng, “Monthly Boyfriend” hứa hẹn sẽ mang đến cả sự duyên dáng hài hước và những khoảnh khắc lãng mạn khi ra mắt trên Netflix vào tháng tới. Từ bản hit ""APT"", Rose được đề cử cho 3 hạng mục quan trọng ở Grammy 2026 là Ca khúc của năm, Bản ghi của năm và Biểu diễn Pop đôi/nhóm xuất sắc nhất.... Nguồn: [Link nguồn]Nguồn: [Link nguồn]"
41b1b20e8e4a1584385e7c4d7cbaad99,Diễn viên Thần điêu đại hiệp TVB qua đời,2026-02-25T04:15:00+00:00,24h,https://www.24h.com.vn/giai-tri/dien-vien-than-dieu-dai-hiep-tvb-qua-doi-c731a1740013.html,vi,phim,Tiếu ngạo giang hồ|Du Biểu|diễn viên TVB|Hoàng Văn Tiêu,,"Lưu bài viết thành công Bạn có thể xem lại bài viết đã lưu ở trangTin bài đã lưu Theo HK01, nghệ sĩ qua đời tối 24/2, sau 12 ngày nhập viện cấp cứu. Bạn thân của anh - diễn viên Hoàng Văn Tiêu - cho biết Du Biểu đổ bệnh hôm 12/2, khi đang tiếp khách trong phòng làm việc. Lúc đó, Du Biểu gọi điện cho Hoàng Văn Tiêu nhờ gọi xe cấp cứu. Diễn viên Du Biểu. Ảnh: HK01 Trước khi nhập viện, Du Biểu trong trạng thái nửa tỉnh nửa mê, bác sĩ chẩn đoán anh bị xuất huyết não. Những ngày cuối đời, diễn viên hôn mê. Trong hầu hết tác phẩm, vai diễn của Du Biểu nhỏ, ít thoại và người xem có thể không nhớ được tên tài tử. Dù vậy, nhiều người cho biết chỉ cần nhìn gương mặt Du Biểu, họ thấy quen thuộc. Tin nghệ sĩ qua đời vào danh sách chủ đề được quan tâm nhất mạng xã hội Weibo ngày 25/2, khán giả viết: ""Nhiều diễn viên TVB tôi không nhớ được tên nhưng nhớ mặt, anh Du Biểu là một trong số đó, anh ấy đóng rất nhiều phim, mong anh an nghỉ"", ""Nhìn gương mặt Du Biểu là nhớ tới những tác phẩm từng xem, anh mất quá đột ngột"", ""Không có các lá xanh như anh thì cũng không có những phim kinh điển, cảm ơn anh sống trong tuổi thơ của chúng tôi"". Hơn 10 năm qua, Du Biểu không đóng phim, anh quản lý công ty phân phối sản phẩm vệ sinh, y tế. Hoàng Văn Tiêu làm thuê cho Du Biểu, hai người vừa là bạn vừa là đồng nghiệp ở TVB nên hiểu nhau. Du Biểu luôn tạo điều kiện để Hoàng Văn Tiêu đóng phim khi có cơ hội. Diễn viên Du Biểu trên màn ảnh TVB. Ảnh: Sina Hoàng Văn Tiêu chưa hết bàng hoàng vì sự ra đi của người bạn, diễn viên tiết lộ Du Biểu đã kết hôn, có con gái còn nhỏ. Tài tử nói: ""Anh ấy là bạn, là sếp của tôi. Tôi không biết phải nói thế nào, con gái còn nhỏ quá, tôi không biết phải làm thế nào để giúp gia đình anh ấy"". Du Biểu sinh năm 1968, đóng phim từ 1985, góp mặt trong hàng trăm phim của TVB. Anh đóng Á Biểu trong Nguyên Chấn Hiệp, Thẩm Thanh Cương trong Anh hùng xạ điêu 1994, đệ tử Cái Bang trong Thần điêu đại hiệp 1995, Lôi Chấn Tử trong Tây du ký 1996, Mễ Vi Nghĩa ở Tiếu ngạo giang hồ 1996. Hoàng Văn Tiêu (trái) từng được cha con Du Biểu chúc sinh nhật. Ảnh: HK01 Nghệ sĩ còn góp mặt trong các tác phẩm kinh điển khác của TVB như Đại thời đại, Hồ sơ trinh sát, Lộc đỉnh ký 1998, Thử thách nghiệt ngã, Lực lượng phản ứng, Bích huyết kiếm, Bàn tay nhân ái. Sang thập niên 2010, anh ít vai diễn, dần vắng bóng màn ảnh, tác phẩm cuối mà Du Biểu tham gia là Lan hoa kiếp (2017). Du Biểu (cầm gậy) trong ""Thần điêu đại hiệp"" 1995. Video: TVB Trong một chương trình năm 2025, một khán giả hỏi Du Biểu có từng nghĩ đến việc giành được vai chính, nghệ sĩ nói: ""Tôi biết tôi không phải hình mẫu đẹp trai, khó mà nổi tiếng được. Nhưng tôi thích diễn xuất, thích cảm giác được bước vào thế giới của nhân vật. Làm lá xanh (từ chỉ diễn viên phụ) cũng tốt, khi đạo diễn hô 'cắt', khán giả nhớ được vai diễn của tôi là đủ. Không đóng chính cũng có cái hay, tôi được sống tự tại hơn"". Từng là ngôi sao nhí ăn khách và được yêu thích tại Trung Quốc, nhưng sự nghiệp của ngôi sao nhí này lại vụt tắt từ rất sớm. Nguồn: [Link nguồn]Nguồn: [Link nguồn]"
5d998a9388176be1ff44559b0be71308,Trấn Thành: Nói tôi không giỏi là nói xạo,2026-02-25T01:47:38+00:00,24h,https://www.24h.com.vn/giai-tri/tran-thanh-noi-toi-khong-gioi-la-noi-xao-c731a1739863.html,vi,phim,Trấn Thành|phỏng vấn|dự án phim|nghệ sĩ|Thỏ ơi|sao Việt|báo phụ nữ|báo 24h|giải trí 24H,,"Lưu bài viết thành công Bạn có thể xem lại bài viết đã lưu ở trangTin bài đã lưu Khi phim “Thỏ ơi” tiệm cận doanh thu 200 tỷ đồng, Trấn Thành bất ngờ lên tiếng cầu xin khán giả vì tình trạng bị quay lén, lộ cái kết trên mạng xã... Nguồn: [Link nguồn]Nguồn: [Link nguồn]"
88a24537448737186c814de7760b28c4,Nam diễn viên soái ca có khả năng siêu nhiên trong Đồng hồ đếm ngược là ai?,2026-02-24T17:29:00+00:00,24h,https://www.24h.com.vn/giai-tri/nam-dien-vien-soai-ca-co-kha-nang-sieu-nhien-trong-dong-ho-dem-nguoc-la-ai-c731a1739019.html,vi,phim,Diễn viên Thanh Sơn,,"Lưu bài viết thành công Bạn có thể xem lại bài viết đã lưu ở trangTin bài đã lưu Thanh Sơn sinh năm 1991, là gương mặt quen thuộc trên sóng phim giờ vàng VTV. Xuất thân từ Đại học Sân khấu - Điện ảnh Hà Nội và là nghệ sĩ của Nhà hát Tuổi Trẻ, anh từng bước chinh phục khán giả qua nhiều bộ phim truyền hình ăn khách. Anh trở thành mẫu nam chính điển hình trên sóng giờ vàng và được nhiều khán giả ưu ái gọi bằng danh xưng “soái ca phim truyền hình”. Từ khi còn là sinh viên, Thanh Sơn đã được khán giả biết đến trong phim điện ảnh ""Mùi cỏ cháy"" (2012). Sau đó nam diễn viên đã khẳng định được khả năng và xuất hiện trong các bộ phim phát sóng khung ""giờ vàng"" VTV nhiều năm qua như: ""Cả một đời ân oán"" (2017-2018), ""Nàng dâu order"" (2019), ""Tình yêu và tham vọng"" (2020), ""Đừng bắt em phải quên"" (2020), ""Yêu hơn cả bầu trời"", ""11 tháng 5 ngày"" (2021), ""Đấu trí"" (2022), ""Gia đình mình vui bất thình lình"" (2023), ""Mình yêu nhau"", ""Bình yên thôi"" (2024). Diễn viên Thanh Sơn - gương mặt quen thuộc với khán giả cả nước. Ảnh VTV Năm 2025, nam diễn viên tham gia dự án điện ảnh và cực kỳ thành công với ""Tử chiến trên không"" và nhận giải thưởng Ngôi sao Xanh với vai Bình trong bộ phim này. Trước đó, nam diễn viên vốn là gương mặt thực lực ở mảng truyền hình, được vinh danh ở cả 3 lễ trao giải lớn gồm: Cánh diều, Bông sen Vàng và VTV Awards. Dù thành công và được nhiều người biết đến, song ngoài đời Thanh Sơn sống khá kín tiếng. Theo nam diễn viên, gặp càng ồn ào lại càng im lặng. Trước đây Thanh Sơn thấy phiền vì những tin đồn liên quan đến mình nhưng dần dần thấy quen nên ít dùng mạng xã hội cũng vì lý do này. Nam diễn viên rất thích nếu có ai phản biện nhận xét diễn đoạn này chưa tới. Còn chuyện đời tư lại không muốn khán giả nhắc tới mình nhiều. Thanh Sơn nhận giải thưởng Ngôi sao xanh với vai Bình trong phim điện ảnh ""Tử chiến trên không"". Trong bộ phim ""Đồng hồ đếm ngược"" đang được phát sóng trên VTV3, Thanh Sơn gây chú ý khi vào vai chính của phim. Đây là bộ phim truyền hình mới mang màu sắc khác biệt so với những dự án trước đó, kết hợp giữa yếu tố đời sống và siêu thực mang đến trải nghiệm mới cho khán giả. Bộ phim cũng là lần đầu tiên nam diễn viên thử sức với một vai diễn mang yếu tố siêu thực, đòi hỏi cách tiếp cận và thể hiện hoàn toàn mới. Thanh Sơn đảm nhận vai Thành - một chàng thanh niên tỉnh lẻ lên thành phố mưu sinh, đối mặt với nhiều áp lực và biến cố trong cuộc sống. Sau một sự kiện lớn làm thay đổi hoàn toàn số phận, nhân vật bất ngờ sở hữu năng lực đặc biệt, từ đó bước vào hành trình khám phá những bí ẩn xung quanh chính mình và thế giới mà anh đang sống. Qua từng thử thách, Thành dần học cách đối diện với mất mát, hiểu hơn về giá trị của thời gian, tình thân và tình người. Thanh Sơn trong bộ phim ""Đồng hồ đếm ngược"" đang phát sóng trên VTV3. Ảnh VTV Nhân vật Thành được xây dựng với nhiều lớp tâm lý, có những giai đoạn rơi vào trạng thái buông xuôi, mất phương hướng khi bị bạn thân và bạn gái cấu kết với nhau lừa dối về tiền bạc, phản bội về tình cảm. Trong bế tắc, Thành đã tự tử nhưng được chú chó Coddy cứu sống. Cũng từ đây, Thành phát hiện ra khả năng nói chuyện được với chú chó Coddy và có được siêu năng lực nhìn thấy thời gian sống còn lại của người khác. Kể từ đây, Thành phải nỗ lực cùng với chú chó Coddy thực hiện các nhiệm vụ của ""Thần chết"", đổi lại sẽ là kéo dài tuổi thọ của mẹ khi thời gian sống còn rất ngắn. Thanh Sơn và bạn diễn đặc biệt - chú chó Coddy. Ảnh FBNV Để có được những cảnh quay ăn ý trên phim, Thanh Sơn đã có 1 tháng ăn ở cùng bạn diễn đặc biệt này để cùng làm quen. Chú chó Coddy đã được chọn nhưng ở TP. Hồ Chí Minh. Vì thế, chú đã được gửi ra Hà Nội sống chung nhà với Thanh Sơn để hai bên làm quen trước khi phim bấm máy. Thanh Sơn có lần đầu tiên có trải nghiệm với một bạn diễn đặc biệt. Nam diễn viên chăm sóc bạn diễn một cách thường xuyên như cho bạn diễn ăn, ngủ, đi vệ sinh và tắm cho bạn diễn... ""Đồng hồ đếm ngược"" phát sóng vào 20h các ngày thứ Năm và thứ Sáu trên VTV3 hàng tuần. Phim được kể bằng tiết tấu nhanh kết hợp yếu tố hành động và nhiều tình tiết bất ngờ, gay cấn. Câu chuyện lấy yếu tố siêu thực để khai thác vấn đề rất đời thường - người con tìm mọi cách để trì hoãn cái chết của mẹ. Qua đó, bộ phim nhắn gửi khán giả thông điệp về tình mẫu tử, tình người và cách con người đứng trước cuộc đời nhiều khó khăn, cạm bẫy. Cùng sinh năm 1990, từng phủ sóng khung giờ vàng VTV, ba mỹ nhân này có lựa chọn khác biệt: người làm dâu hào môn, người ghi dấu trên màn ảnh, sân... Nguồn: [Link nguồn]Nguồn: [Link nguồn]"
d3daa59e4dacd885c1dfe748528721f0,Kỳ thi riêng vào trường sư phạm lớn nhất phía Nam có cách tính điểm đặc biệt,2026-02-25T18:00:00+00:00,24h,https://www.24h.com.vn/giao-duc-du-hoc/ky-thi-rieng-vao-truong-su-pham-lon-nhat-phia-nam-co-cach-tinh-diem-dac-biet-c216a1740109.html,vi,giao-duc-du-hoc,ĐH Sư phạm TPHCM|đánh giá năng lực|kỳ thi 2026|tuyển sinh|đăng ký thi|đại học,,"Lưu bài viết thành công Bạn có thể xem lại bài viết đã lưu ở trangTin bài đã lưu Sáng 25/2, Trường ĐH Sư phạm TPHCM chính thức thông báo mở cổng đăng ký dự thi kỳ thi đánh giá năng lực chuyên biệt (H-SCA) đợt 1 năm 2026 vào lúc 11h30 cùng ngày. Theo thông báo, thí sinh muốn dự thi cần thực hiện đầy đủ 5 bước đăng ký trực tuyến, gồm truy cập hệ thống đăng ký, lựa chọn đợt thi - ca thi - môn thi, nộp lệ phí, kiểm tra kết quả và theo dõi giấy báo dự thi sẽ được gửi vào tài khoản cá nhân trước ngày thi. Đáng chú ý, sau khi nộp lệ phí thành công, thí sinh không được điều chỉnh ca thi hoặc môn thi đã chọn. Trường ĐH Sư phạm TPHCM mở cổng đăng ký dự thi kỳ thi đánh giá năng lực chuyên biệt (H-SCA) đợt 1 năm 2026 vào lúc 11h30 hôm nay. Ảnh: Fanpage nhà trường. Kỳ thi đánh giá năng lực chuyên biệt là một trong 4 phương thức tuyển sinh chính trong năm 2026. Năm nay, Trường ĐH Sư phạm TPHCM sử dụng các phương thức xét tuyển, gồm: Tuyển thẳng và ưu tiên xét tuyển; Xét tuyển thí sinh là học sinh lớp chuyên; Xét tuyển sử dụng kết quả thi tốt nghiệp THPT 2026 và xét tuyển sử dụng kết quả học tập THPT kết hợp thi đánh giá năng lực chuyên biệt. Thí sinh chỉ cần lựa chọn một môn duy nhất trong tổ hợp để tham dự kỳ thi đánh giá năng lực chuyên biệt và sử dụng điểm số đó cho xét tuyển. Hai môn còn lại trong tổ hợp sẽ được nhà trường xét dựa trên điểm học bạ hoặc điểm thi tốt nghiệp THPT. Đặc biệt, điểm của môn thi đánh giá năng lực chuyên biệt sẽ được nhân hệ số 2 khi tính điểm xét tuyển. Đối với các ngành Giáo dục Mầm non, Giáo dục Thể chất, Giáo dục Quốc phòng - An ninh sẽ xét tuyển sử dụng kết quả thi 2 môn năng khiếu kết hợp với kết quả thi tốt nghiệp THPT năm 2026 hoặc kết quả thi đánh giá năng lực chuyên biệt môn Toán hoặc Ngữ văn. Năm 2026, Trường ĐH Sư phạm TPHCM dự kiến tổ chức 3 đợt thi đánh giá năng lực chuyên biệt tại 5 địa điểm ở TPHCM, Đà Nẵng, Đắk Lắk và Tây Ninh với tổng quy mô khoảng 40.000 lượt thi. Các môn thi gồm Toán, Lý, Hóa, Sinh, Ngữ văn và tiếng Anh. Mỗi môn thi trực tuyến trên máy tính với thời gian làm bài 90 phút. Đợt 1 kỳ thi được lên lịch diễn ra vào các ngày 26-29/3, đợt 2 vào ngày 7-10/5 và đợt 3 vào ngày 29-31/5. Năm nay, trường dự kiến tuyển khoảng 5.175 chỉ tiêu cho cả cơ sở chính và hai phân hiệu ở Long An và Gia Lai. Sáng nay (3/2), Đại học Bách Khoa Hà Nội công bố kết quả điểm thi Đánh giá tư duy đợt 1 năm 2026. Theo đó, thí sinh có mức điểm cao nhất là 96,10/100. Nguồn: [Link nguồn]Nguồn: [Link nguồn]"
688eec0c87ac920fd6b198a009c1bea3,Gần 140.000 thí sinh đăng ký thi đánh giá năng lực ĐHQG TPHCM,2026-02-25T12:00:00+00:00,24h,https://www.24h.com.vn/giao-duc-du-hoc/gan-140000-thi-sinh-dang-ky-thi-danh-gia-nang-luc-dhqg-tphcm-c216a1740057.html,vi,giao-duc-du-hoc,thi đánh giá năng lực 2026|thi đánh giá năng lựuc 2026 ĐHQG TPHCM,,"Lưu bài viết thành công Bạn có thể xem lại bài viết đã lưu ở trangTin bài đã lưu Sáng 25-2, ĐHQG TPHCM cho biết tính đến thời hạn cuối đăng ký dự thi kỳ thi đánh giá năng lực đợt 1 năm 2026 có 137.376 thí sinh đăng ký dự thi, tăng 5,14% so với năm 2025. Trong đó, 134.737 thí sinh đã hoàn tất đóng lệ phí, tăng 4,99% so với năm trước. Thí sinh thi đánh giá năng lực năm 2025 ""Những con số này tiếp tục cho thấy sức hút ổn định và uy tín của kỳ thi đánh giá năng lực trong hệ thống tuyển sinh ĐH"" – TS Nguyễn Quốc Chính, Giám đốc Trung tâm Khảo thí và Đánh giá chất lượng đào tạo (ĐHQG TPHCM), đánh giá. Đợt 1 của kỳ thi đánh giá năng lực được tổ chức vào sáng ngày 5-4 (Chủ nhật) tại 54 đơn vị thuộc 15 tỉnh, thành phố (theo đơn vị hành chính sau sáp nhập), gồm: Huế, Đà Nẵng, Quảng Ngãi, Gia Lai, Đắk Lắk, Khánh Hòa, Lâm Đồng, TPHCM, Đồng Nai, Tây Ninh, Đồng Tháp, Vĩnh Long, An Giang, Cần Thơ và Cà Mau. Theo kế hoạch, từ ngày 28-3, thí sinh truy cập vào tài khoản để in phiếu báo dự thi. Kết quả thi đợt 1 dự kiến được công bố vào ngày 17-4. Năm 2026, ĐHQG TPHCM tiếp tục tổ chức kỳ thi đánh giá năng lực với hai đợt thi, đồng thời mở rộng phạm vi tổ chức tại nhiều tỉnh, thành phố trên cả nước nhằm tạo điều kiện thuận lợi cho thí sinh và đáp ứng nhu cầu sử dụng kết quả xét tuyển của các cơ sở giáo dục ĐH. Đợt 2 bắt đầu nhận đăng ký từ ngày 18-4 đến hết ngày 25-4. Kỳ thi sẽ diễn ra vào ngày 24-5 tại 36 đơn vị thuộc 9 tỉnh, thành phố gồm: Huế, Gia Lai, Đắk Lắk, Khánh Hòa, Lâm Đồng, TPHCM, Đồng Nai, Đồng Tháp và An Giang. Kết quả thi đợt 2 dự kiến được công bố vào ngày 6-6. Theo ĐHQG TPHCM, việc duy trì hai đợt thi trong năm giúp thí sinh có thêm cơ hội lựa chọn thời điểm phù hợp, đồng thời góp phần giảm áp lực trong một kỳ thi duy nhất. Cấu trúc và nội dung bài thi V-ACT năm 2026 được xây dựng trên cơ sở cấu trúc đề thi đã được điều chỉnh và áp dụng từ năm 2025, phù hợp với Chương trình GDPT 2018. Kỳ thi hướng đến mục tiêu đánh giá chính xác năng lực học tập ở bậc đại học của thí sinh, bảo đảm tính công bằng và cơ hội bình đẳng trong tiếp cận giáo dục ĐH. Bài thi năm 2026 gồm 120 câu hỏi trắc nghiệm khách quan nhiều lựa chọn, thời gian làm bài 150 phút, được tổ chức theo hình thức thi trên giấy. Cấu trúc bài thi gồm ba phần: Sử dụng ngôn ngữ: 60 câu hỏi (30 câu tiếng Việt và 30 câu tiếng Anh); toán học: 30 câu hỏi; tư duy khoa học: 30 câu hỏi. Theo ĐHQG TPHCM, cách phân bổ này nhằm đánh giá toàn diện các năng lực cốt lõi như tư duy logic, phân tích số liệu và suy luận khoa học, thay vì kiểm tra kiến thức đơn lẻ theo từng môn học. Năm 2026, ĐHQG TPHCM áp dụng chính sách miễn 100%, giảm 70% và giảm 50% lệ phí dự thi đối với thí sinh có hoàn cảnh khó khăn. Thí sinh thuộc diện miễn, giảm cần nghiên cứu kỹ quy định và thực hiện đầy đủ quy trình, thủ tục theo hướng dẫn. Đối với giấy tờ dự thi, thí sinh bắt buộc phải xuất trình bản chính còn thời hạn sử dụng của thẻ căn cước, căn cước công dân hoặc hộ chiếu đã dùng để đăng ký. Trường hợp giấy tờ tùy thân bản chính bị thất lạc vì lý do bất khả kháng, thí sinh có thể sử dụng căn cước điện tử trên ứng dụng VNeID để làm thủ tục dự thi, đồng thời phải thực hiện các thủ tục chứng thực tại hội đồng thi theo đúng quy định. Từ 9h ngày 1/2, Đại học Quốc gia Hà Nội mở cổng đăng ký thi đánh giá năng lực HSA, lệ phí thi một đợt là 600.000 đồng. Nguồn: [Link nguồn]Nguồn: [Link nguồn]"
03b83923bb273d5bd5505ab57e05c5ac,Nhiều điểm mới trong tuyển sinh đại học năm 2026 của các trường Y Dược,2026-02-25T10:00:00+00:00,24h,https://www.24h.com.vn/giao-duc-du-hoc/nhieu-diem-moi-trong-tuyen-sinh-dai-hoc-nam-2026-cua-cac-truong-y-duoc-c216a1740008.html,vi,giao-duc-du-hoc,phương thức xét tuyển|ngành sức khỏe|trường đại học|tuyển sinh|đại học y dược,,"Lưu bài viết thành công Bạn có thể xem lại bài viết đã lưu ở trangTin bài đã lưu Mới đây, Trường Đại học Y Dược Cần Thơ dự kiến tuyển sinh 14 ngành đào tạo trình độ đại học chính quy, gồm: Y khoa, Y học dự phòng, Y học cổ truyền, Răng - Hàm - Mặt, Dược học, Kỹ thuật y sinh, Điều dưỡng, Hộ sinh, Kỹ thuật xét nghiệm y học, Kỹ thuật hình ảnh y học, Y tế công cộng, Dinh dưỡng; đồng thời dự kiến mở thêm hai ngành mới là Kỹ thuật phục hồi chức năng và Tâm lý học. Nhà trường áp dụng 5 phương thức xét tuyển gồm: xét kết quảkỳ thi tốt nghiệp THPTnăm 2026; xét kết quả kỳ thi đánh giá năng lực V-SAT; tuyển thẳng và ưu tiên xét tuyển theo quy chế của Bộ Giáo dục và Đào tạo; xét tuyển theo diện đặt hàng/hợp đồng đào tạo; và xét tuyển thí sinh là người nước ngoài. Ngành Y khoa chỉ sử dụng tổ hợp B00, trong khi các ngành còn lại xét tuyển đa dạng các tổ hợp như A00, B08, D07, A01. Riêng ngành Y tế công cộng và ngành Tâm lý học dự kiến có thêm tổ hợp C00 và D01. Tổng chỉ tiêu tuyển sinh dự kiến khoảng 2.700 sinh viên. Trường Đại học Y Dược - Đại học Huế cũng vừa dự kiến tuyển sinh 1.690 chỉ tiêu đại học chính quy cho các ngành: Y khoa, Răng - Hàm - Mặt, Dược học, Y học cổ truyền, Y học dự phòng, Điều dưỡng, Hộ sinh, Kỹ thuật xét nghiệm y học, Kỹ thuật hình ảnh y học và Y tế công cộng. Nhà trường áp dụng 4 phương thức tuyển sinh, trong đó phương thức chủ đạo là xét tuyển dựa trên kết quả kỳ thi tốt nghiệp THPT năm 2026 theo tổ hợp phù hợp từng ngành. Bên cạnh đó là tuyển thẳng, ưu tiên xét tuyển theo quy định; xét tuyển kết hợp đối với thí sinh có chứng chỉ tiếng Anh quốc tế còn hiệu lực (điểm chứng chỉ được quy đổi theo đề án tuyển sinh); và xem xét sử dụng kết quả kỳ thi đánh giá năng lực theo quy định hiện hành để mở rộng nguồn tuyển. Các ngành Y khoa, Răng - Hàm - Mặt và Dược học chủ yếu sử dụng tổ hợp B00. Năm 2026, nhiều trường tiếp tục điều chỉnh phương thức tuyển sinh và mở rộng ngành học nhằm nâng cao chất lượng đào tạo nguồn nhân lực y tế. Trường Đại học Khoa học Sức khỏe - Đại học Quốc gia TP.HCM công bố phương thức xét tuyển tổng hợp theo chủ trương chung của Đại học Quốc gia TP.HCM. Điểm xét tuyển được xác định trên cơ sở kết hợp điểm thi đánh giá năng lực, điểm thi tốt nghiệp THPT và điểm học bạ THPT, cùng điểm cộng (nếu có). Tỷ trọng dự kiến gồm: điểm thi đánh giá năng lực chiếm tối thiểu 40%, điểm thi tốt nghiệp THPT tối đa 35% và điểm học bạ tối đa 25%. Các ngành Y khoa, Răng - Hàm - Mặt, Y học cổ truyền và Điều dưỡng xét tuyển theo tổ hợp B00 và A02; ngành Dược học xét tuyển theo tổ hợp B00 và A00. Điểm các tiêu chí được quy đổi về thang điểm 100 và làm tròn đến một chữ số thập phân. Thí sinh có chứng chỉ ngoại ngữ quốc tế từ IELTS 6.0 trở lên hoặc có kết quả SAT từ 1.280 điểm được xem xét cộng điểm theo quy định. Khoảng 5% tổng chỉ tiêu được dành cho tuyển thẳng và ưu tiên xét tuyển thẳng. Trước đó, Trường Đại học Y Hà Nội đã công bố phương án tuyển sinh dự kiến năm 2026. Trường dành khoảng 40% chỉ tiêu cho xét tuyển thẳng theo quy định và 60% chỉ tiêu cho xét tuyển dựa trên kết quả kỳ thi tốt nghiệp THPT. Nhà trường sử dụng 6 tổ hợp xét tuyển gồm A00, A01, B00, D01, D07 và D10; không còn sử dụng tổ hợp C00 và B08 như một số năm trước. Tổng chỉ tiêu dự kiến khoảng 2.150 sinh viên cho hơn 15 ngành đào tạo tại cơ sở Hà Nội và phân hiệu Thanh Hóa, trong đó ngành Y khoa tiếp tục chiếm tỷ trọng lớn nhất. Đối với Trường Đại học Y Dược TP.HCM, năm 2026 nhà trường được phép tuyển sinh thí điểm ngành Công nghệ dược phẩm trình độ đại học. Đây là ngành đào tạo mới thuộc lĩnh vực Dược học, tập trung vào công nghệ bào chế, thiết kế và vận hành quy trình sản xuất, kiểm soát chất lượng theo tiêu chuẩn thực hành sản xuất tốt và nghiên cứu phát triển thuốc. Ngành Công nghệ dược phẩm dự kiến xét tuyển theo các tổ hợp B00, A00 và D07, với các phương thức gồm: xét kết quả thi tốt nghiệp THPT năm 2026; xét kết hợp kết quả thi tốt nghiệp THPT với chứng chỉ quốc tế; và tuyển thẳng đối với thí sinh đạt giải trong kỳ thi học sinh giỏi quốc gia, quốc tế các môn phù hợp. Nhà trường đồng thời thông báo mở ngành Tâm lý học theo định hướng lâm sàng, dự kiến tuyển sinh từ năm 2026. Tại Trường Đại học Y khoa Phạm Ngọc Thạch, năm 2026 trường dự kiến tuyển sinh 13 ngành, trong đó ngành Y khoa và ngành Điều dưỡng đều có 2 chương trình đào tạo. Nhà trường áp dụng 3 phương thức xét tuyển gồm: xét kết quả kỳ thi tốt nghiệp THPT; tuyển thẳng theo quy chế tuyển sinh; và phương thức khác theo đề án tuyển sinh. Các tổ hợp xét tuyển tính theo thang điểm 30, không nhân hệ số và có môn bắt buộc là Toán; không áp dụng độ lệch điểm giữa các tổ hợp. Đối với tổ hợp có môn tiếng Anh, chỉ sử dụng điểm thi tốt nghiệp THPT năm 2026, không quy đổi từ chứng chỉ ngoại ngữ. Việc nhiều trường đại học y dược công bố sớm phương án tuyển sinh năm 2026 được đánh giá là bước chuẩn bị quan trọng, tạo điều kiện để thí sinh chủ động định hướng lựa chọn ngành học phù hợp, đồng thời góp phần nâng cao chất lượng tuyển sinh và đáp ứng yêu cầu phát triển nguồn nhân lực y tế trong giai đoạn mới. Bộ Giáo dục và Đào tạo vừa ban hành Quy chế tuyển sinh đại học năm 2026 với nhiều thay đổi quan trọng, thí sinh cần đặc biệt lưu ý Nguồn: [Link nguồn]Nguồn: [Link nguồn]"
7a95fa8e7ca10be831052896cf0b6c69,Những trường đại học ở Hà Nội quy đổi chứng chỉ IELTS từ 5.0,2026-02-25T08:00:00+00:00,24h,https://www.24h.com.vn/giao-duc-du-hoc/nhung-truong-dai-hoc-o-ha-noi-quy-doi-chung-chi-ielts-tu-50-c216a1740061.html,vi,giao-duc-du-hoc,quy đổi điểm|IELTS|đại học|trường đại học|Hà Nội|chứng chỉ IELTS|phương án tuyển sinh|chỉ tiêu tuyển sinh|xét tuyển đại học,,"Lưu bài viết thành công Bạn có thể xem lại bài viết đã lưu ở trangTin bài đã lưu Hiện tại, hàng loạt trường đã đưa ra mức quy đổi chứng chỉ ngoại ngữ quốc tế sang điểm thi môn Tiếng Anh. Trong số đó, nhiều trường chấp nhận mức quy đổi IELTS từ 5.0. Chẳng hạn, Đại học Bách khoa Hà Nội cho phép thí sinh có chứng chỉ ngoại ngữ quy đổi sang điểm môn Ngoại ngữ khi xét tuyển bằng điểm thi tốt nghiệp THPT hoặc được cộng điểm thưởng khi xét tuyển bằng kết quả thi đánh giá tư duy theo quy định. Trong đó, thí sinh có IELTS 5.0 sẽ được quy đổi thành 8,5 điểm; 5.5 quy đổi thành 9 điểm; 6.0 quy đổi thành 9,5 điểm và từ IELTS 6.5 trở lên được quy đổi thành 10 điểm. Tương tự, Trường Đại học Xây dựng Hà Nội cũng cho phép thí sinh được sử dụng IELTS từ 5.0 để quy đổi thành điểm môn Tiếng Anh. Với 5.0 IELTS, thí sinh sẽ được quy đổi thành 8 điểm; 5.5 IELTS quy đổi thành 8,5 điểm; 6.0 IELTS quy đổi thành 9 điểm; 6.5 IELTS quy đổi thành 9,5 điểm. Từ 7.0 đến 9.0 IELTS, thí sinh được quy đổi thành 10 điểm. Học viện Nông nghiệp Việt Nam trong năm 2026 lại cho phép thí sinh quy đổi điểm IELTS từ 4.0 thay vì từ 5.0 như năm ngoái. Cụ thể, nếu thí sinh không tham gia thi môn Ngoại ngữ trongkỳ thi tốt nghiệp THPTnăm 2026 nhưng có chứng chỉ IELTS thì được quy đổi điểm môn ngoại ngữ tương ứng để tham gia xét tuyển bằng kết quả thi tốt nghiệp THPT. Trong đó, 4.0 IELTS sẽ được quy đổi thành 6 điểm; 4.5 IELTS quy đổi thành 7; 5.0 IELTS quy đổi thành 8; 5.5 IELTS quy đổi thành 9. Từ 6.0 IELTS, thí sinh sẽ được quy đổi thành 10 điểm. Học viện Báo chí và Tuyên truyền dự kiến cho phép thí sinh quy đổi điểm IELTS để thay thế môn Tiếng Anh trong phương thức xét điểm thi tốt nghiệp THPT hoặc quy đổi để xét tuyển kết hợp. Trường quy đổi IELTS từ 5.0 trở lên, trong đó đạt 5.0 IELTS được tính 7 điểm; 5.5 IELTS quy đổi thành 8; 6.0 IELTS quy đổi thành 9; 6.5 IELTS quy đổi thành 9,5. Từ 7.0 IELTS trở lên, thí sinh sẽ được tính 10 điểm. Trường Đại học Khoa học và Công nghệ Hà Nội cũng cho phép thí sinh quy đổi chứng chỉ tiếng Anh thay thế điểm môn Tiếng Anh trong xét tuyển. Trường sẽ quy đổi điểm cho các thí sinh có IELTS từ 5.0 trở lên. Trong đó, mức 5.0 sẽ được quy đổi thành 7; 5.5 quy đổi thành 7,5; 6.0 quy đổi thành 8; 6.5 quy đổi thành 8,5; 7.0 quy đổi thành 9; 7.5 quy đổi thành 9,5. Trường chỉ tính điểm 10 cho thí sinh có IELTS từ 8.0 trở lên. Thí sinh dự thi tốt nghiệp THPT tại Hà Nội. Ảnh: Phạm Hải Như vậy, trong số những trường trên, Đại học Khoa học và Công nghệ Hà Nội đưa ra yêu cầu cao nhất khi 8.0 IELTS mới tính là 10 điểm môn Tiếng Anh. Một số trường khác cũng cho phép quy đổi điểm IELTS năm 2026, tuy nhiên mức thấp nhất để được quy đổi là từ 5.5, chẳng hạn như Đại học Kinh tế Quốc dân. Theo quy chế tuyển sinh đại học được Bộ GD-ĐT công bố mới đây, Bộ yêu cầu các trường công bố bảng quy đổi kết quả chứng chỉ ngoại ngữ phải có tối thiểu 5 mức chênh lệch ứng với thang điểm của chứng chỉ sử dụng. Quy định này nhằm khắc phục tình trạng các trường quy đổi một dải điểm chứng chỉ rộng thành một mức điểm chung rất cao, thậm chí 9-10. Ví dụ, thí sinh có 6.5 IELTS và 9.0 IELTS cùng được quy thành 10 điểm, gây mất công bằng. Bên cạnh đó, Bộ GD-ĐT lưu ý chứng chỉ ngoại ngữ chỉ được dùng trong quy đổi điểm hoặc sử dụng cho điểm thưởng, nhằm chấm dứt tình trạng nhiều trường vừa quy đổi chứng chỉ ngoại ngữ sang mức điểm cao, vừa cộng thêm 0,5-3 điểm khuyến khích cho thí sinh có IELTS hoặc các chứng chỉ tương đương. Việc “một thành tích được tính điểm hai lần” sẽ tạo ra lợi thế vượt trội cho nhóm thí sinh có chứng chỉ, gây mất công bằng trong tuyển sinh đại học, đặc biệt trong bối cảnh đề thi tiếng Anh tốt nghiệp THPT khó, độ phân hóa cao. Những điều chỉnh mới trong quy chế tuyển sinh đại học dự kiến áp dụng từ năm 2026, đặc biệt liên quan đến điểm cộng và chứng chỉ ngoại ngữ, đang khiến... Nguồn: [Link nguồn]Nguồn: [Link nguồn]"
e06999571c3053b50304f91588a08f93,Đại học Bách Khoa Hà Nội công bố phương thức tuyển sinh năm 2026,2026-02-25T06:06:42+00:00,24h,https://www.24h.com.vn/giao-duc-du-hoc/dai-hoc-bach-khoa-ha-noi-cong-bo-phuong-thuc-tuyen-sinh-nam-2026-c216a1740036.html,vi,giao-duc-du-hoc,Đại học Bách khoa Hà Nội|phương án tuyển sinh 2026,,"Lưu bài viết thành công Bạn có thể xem lại bài viết đã lưu ở trangTin bài đã lưu Về xét tuyển tài năng sẽ gồm các phương thức: Xét tuyển thẳng theo quy định của Bộ GD&ĐT; Xét tuyển dựa trên các chứng chỉ quốc tế; Xét tuyển dựa theo hồ sơ năng lực kết hợp phỏng vấn. Trong đó, xét tuyển thẳng theo quy định của Bộ GD&ĐT: Đối tượng là học sinh đạt thành tích cao trong kỳ thi chọn học sinh giỏi (HSG), kỳ thi khoa học, kỹ thuật (KHKT) cấp quốc gia(ViSEF) hoặc quốc tế (ISEF) do Bộ tổ chức hoặc cử tham gia. Thời gian đạt giải không quá 3 năm tính tới thời điểm xét tuyển thẳng. Thí sinh được triệu tập tham dự kỳ thi chọn đội tuyển Olympic hoặc đoạt giải Nhất, Nhì, Ba trong kỳ thi chọn HSG quốc gia các môn Toán, Lý, Hóa, Sinh, Tin, Ngoại ngữ được xét tuyển thẳng vào các ngành học phù hợp với môn đạt giải. Thí sinh trong đội tuyển quốc gia tham dự kỳ thi KHKT quốc tế hoặc đạt giải Nhất, Nhì, Ba trong kỳ thi KHKT cấp quốc gia do Bộ GD&ĐT tổ chức được xét tuyển thẳng vào ngành học phù hợp với lĩnh vực đề tài đã đăng ký dự thi. Xét tuyển theo chứng chỉ quốc tế: Đối tượng là thí sinh có điểm trung bình chung các môn văn hóa từng năm học lớp 10, 11, 12 đạt từ 8,0 trở lên theo thang điểm 10; Có ít nhất 1 trong các chứng chỉ Quốc tế còn hiệu lực như: SAT, ACT, A-Level, AP, IB. Đối với các chứng chỉ quốc tế có điểm thành phần môn học đánh giá theo hệ chữ, bảng quy đổi sang điểm số theo thang điểm 10 như sau: Xét tuyển theo hồ sơ năng lực kết hợp phỏng vấn: Thí sinh có điểm trung bình chung các môn văn hóa từng năm học lớp 10, 11, 12 đạt từ 8,0 trở lên theo thang điểm 10 và đáp ứng một trong những điều kiện do đơn vị quy định. Điểm hồ sơ năng lực (HSNL) của thí sinh được tính tối đa 100 điểm. Cách tính như sau: Điểm HSNL = Điểm tư duy + Điểm thành tích + Điểm thưởng Trong đó, điểm tư duy (tối đa 40 điểm): Điểm tư duy được tính dựa trên điểm thi Đánh giá tư duy (TSA) của thí sinh trong năm 2025 hoặc 2026 và được tính theo công thức là điểm TSA x 40/60. Điểm thành tích (tối đa 50 điểm): Điểm thành tích của thí sinh được tính dựa trên tổng điểm các thành tích hợp lệ mà thí sinh đạt được và kê khai trên hệ thống. Điểm thưởng (tối đa 10 điểm): Điểm thưởng của thí sinh được tính cho các thành tích khác về học tập, nghiên cứu khoa học chưa được tính trong điểm thành tích; Chứng chỉ Ngoại ngữ; Các giải thưởng về văn hóa, văn nghệ, thể dục, thể thao (các giải thưởng về văn - thể - mỹ); Các khen thưởng về hoạt động xã hội, tình nguyện vì cộng đồng do thí sinh kê khai hợp lệ trên hệ thống. Phương thức thứ hai là xét tuyển theo điểm thi Đánh giá tư duy (TSA). Đối tượng là thí sinh tham dự kỳ thi ĐGTD năm 2025 hoặc 2026 do Đại học Bách khoa Hà Nội tổ chức. Phương thức thứ ba là xét tuyển theo điểm thi tốt nghiệp THPT 2026 Điều kiện dự tuyển là thí sinh đã tốt nghiệp THPT, đạt ngưỡng điểm sàn do Đại học Bách Khoa Hà Nội quy định. Năm nay, sẽ có 8 tổ hợp xét tuyển và môn chính sau: K01, A00, A01, B00, D01, D04, D07 và DD2. Công thức tính điểm xét tuyển đối với tổ hợp K01 như sau: [Toán x 3 + Ngữ văn x 1 + Lý/Hóa/Sinh/Tin x 2] x 1/2. Chính sách điểm quy đổi điểm chứng chỉ ngoại ngữ Theo Đại học Bách Khoa Hà Nội, thí sinh có chứng chỉ Ngoại ngữ (chứng chỉ tiếng Anh VSTEP, chứng chỉ tiếng Anh quốc tế hoặc các chứng chỉ Ngoại ngữ khác tương đương), có đăng ký xác thực trên hệ thống có thể quy đổi thành điểm môn tiếng Anh khi xét tuyển theo điểm thi tốt nghiệp THPT (tổ hợp A01, D01, D07) và cộng điểm thưởng khi xét tuyển theo phương thức xét tuyển tốt nghiệp và xét tuyển theo điểm thi đánh giá tư duy. Đối với thí sinh đăng ký xét tuyển vào các chương trình giảng dạy bằng tiếng Anh, các chương trình FL1 (Tiếng Anh KHKT và Công nghệ), FL3 (Tiếng Trung KH&CN) và FL4 (Tiếng Hàn KH&CN), ngoài các điều kiện cần thiết (theo các phương thức tuyển sinh), thí sinh cần đáp ứng một trong những điều kiện sau về trình độ tiếng Anh hoặc Ngoại ngữ tương đương như: Có chứng chỉ tiếng Anh VSTEP trình độ B1 trở lên hoặc có chứng chỉ IELTS (academic) đạt 5.0 trở lên hoặc tương đương hoặc có điểm thi tốt nghiệp THPT năm 2026 môn tiếng Anh đạt từ 6.5 điểm trở lên. Đối với thí sinh đăng ký xét tuyển vào các chương trình liên kết đào tạo quốc tế bao gồm TROY-IT và FL2 (Tiếng Anh chuyên nghiệp quốc tế), ngoài các điều kiện cần thiết (theo các phương thức tuyển sinh), thí sinh cần đáp ứng điều kiện về trình độ tiếng Anh là có chứng chỉ IELTS (academic) đạt 5.5 trở lên. Trường ĐH Bách khoa TPHCM, Trường ĐH Khoa học Xã hội và Nhân văn TPHCM và Trường ĐH Khoa học Sức khỏe thuộc ĐH Quốc gia TPHCM sẽ xét tuyển tổng hợp... Nguồn: [Link nguồn]Nguồn: [Link nguồn]"
619225d6408f9a9c72c30336eaf4bcce,"Dạy thêm giờ, nhà giáo phải chịu thuế thu nhập ra sao?",2026-02-25T05:00:00+00:00,24h,https://www.24h.com.vn/giao-duc-du-hoc/day-them-gio-nha-giao-phai-chiu-thue-thu-nhap-ra-sao-c216a1739674.html,vi,giao-duc-du-hoc,dạy thêm|giáo viên|thuế thu nhập|lương|công lập|quy định|thông tư,,"Lưu bài viết thành công Bạn có thể xem lại bài viết đã lưu ở trangTin bài đã lưu Bà Nguyễn Hoàng Linh là kế toán của một trường tiểu học băn khoăn về việc thực hiện chính sách thuế thu nhập cá nhân và thuế giá trị gia tăng trong lĩnh vực giáo dục cần được hướng dẫn cụ thể, trong đó có tiền dạy thêm giờ của giáo viên. Về nội dung này, mới đây, Thuế cơ sở 4 tỉnh Tây Ninh có ý kiến, tiền tăng giờ (dạy thêm giờ) của giáo viên công lập được quyết toán và chi trả khi kết thúc học kỳ hoặc sau khi kết thúc năm học. Đây là khoản thu nhập chịu thuế thu nhập cá nhân. Người có thu nhập phải thực hiện kê khai thuế thu nhập cá nhân và quyết toán thuế thu nhập cá nhân. Theo quy định của Bộ GD&ĐT, tiền lương 1 tiết dạy thêm của nhà giáo được tính bằng tiền lương 1 tiết dạy x 150%. Bộ GD&ĐT đã có quy định mới nhất về chế độ trả tiền lương dạy thêm giờ đối với nhà giáo trong cơ sở giáo dục công lập theo Thông tư 21 có hiệu lực từ ngày 23/9/2025. Trong đó, quy định tổng số tiết dạy thêm trong một năm học đối với nhà giáo để được tính tiền lương dạy thêm giờ không quá 200 tiết, trừ trường hợp đặc biệt, nhà trường không bố trí đủ số lượng giáo viên giảng dạy. Tiền lương của một tháng được xác định làm căn cứ tính trả tiền lương dạy thêm giờ của nhà giáo. Thông tư của Bộ GD&ĐT cũng quy định, thời điểm chi trả tiền lương dạy thêm giờ cho nhà giáo được thực hiện sau khi kết thúc năm học. Trường hợp nhà giáo nghỉ hưu, thôi việc hay điều động, thuyên chuyển thì việc chi trả tiền lương dạy thêm giờ phải được chi trả sớm, tại thời điểm nghỉ hoặc thuyên chuyển. Tổng số tiết dạy thêm trong năm học đối với nhà giáo được tính bằng, tổng số tiết dạy thực tế trừ định mức tiết dạy. Trong đó, tiền lương 1 tiết dạy thêm của nhà giáo được tính bằng tiền lương 1 tiết dạy x 150%. Nguồn kinh phí thực hiện chi trả tiền lương dạy thêm giờ được bố trí từ nguồn tài chính của đơn vị sự nghiệp công lập theo quy định. Ngay trong ngày đầu đi làm sau kỳ nghỉ Tết Nguyên đán, nhiều giáo viên Hà Nội đã nhận thông tin chi trả 4 tháng tiền thưởng theo quy định. Cùng thời... Nguồn: [Link nguồn]Nguồn: [Link nguồn]"
c09bfe38b845137229d89ed1243269aa,Tuyển sinh đại học năm 2026: Những thay đổi quan trọng,2026-02-25T01:30:00+00:00,24h,https://www.24h.com.vn/giao-duc-du-hoc/tuyen-sinh-dai-hoc-nam-2026-nhung-thay-doi-quan-trong-c216a1739938.html,vi,giao-duc-du-hoc,Tuyển sinh đại học|giáo dục,,"Lưu bài viết thành công Bạn có thể xem lại bài viết đã lưu ở trangTin bài đã lưu Các năm trước, điểm sàn thường chỉ được quy định bắt buộc đối với khối ngành sư phạm và sức khỏe. Song, từ năm 2026, Bộ Giáo dục và Đào tạo (GD-ĐT) đã thiết lập một ""ngưỡng"" chất lượng chung cho toàn hệ thống ĐH. Giống như trước năm 2017, hằng năm Bộ GD-ĐT đều đặt điểm ngưỡng xét tuyển cho từng tổ hợp môn truyền thống A, A1, B, C, D. Điều 6 Quy chế tuyển sinh ĐH năm 2026 quy định nguồn xét tuyển vào các chương trình đào tạo trình độ ĐH yêu cầu thí sinh phải có tổng điểm 3 môn thi trongkỳ thi tốt nghiệp THPTtheo tổ hợp xét tuyển đạt tối thiểu 15 theo thang điểm 30. Thí sinh cần lưu ý đến những thay đổi trong quy chế thi nhằm đạt kết quả tốt nhất cho kỳ thi tuyển sinh đại học năm 2026 .Ảnh: HUẾ XUÂN Như vậy, ngay cả khi sử dụng phương thức xét học bạ độc lập, thí sinh vẫn phải hoàn thành kỳ thi tốt nghiệp THPT với mức điểm tối thiểu 15/30 để đủ điều kiện ""cần"" bước vào ĐH. Thí sinh cần đặc biệt lưu ý rằng theo Kế hoạch tuyển sinh đã được ban hành, việc đăng ký nguyện vọng trên hệ thống tuyển sinh bắt đầu từ ngày 2-7 nhưng đến ngày 8-7, Bộ GD-ĐT mới công bố điểm sàn cho các ngành đặc thù. Sau ngày 8-7, thí sinh có thể điều chỉnh nguyện vọng nếu thấy điểm của mình dưới mức sàn quy định. Những tiêu chí cụ thể cho phương thức xét tuyển học bạ Quy chế tuyển sinh ĐH năm 2026 đã đưa ra những tiêu chí kỹ thuật rất cụ thể cho phương thức xét học bạ độc lập. Quy định chung yêu cầu thí sinh phải có tổng điểm 3 môn thi trong kỳ thi tốt nghiệp THPT theo tổ hợp xét tuyển phải đạt tối thiểu 15. Ngoài ra, quy chế còn yêu cầu tổ hợp xét tuyển học bạ phải sử dụng điểm trung bình chung kết quả học tập của cả 6 học kỳ (từ lớp 10 đến hết lớp 12) của tối thiểu 3 môn học. Trong tổ hợp xét tuyển bắt buộc phải có môn toán hoặc môn ngữ văn với trọng số tính điểm xét của mỗi môn không được thấp hơn 1/3 tổng điểm trong tổ hợp môn xét tuyển. Đối với khối ngành đào tạo giáo viên, quy định còn khắt khe hơn khi thí sinh chỉ được xét tuyển nếu đặt nguyện vọng vào các ngành này ở thứ tự ưu tiên từ 1 đến 5. Quy định này nhằm thu hút những người thực sự có đam mê và quyết tâm theo đuổi nghề giáo, tránh trường hợp ngành sư phạm chỉ là ""phương án dự phòng"" cuối danh sách nguyện vọng của thí sinh. Hệ thống điểm cộng và chứng chỉ quốc tế trong năm 2026 cũng được quy định lại để bảo đảm tính công bằng tuyệt đối giữa các nhóm thí sinh. Quy chế mới định nghĩa lại ""điểm cộng"" gồm 3 loại chính: điểm thưởng, điểm xét thưởng và điểm khuyến khích, với tổng mức tối đa không vượt quá 3 trên thang 30 (tương đương 10% tổng điểm xét tuyển). Đặc biệt, quy chế nhấn mạnh nguyên tắc không cộng dồn chồng chéo quyền lợi. Thí sinh chỉ được chọn một trong 2 hình thức: sử dụng chứng chỉ để quy đổi điểm môn ngoại ngữ, hoặc sử dụng chứng chỉ đó để cộng điểm khuyến khích. Các cơ sở đào tạo bắt buộc phải xây dựng bảng quy đổi kết quả chứng chỉ với tối thiểu 5 mức điểm chênh lệch, ứng với thang điểm của chứng chỉ sử dụng. Bộ GD-ĐT sẽ thống nhất tiêu chí đánh giá năng lực và giám sát việc tổ chức thi đánh giá năng lực của các cơ sở giáo dục ĐH trong năm 2026. Các kỳ thi riêng (đánh giá năng lực, đánh giá tư duy) đã trở thành ""tấm vé thứ hai"" quan trọng cho thí sinh, nhất là khi nhiều trường ĐH top trên ""chuyển hướng"" dùng phương thức kết hợp để xét tuyển, trong đó có sử dụng điểm thi của các kỳ thi đánh giá năng lực. Các kỳ thi đánh giá năng lực lớn đã được tổ chức từ nhiều năm qua như: kỳ thi đánh giá năng lực của ĐHQG Hà Nội (HSA), kỳ thi đánh giá năng lực của ĐHQG TP HCM (V-ACT), kỳ thi đánh giá tư duy của ĐH Bách khoa Hà Nội (TSA), kỳ thi đánh giá đầu vào ĐH trên máy tính (V-SAT), các kỳ thi đánh giá năng lực chuyên biệt khối sư phạm, kỳ thi của Bộ Công an (CAND)… Năm nay còn có thêm kỳ thi riêng của khối các trường ĐH thuộc Bộ Quốc phòng (QDA). Lịch thi năm 2026 của các kỳ thi riêng được công bố rải rác từ tháng 1 đến tháng 6. Bản chất của các kỳ thi đánh giá năng lực là kiểm tra tư duy hệ thống và khả năng vận dụng kiến thức, không phải kiểm tra khả năng học thuộc lòng. Do đó, việc nắm vững kiến thức nền tảng tại trường phổ thông là cách tốt nhất để đạt kết quả cao mà không cần tham gia quá nhiều ""lò"" luyện thi. Thí sinh chỉ nên chọn tối đa 1-2 kỳ thi riêng phù hợp nhất với thế mạnh của mình và phù hợp yêu cầu phương thức xét tuyển của trường ĐH, chứ không nhất thiết phải tham gia tất cả các kỳ thi riêng. Việc ""chạy sô"" quá nhiều kỳ thi riêng sẽ dẫn đến tình trạng đuối sức, gây áp lực tâm lý và lãng phí tài chính (lệ phí thi thường từ 450.000 đến 600.000 đồng/lượt). Từ năm 2026, mỗi thí sinh chỉ được đăng ký tối đa 15 nguyện vọng vào các chương trình đào tạo và cơ sở giáo dục ĐH khác nhau. Số lượng này cũng đã ""nới lỏng"" so với quy định 10 nguyện vọng trong dự thảo quy chế. Việc giới hạn 15 nguyện vọng buộc thí sinh phải có sự tìm hiểu nghiêm túc và định hướng nghề nghiệp rõ ràng ngay từ đầu; cân nhắc chiến lược sắp xếp các nguyện vọng khi đăng ký xét tuyển trên hệ thống. Tại các buổi tư vấn tuyển sinh - hướng nghiệp năm 2026, nhiều thí sinh đặt vấn đề thẳng thắn: Ra trường làm gì, cần chuẩn bị năng lực và học thế nào... Nguồn: [Link nguồn]Nguồn: [Link nguồn]"
05e75d8268e90836c5f9acb38385e09b,Thi tốt nghiệp THPT trên máy tính: Nhiều thách thức,2026-02-24T18:00:00+00:00,24h,https://www.24h.com.vn/giao-duc-du-hoc/thi-tot-nghiep-thpt-tren-may-tinh-nhieu-thach-thuc-c216a1739673.html,vi,giao-duc-du-hoc,Chuyển đổi số trong thi cử|Thi tốt nghiệp trên máy tính|Cơ sở hạ tầng công nghệ giáo dục|An ninh mạng và bảo mật dữ liệu,,"Lưu bài viết thành công Bạn có thể xem lại bài viết đã lưu ở trangTin bài đã lưu Bộ GD&ĐT đang xây dựng đề án trình Thủ tướng Chính phủ về “Tổ chức thi tốt nghiệp THPT trên máy tính giai đoạn 2027-2030”, đồng thời chuẩn bị các điều kiện triển khai. Trao đổi với phóng viên, TS Tôn Quang Cường, Chủ nhiệm Khoa Công nghệ giáo dục, Trường Đại học Giáo dục (Đại học Quốc gia Hà Nội), bày tỏ sự ủng hộ và kì vọng kế hoạch sớm được hiện thực hóa, với điều kiện phải chuẩn bị kĩ lưỡng, bài bản. Theo TS Tôn Quang Cường, việc tổ chức kì thi tốt nghiệp THPT trên máy tính mang lại nhiều lợi ích nổi bật, trước hết ở khía cạnh bảo đảm công bằng và minh bạch. Kì thi đánh giá tư duy của Đại học Bách khoa Hà Nội được tổ chức trên máy tính Chấm thi tự động bằng máy tính có thể loại bỏ yếu tố chủ quan của con người, hạn chế tối đa sai sót trong quá trình chấm điểm. Hệ thống thi kiểu này cũng cho phép tích hợp các công nghệ giám sát như nhận diện khuôn mặt, giám sát hành vi, khóa ứng dụng, xáo trộn đề thi ngẫu nhiên theo từng thí sinh hoặc nhóm thí sinh, qua đó tăng cường khả năng phòng, chống gian lận. GS.TS Huỳnh Văn Chương, Cục trưởng Cục Quản lí chất lượng giáo dục (Bộ GD&ĐT) cho biết, Bộ sẽ từng bước triển khai thi trên máy tính tại các địa phương đủ điều kiện, tiến tới áp dụng toàn quốc với các môn thi trắc nghiệm khi hạ tầng được đảm bảo đồng bộ. Bên cạnh đó, dữ liệu thi được mã hóa và lưu trữ tập trung, góp phần giảm nguy cơ lộ đề, sửa điểm hoặc các hành vi tiêu cực khác. Quy trình đăng kí, tổ chức thi, chấm thi và công bố kết quả được tự động hóa giúp tiết kiệm đáng kể thời gian, nhân lực và chi phí so với mô hình thi truyền thống vốn phụ thuộc nhiều vào in ấn, vận chuyển, bảo mật và chấm thi thủ công. Một điểm đáng chú ý khác là tính linh hoạt trong tổ chức. Thi trên máy tính cho phép triển khai theo nhiều đợt trong năm, chia ca, giảm áp lực tập trung thí sinh cùng thời điểm. Kết quả có thể công bố gần như ngay sau khi hoàn thành bài thi, giúp thí sinh và gia đình chủ động hơn trong kế hoạch học tập, xét tuyển. Ở góc độ dài hạn, chuyên gia này cho rằng việc thi trên máy tính còn góp phần nâng cao năng lực số cho học sinh, tạo sự tương thích với các kì thi chuẩn hóa quốc tế như TOEFL, IELTS, SAT, GRE vốn đã chuyển mạnh sang nền tảng số. Đồng thời, đây cũng là động lực thúc đẩy đổi mới kiểm tra, đánh giá, khuyến khích các cơ sở giáo dục đầu tư hạ tầng công nghệ và đổi mới phương pháp dạy học. Tuy nhiên, theo TS Tôn Quang Cường, lần đầu tiên tổ chức một kì thi quy mô quốc gia trên máy tính sẽ đối diện nhiều rào cản. Trước hết là hạ tầng. Nhiều địa phương, đặc biệt vùng nông thôn, miền núi, còn thiếu máy tính đạt chuẩn; hệ thống mạng nội bộ chưa ổn định. Việc trang bị đủ thiết bị cho hàng triệu thí sinh là thách thức lớn về ngân sách và tổ chức thực hiện. Nguy cơ mất điện, sự cố đường truyền tại điểm thi có thể gây gián đoạn, ảnh hưởng trực tiếp đến tâm lí thí sinh. Việc phát triển một hệ thống phần mềm thi trực tuyến đủ mạnh, bảo mật cao, chịu tải lớn trong thời gian ngắn là nhiệm vụ phức tạp, đòi hỏi đội ngũ chuyên gia công nghệ thông tin chất lượng cao. Hệ thống này cũng trở thành mục tiêu tiềm ẩn của các cuộc tấn công mạng, do đó yêu cầu bảo mật, an ninh mạng phải đặt ở mức cao nhất. Rào cản tiếp theo đến từ con người. Không phải tất cả học sinh đều thành thạo thao tác máy tính trong môi trường thi cử. Đội ngũ cán bộ coi thi, giám thị cũng cần được đào tạo bài bản để vận hành hệ thống, xử lí sự cố kĩ thuật, phát hiện và ngăn chặn gian lận công nghệ cao. Sự thay đổi lớn về hình thức thi có thể gây tâm lí lo ngại cho phụ huynh và học sinh, đặc biệt trong bối cảnh chênh lệch tiếp cận công nghệ giữa các vùng miền còn rõ rệt. Nếu bắt đầu thí điểm từ năm 2027, TS Tôn Quang Cường đề xuất các giải pháp giải quyết các rào cản như cơ sở hạ tầng công nghệ như phải đầu tư đồng bộ máy tính đạt cấu hình phù hợp, hệ thống mạng nội bộ ổn định, kết nối Internet băng thông rộng, máy chủ đủ mạnh; đồng thời bảo đảm nguồn điện dự phòng bằng bộ lưu điện hoặc máy phát điện. Phần mềm thi chuyên dụng cần được phát triển hoặc lựa chọn kĩ càng, đáp ứng yêu cầu bảo mật, chống gian lận, ghi nhận đầy đủ quá trình làm bài và chấm tự động các câu hỏi trắc nghiệm. Hệ thống bảo mật đa lớp, tường lửa, giải pháp phát hiện-ngăn chặn xâm nhập, mã hóa và sao lưu dữ liệu phải được triển khai đồng bộ. Tổ chức tập huấn, thi thử định kì cho học sinh; đào tạo chuyên sâu cho cán bộ coi thi, giám sát và cán bộ kĩ thuật; xây dựng đội ngũ chuyên gia công nghệ thông tin đủ năng lực vận hành, bảo trì hệ thống trên phạm vi toàn quốc. Cần xây dựng ngân hàng câu hỏi đủ lớn, đa dạng, có tính phân hóa, bám sát chương trình giáo dục phổ thông mới, được chuẩn hóa để có thể chấm tự động và tương thích hoàn toàn với nền tảng số. Theo TS Tôn Quang Cường, trong giai đoạn đầu, việc đưa kì thi tốt nghiệp THPT lên nền tảng công nghệ có thể phát sinh tranh luận về công bằng, nhất là khoảng cách số giữa các vùng. Tuy nhiên, nếu được chuẩn bị nghiêm túc, minh bạch và có lộ trình phù hợp, đây sẽ là cơ hội nâng cao học vụ số, thúc đẩy đầu tư hạ tầng giáo dục, đặc biệt ở khu vực khó khăn. TS Lê Trường Tùng, Chủ tịch Hội đồng quản trị Trường Đại học FPT nhận định, tổ chức thi cho một trường hay một nhóm thí sinh ở khu vực thuận lợi khác xa với việc triển khai cho hơn một triệu thí sinh trên toàn quốc, bao gồm cả vùng sâu, vùng xa, biên giới, hải đảo. Các chuyên gia đề xuất lộ trình thí điểm trước tại các thành phố lớn, nơi có điều kiện hạ tầng tốt rồi mới mở rộng ra các địa phương khác. Thi trên máy tính có thể tổ chức nhiều đợt trong năm, tạo cơ hội cho thí sinh thi lại nếu chưa đạt, giảm áp lực dồn vào một kì thi duy nhất. Tuy nhiên, chính đặc thù này khiến trường phổ thông nên tập trung vào nhiệm vụ giảng dạy, còn việc tổ chức thi giao cho các đơn vị chuyên trách. GS.TS Nguyễn Ngọc Hà, Phó Cục trưởng Cục Quản lý chất lượng (Bộ GD&ĐT) cho hay, năm nay, Bộ GD&ĐT không công bố đề minh họa Kỳ thi tốt nghiệp THPT như... Nguồn: [Link nguồn]Nguồn: [Link nguồn]"
5e28a8b42f391b07a18c010cc8703fa2,Những sai lầm khiến bạn dễ mất lộc ngày vía Thần Tài,2026-02-26T02:00:00+00:00,24h,https://www.24h.com.vn/ban-tre-cuoc-song/nhung-sai-lam-khien-ban-de-mat-loc-ngay-via-than-tai-c64a1740215.html,vi,ban-tre-cuoc-song,Ngày Thần Tài|vía Thần Tài|Mất lộc|Kiêng kị ngày Thần Tài|Tài lộc,,"Lưu bài viết thành công Bạn có thể xem lại bài viết đã lưu ở trangTin bài đã lưu Vào ngày vía Thần Tài, việc dọn dẹp khu vực thờ cúng để đảm bảo sự trang nghiêm là điều đặc biệt quan trọng. Bàn thờ Thần Tài - Ông Địa vốn đặt ở vị trí thấp, thường gần cửa ra vào, nên càng cần được vệ sinh cẩn thận, tránh để bụi bám, mạng nhện hay vật dụng bày biện lộn xộn xung quanh. Trong quan niệm dân gian, không gian thờ tự thiếu ngăn nắp có thể làm giảm tính linh thiêng, từ đó ảnh hưởng phần nào đến vận khí, tài lộc của gia chủ. Vì vậy, trước lễ cúng, nhiều người thực hiện nghi thức bao sái: dùng nước lá bưởi hoặc rượu gừng để lau tượng Thần Tài, làm sạch bát hương, chén nước, đồng thời thay hoa tươi, thay nước mới nhằm tạo sự thanh tịnh và tươm tất cho nơi thờ tự. Một trong những điều tối kỵ trong ngày vía Thần Tài là bố trí bàn thờ ở vị trí không phù hợp, thiếu sự trang nghiêm và sạch sẽ. Theo quan niệm phong thủy, ban thờ Thần Tài - Ông Địa nên được đặt ở nơi thông thoáng, gọn gàng, có điểm tựa vững chắc vào tường và hướng ra cửa chính để đón sinh khí, thu hút tài lộc vào nhà. Không gian đặt bàn thờ cần đủ sáng, tránh ẩm thấp, tối tăm hoặc bị che khuất. Gia chủ cũng nên tránh đặt bàn thờ gần nhà vệ sinh, nhà tắm, khu vực đổ rác, phòng ngủ hay những nơi thường xuyên ồn ào, lộn xộn, bởi đây là các vị trí bị cho là làm suy giảm sự tôn nghiêm và ảnh hưởng đến vận khí. Việc lựa chọn vị trí phù hợp không chỉ thể hiện sự thành tâm mà còn được xem là yếu tố góp phần duy trì dòng năng lượng tích cực, giúp công việc làm ăn hanh thông, thuận lợi trong năm mới. Trong ngày vía Thần Tài, mâm lễ cần được chuẩn bị chỉn chu, ưu tiên thực phẩm tươi mới, bày biện gọn gàng. Các món như thịt heo quay, tôm, trứng, xôi trong bộ tam sên... nên được chế biến trong ngày, tránh để nguội lạnh hay ôi thiu khi dâng cúng. Hoa và trái cây cũng cần chọn loại tươi, màu sắc tươi sáng. Gia chủ nên ưu tiên hoa đồng tiền, hoa cúc vàng, cúc vạn thọ - những loài hoa mang ý nghĩa tài lộc, may mắn. Hoa quả héo úa, dập nát hoặc dùng đồ giả được xem là thiếu trang trọng trong dịp này. Mâm cúng ngày vía Thần Tài ngày nay được sắp xếp, bày biện chỉn chu, đẹp mắt. Ảnh: VnExpress Bên cạnh việc chuẩn bị mâm cúng, trang phục của người thực hiện nghi lễ cũng được nhiều gia đình coi trọng trong ngày vía Thần Tài. Khi thắp hương, dâng lễ, gia chủ nên ăn mặc gọn gàng, lịch sự, thể hiện sự tôn nghiêm và thành tâm. Trang phục quá xuề xòa, hở hang hoặc không phù hợp với không khí thờ cúng được cho là thiếu trang trọng. Dù không cần cầu kỳ, người làm lễ vẫn nên chọn quần áo kín đáo, sạch sẽ, tránh vừa cúng vừa nói cười ồn ào để giữ sự nghiêm túc cho không gian thờ tự. Quá keo kiệt Trong quan niệm dân gian Trung Quốc, một trong những điều nên tránh trong ngày vía Thần Tài là thái độ quá tính toán, chặt chẽ. Người xưa cho rằng đây là dịp mở đầu cho vận may tài lộc nên gia chủ cần giữ tinh thần rộng rãi, vui vẻ để đón khí tốt vào nhà. Thay vì chỉ chăm chăm cầu lợi cho riêng mình, nhiều gia đình lựa chọn cách chia sẻ lộc đầu năm như mời người thân, bạn bè cùng dùng bữa cơm, biếu nhau chút lộc cúng, hoặc lì xì lấy may. Sự hào sảng, thiện chí trong giao tiếp và làm ăn được tin là góp phần giúp tài vận hanh thông. Ngược lại, nếu trong ngày này quá so đo, kiêng khem một cách cực đoan hoặc thể hiện sự keo kiệt, dân gian cho rằng dễ làm giảm phúc khí, ảnh hưởng đến cả tài lộc lẫn các mối quan hệ trong năm mới. Nghi thức cúng ngày vía Thần Tài được thực hiện với hy vọng mở đầu cho tài lộc trong năm, vì vậy không khí gia đình càng cần giữ hòa thuận, vui vẻ. Theo quan niệm dân gian, việc to tiếng, tranh cãi hay nổi nóng trong ngày vía Thần Tài có thể làm ""tán khí"", ảnh hưởng đến vận may. Bên cạnh đó, nói tục, chửi bậy hoặc buông lời tiêu cực cũng là điều nên tránh, bởi những lời nói thiếu chuẩn mực được cho là làm giảm sự trang nghiêm của không gian thờ cúng. Thay vào đó, gia chủ nên giữ thái độ điềm đạm, lời nói nhã nhặn, ứng xử ôn hòa để tạo bầu không khí hài hòa, thuận lợi cho việc cầu tài lộc. Vào ngày vía Thần Tài, nhiều người có thói quen tránh vay mượn hoặc cho người khác vay tiền. Theo quan niệm dân gian, đây là ngày cầu mong tiền bạc dồi dào nên việc đưa tiền ra khỏi nhà hay đi vay ngay trong ngày này bị xem là điều không may, dễ khiến tài lộc ""đội nón ra đi"". Dù chỉ là quan niệm truyền thống, không ít gia đình, đặc biệt là người làm kinh doanh, vẫn hạn chế các giao dịch vay - mượn trong ngày này. Việc lựa chọn trang phục với màu sắc phù hợp, trang trí nhà cửa đúng phong thủy và mua những vật phẩm mang lại may mắn sẽ giúp bạn khởi đầu năm mới... Nguồn: [Link nguồn]Nguồn: [Link nguồn]"
385a49eda25414ef9936bac36a71469f,"Người xưa dặn: Ngày vía Thần tài, 5 làm, 4 tránh, cả năm may mắn, tài lộc dư dả, không lo thiếu tiền tiêu",2026-02-26T00:22:33+00:00,24h,https://www.24h.com.vn/ban-tre-cuoc-song/nguoi-xua-dan-ngay-via-than-tai-5-lam-4-tranh-ca-nam-may-man-tai-loc-du-da-khong-lo-thieu-tien-tieu-c64a1740203.html,vi,ban-tre-cuoc-song,người xưa|ngày vía thần tài|việc nên làm ngày vía thần tài|kiêng kỵ ngày vía thần tài,,"Lưu bài viết thành công Bạn có thể xem lại bài viết đã lưu ở trangTin bài đã lưu Người xưa thường nói: ""Làm điều thiện vào ngày vía Thần Tài, cả năm sẽ không nghèo; làm điều ác, tài lộc sẽ tiêu tan"". Để đón chào Thần Tài và cầu mong Thần Tài phù hộ, giữ gìn tài lộc và đón năm Bính Ngọ thịnh vượng, người xưa dặn mọi người nên làm 5 việc, tránh 4 điều để xua tan nghèo đói, đón chào tài lộc, giữ gìn hòa thuận gia đình và có một năm suôn sẻ, thịnh vượng. Người xưa thường nói: ""Làm điều thiện vào ngày vía Thần Tài, cả năm sẽ không nghèo; làm điều ác, tài lộc sẽ tiêu tan"". 1. Dậy sớm để đón nhận sự giàu có Theo người xưa, việc đầu tiên cần làm trong ngày vía Thần Tài là dậy sớm và không ngủ nướng. Tài lộc sẽ đi thị sát các ngôi nhà trước bình minh, ban phước lành cho những người siêng năng, năng động và chỉnh tề. Càng nằm trên giường, lười biếng và luộm thuộm, càng ít tài lộc tích lũy được. Hãy dậy ngay khi trời sáng, mặc quần áo chỉnh tề, rửa mặt và chải tóc, giữ vẻ ngoài gọn gàng và sạch sẽ. Việc đầu tiên cần làm sau khi thức dậy là mở cửa chính và cửa sổ, để tài lộc vào nhà qua cửa chính và vận rủi ra ngoài qua cửa phụ, đồng thời khẽ nói: ""Mong Tài lộc vào nhà, mang lại thịnh vượng trong năm Bính Ngọ, bình an cho cả gia đình và giàu sang phú quý."" Theo người xưa, thức dậy sớm để đón tài lộc không chỉ là đón thần linh, mà còn là đón nhận năng lượng, tinh thần và động lực cho năm mới. Khi một người tràn đầy năng lượng, vận may sẽ đến; khi một người siêng năng, tài lộc sẽ đến. Nhiều gia đình cũng sẽ cố ý đi lại nhẹ nhàng, lặng lẽ, đón nhận vận may của cả năm với lòng thành kính và trang trọng. Theo người xưa, ngày vía Thần Tài cần phải xóa bỏ những dấu vết của nghèo đói, các thói quen cũ và vận rủi. 2. Xóa bỏ nghèo đói Theo người xưa, ngày vía Thần Tài cần phải xóa bỏ những dấu vết của nghèo đói, các thói quen cũ và vận rủi. Do đó, trong nhà, nếu có rác rưởi tích tụ, bụi bẩn bám khắp nơi, đồ đạc lộn xộn - những thứ ""gốc rễ của đói nghèo"" thì cần phải dọn dẹp kỹ lưỡng. Quét từ phòng trong ra cửa chính, chỉ quét ra ngoài chứ không quét ngược lại, để quét sạch mọi nghèo đói, phiền muộn và bất hạnh. Những đồ cũ không dùng đến, bát đĩa vỡ, đồ vật nhỏ bị hư hỏng và thức ăn hết hạn sử dụng nên được vứt bỏ không chút do dự hay tiếc nuối. Theo người xưa, nếu không xua tan nghèo khó, tài lộc sẽ không đến; nếu không buông bỏ gánh nặng cũ, năm mới sẽ không suôn sẻ. Dọn dẹp nhà cửa giống như đánh bóng cánh cửa dẫn đến tài lộc; việc sắp xếp nhà cửa gọn gàng là điều cần thiết để ổn định vận may gia đình. Việc quét dọn này loại bỏ sự bừa bộn và mang lại sự tươi mới, và hơn thế nữa, một cảm giác mong chờ một cuộc sống mới. Người xưa cũng dặn: Dù bạn đang kinh doanh, làm công việc thường nhật hay ở nhà, tất cả đều có thể thành tâm ước nguyện 3. Chuẩn bị lễ vật cúng Thần Tài Theo người xưa, ngày vía Thần Tài mọi người nên làm lễ cúng đón chào Thần Tài và tỏ lòng kính trọng các vị thần hộ gia đình. Cần có nghi thức trang trọng và ý định chân thành. Không cần phung phí, nhưng sự sạch sẽ, gọn gàng và lễ nghi là điều thiết yếu. Chuẩn bị trái cây, bánh ngọt, kẹo và trà, bày biện ngăn nắp. Thắp hương và cầu nguyện, không phải cầu giàu sang chỉ sau một đêm, mà cầu mong một năm bình an, lao động chăm chỉ mang lại tài lộc, gia đình an toàn và mọi việc đều suôn sẻ. Người xưa cũng dặn: Dù bạn đang kinh doanh, làm công việc thường nhật hay ở nhà, tất cả đều có thể thành tâm ước nguyện: kiếm tiền bằng khả năng của bản thân, hưởng hạnh phúc nhờ lao động chăm chỉ, giữ gìn tâm hồn và sống đúng đường lối. Thờ cúng thần linh không phải là mê tín dị đoan; đó là việc đặt ra mục tiêu cho bản thân và cầu nguyện cho sự bình an của gia đình. Tâm càng thành tâm, thần linh càng che chở; phẩm chất càng ngay thẳng, tài lộc càng ổn định. Người xưa cho biết, dù chỉ là vài lễ vật đơn giản, miễn là bạn có lòng kính trọng và hy vọng trong lòng, đó chính là nghi lễ chân thành nhất. 4. Ăn uống để cầu may mắn Sau khi cúng Thần Tài xong, mọi người trong nhà nên ngồi lại và cùng nhau ăn uống vui vẻ. Theo người xưa, ăn những món ăn tốt lành sẽ mang lại may mắn cho cả năm; ăn những món ăn không tốt có thể làm giảm vận may của bạn. Đây cũng là lời dặn cần tiết kiệm lương thực, tránh lãng phí. Sự sum họp gia đình cũng là động lực để chúng ta làm lụng, phấn đấu tạo ra của cải để người trong nhà được sống sung túc, vui vẻ. Hãy ăn chậm rãi và cẩn thận, không tranh giành thức ăn, không gây tiếng ồn hoặc làm vỡ bát đĩa; hành vi trang trọng như vậy góp phần vào sự ổn định tài chính của gia đình. Người xưa cho rằng, những quy tắc trên bàn ăn mang lại phước lành cho gia đình; lời nói chừng mực mang lại sự cân bằng cho cả năm. Một bữa ăn yên bình đảm bảo một năm bình an cho cả gia đình; một miếng ăn may mắn mang đến một năm thịnh vượng. Khi cả gia đình quây quần bên bàn ăn, ăn uống thoải mái và trò chuyện vui vẻ, sự ấm áp này còn may mắn hơn bất kỳ món ngon nào. Quan niệm của người xưa cho rằng, lời nói là phong thủy tốt nhất cho gia đình. 5. Hãy nói những lời tốt lành thường xuyên hơn. Người xưa cho rằng, lời nói mang lại phước lành và may mắn; mỗi lời bạn thốt ra đều ảnh hưởng đến năng lượng của gia đình. Hãy nói những lời tốt lành, an ủi và động viên, tránh những lời làm nản lòng, gay gắt hoặc phàn nàn. Chào hỏi mọi người bạn gặp bằng những lời vui vẻ, may mắn, thịnh vượng và bình an trong gia đình. Nói chuyện nhẹ nhàng và kiên nhẫn với các thành viên trong gia đình, không la hét hay quát tháo. Lịch sự và nhã nhặn với người lạ, tránh đối đầu. Theo người xưa, người có lời nói ngọt ngào được mọi người yêu mến; người nói lời tốt lành được ban phước. Quan niệm của người xưa cho rằng, lời nói là phong thủy tốt nhất cho gia đình. Nói nhiều lời tử tế, bạn sẽ nhận được nhiều phước lành; nói ít lời cay nghiệt, bạn sẽ tránh được điều không may. Để thịnh vượng trong năm Bính Ngọ, trước hết hãy chú ý đến lời nói của mình; hãy nói những lời tử tế vào ngày vía Thần Tài, và bạn sẽ được ban phước lành suốt cả năm. Ngay cả một lời động viên đơn giản dành cho con cái hoặc các thành viên trong gia đình cũng có thể làm cho gia đình thêm vui vẻ và hạnh phúc. 1. Tránh tranh cãi Người xưa cho rằng, vào ngày vía Thần Tài, điều cấm kỵ nhất là cãi vã, đập phá đồ đạc, lạnh nhạt với người khác, hay gây mâu thuẫn trong gia đình. Cãi vã sẽ hủy hoại tài sản; đánh nhau sẽ làm tiêu tan vận may. Theo người xưa, sự hòa thuận mang lại tài lộc Thần Tài rất sợ những gia đình ồn ào; khi nghe thấy tiếng cãi vã gay gắt, ngài sẽ lập tức quay đi. Vợ chồng không nên cãi nhau, cha con không nên giận nhau, cả gia đình nên tránh xung đột. Vấn đề nên được thảo luận riêng tư, và những bất đồng nên được giải quyết một cách bình tĩnh. Không nên nhắc lại chuyện cũ, vạch trần khuyết điểm, hay trút giận lên người thân. Theo người xưa, sự hòa thuận mang lại tài lộc – đây không chỉ là câu nói xưa, mà là dấu hiệu thực sự của vận may gia đình. Nhà càng yên bình, càng nhiều phước lành; nhà càng hòa thuận, tài lộc càng ổn định. Hãy kiềm chế tính khí của mình vào ngày vía Thần Tài và cả các ngày khác trong năm để bảo vệ tài lộc cho gia đình. Hãy giữ bình tĩnh vào ngày này để có một năm suôn sẻ và thịnh vượng. Ngày càng tốt để thu hút tài lộc, bạn càng cần giữ bình tĩnh; gia đình hòa thuận mang lại tài lộc, và sự bình an trong tâm hồn mang lại phước lành. 2. Đừng than phiền về việc nghèo khó. Vào ngày vía Thần Tài, người xưa cho rằng, việc liên tục nói về nghèo đói, khó khăn hay than vãn về vận rủi được coi là rất xui xẻo. Nếu bạn nói về nghèo đói, nghèo đói sẽ đến; nếu bạn nghĩ về khổ đau, khổ đau sẽ theo sau. Vận may và giàu có thường đến với những người lạc quan, tích cực và có cái nhìn hướng lên. Thay vì nói ""Tôi không có tiền"", ""Khó khăn quá"", ""Tôi không may mắn"", hay ""Không ổn rồi"", hãy nói ""Mọi chuyện sẽ tốt hơn"", ""Tôi có thể làm được"", ""Thuận buồm xuôi gió"", hay ""Sẽ thịnh vượng"". Đừng than vãn về nghèo đói với gia đình, đừng đóng vai nạn nhân với bạn bè, và đừng than thở với người ngoài. Theo người xưa, tự mình gánh chịu khó khăn, kiên nhẫn chịu đựng cay đắng, và đừng phung phí vận may trong ngày tốt lành này. Khi bạn lạc quan, vận may sẽ thay đổi; khi tâm hồn vui vẻ, tài lộc sẽ đến. Đừng than nghèo, kể khổ trong ngày vía Thần Tài hay nhiều ngày khác, bạn sẽ không nghèo cả năm; đừng nản lòng trong năm Bính Ngọ Ngọ, bạn sẽ luôn tự tin. Hãy giữ tâm trạng bình tĩnh, mở rộng tầm nhìn, và vận may sẽ tự nhiên đến với bạn. Người xưa cho rằng, việc liên tục nói về nghèo đói, khó khăn hay than vãn về vận rủi được coi là rất xui xẻo. 3. Tránh lãnh phí Ngày vía Thần Tài không phải là ngày ""vung tay quá trán"" mà là ngày tiết kiệm. Người xưa khuyên tốt nhất là nên tránh mua sắm bốc đồng, tiêu xài hoang phí, phát lì xì bừa bãi, hoặc cố tỏ ra giàu có vượt quá khả năng. Đừng tiêu tiền vào những thứ không cần thiết, đừng mua những thứ không cần thiết, và đừng chạy theo xu hướng, so sánh bản thân với người khác, hoặc coi trọng vẻ bề ngoài. Theo người xưa, tiền nên được chi tiêu một cách khôn ngoan: cho sức khỏe gia đình, sinh hoạt thiết thực và những việc cấp bách; tránh lãng phí tiền bạc hoặc tiêu xài vào những việc tầm thường hay vì muốn tỏ ra giàu có. Người xưa cho rằng, bảo vệ ví tiền của bạn là bảo vệ tài sản gia đình; kiểm soát chi tiêu là kiểm soát vận may của bạn. Nghèo đói sẽ đẩy bạn ra khỏi thị trường, còn vận may sẽ ở lại; có tiền dự phòng mang lại sự an tâm. Bảo vệ tài sản của bạn vào ngày vía Thần Tài 2026 và bạn sẽ giàu có trong năm Bính Ngọ; đừng tiêu xài hoang phí vào ngày này, và bạn sẽ có tiền để tiêu cả năm. Người xưa khẳng định, tiêu dùng hợp lý và lối sống giản dị là cách lâu dài để tích lũy của cải và giữ gìn phước lành. 4. Đừng lười biếng Vào ngày vía Thần Tài, việc dành cả ngày nằm dài trên ghế sofa, ngủ nướng, chơi điện thoại và không làm gì được coi là không phù hợp. Tài lộc không ghé thăm những gia đình lười biếng, và tài lộc không đến với người nhàn rỗi. Người xưa cho rằng, siêng năng mang lại thịnh vượng, lười biếng không mang lại may mắn; Năm Bính Ngọ nhấn mạnh sự siêng năng. Đừng là người quản lý thụ động, đừng chờ tiền tự nhiên đến, và đừng sống trôi nổi vô định. Hãy chủ động, có việc để làm và có mục tiêu trong đầu. Theo người xưa, ngay cả những việc đơn giản như dọn dẹp, lau bàn, hay chuẩn bị đồ đạc cũng là cách để tích lũy tài lộc và vun đắp may mắn. Người xưa cho rằng, siêng năng mang lại thịnh vượng, lười biếng không mang lại may mắn; hãy bắt tay vào việc ngay từ đầu năm chứ không chỉ ngày vía Thần Tài và năm Bính Ngọ sẽ là một năm đầy may mắn. Người xưa khuyên, tránh xa sự lười biếng, tự mãn và sa đọa, con đường làm giàu của bạn sẽ rộng mở, và gia sản gia đình bạn sẽ thịnh vượng. Sự giàu có thực sự không phải là thứ bạn chờ đợi; nó được tạo dựng bằng lao động chăm chỉ. Ngày vía Thần Tài 2026 là ngày tốt lành để phá bỏ vòng luẩn quẩn nghèo khó và đón chào tài lộc, ngày tốt để mở cửa lại kinh doanh và mang lại may mắn, và là ngày quan trọng để thiết lập các quy tắc, duy trì tâm thế ổn định và tăng cường vận may cho gia đình. Người xưa khuyên, làm tốt 5 việc này và tránh 4 việc chắc chắn sẽ đảm bảo an toàn cho gia đình và sự thịnh vượng cho công việc kinh doanh của bạn! Ngày vía thần Tài, nhiều người xếp hàng mua vàng với niềm tin cầu tài lộc đầu năm; phong tục này bắt nguồn từ đâu và có nhất thiết phải mua vàng? Nguồn: [Link nguồn]Nguồn: [Link nguồn]"
c46973d8e01ecd8774f9c0d18818c6c6,"Gen Z từ chối rượu bia, viết lại luật chơi trên bàn tiệc",2026-02-25T23:00:00+00:00,24h,https://www.24h.com.vn/ban-tre-cuoc-song/nguoi-tre-viet-dan-noi-khong-voi-ruou-bia-c64a1739997.html,vi,ban-tre-cuoc-song,Gen Z|rượu bia|Gen Z từ chối rượu bia|văn hóa ép nhậu|đồ uống không cồn ngày Tết|xu hướng tiêu dùng Gen Z|áp lực rượu bia|hệ lụy rượu bia,,"Lưu bài viết thành công Bạn có thể xem lại bài viết đã lưu ở trangTin bài đã lưu Trí, 26 tuổi, quê Cần Thơ, làm freelancer trong mảng truyền thông ở TP HCM. Năm nay anh về quê ăn Tết sớm và nhanh chóng bị cuốn vào chuỗi tiệc tùng, từ tất niên đến chúc Tết họ hàng. Ở miền Tây, những cuộc sum họp hiếm khi vắng bóng bia rượu. Người lớn nâng ly trước, người trẻ thường khó chối từ. Mỗi lần phải uống, Trí viện cớ đang bị đau dạ dày, chỉ xin uống nước ngọt. Dù vậy, ly bia vẫn được rót đầy, đưa tận tay kèm những lời thúc giục. ""Từ chối rất khó, nhưng tôi không muốn lặp lại cảnh uống vì nể nang"", anh nói. Trí ghét rượu bia từ lâu. Tuổi thơ của anh bị ám ảnh bởi hình ảnh người cha nghiện rượu. Khi mới đi làm, anh từng cố uống vì lịch sự và ""để giữ quan hệ"". Bước ngoặt đến sau buổi tất niên cuối năm 2024. Bữa nhậu quá chén khiến Trí mất trọn hai ngày vật vã, phải bỏ dở hàng loạt công việc lúc cao điểm. Từ đó, anh cự tuyệt hoàn toàn thức uống có cồn. Vài năm gần đây, Trí nhận ra trong các buổi gặp gỡ đối tác (phần lớn là Gen Z), mọi người thường hẹn ở quán cà phê hoặc ăn uống nhẹ nhàng, không ai đặt nặng chuyện nâng ly. Quyết định cai đồ uống có cồn của anh không khiến cuộc gặp kém vui như tưởng tượng. Thanh Phú trong buổi cà phê cùng bạn, tháng 2/2026. Ảnh: Nhân vật cung cấp Lựa chọn của Trí phản ánh sự dịch chuyển   trong thói quen giao tiếp của người trẻ Việt. Theo khảo sát Vietnam Young Consumers Report (Người tiêu dùng trẻ Việt Nam) do hãng nghiên cứu thị trường NielsenIQ thực hiện, 45% Gen Z Việt cho biết họ hạn chế hoặc không sử dụng rượu bia, cao hơn hẳn mức 28% của thế hệ Millennials (Gen Y). Xu hướng này không chỉ xuất hiện trong giới trẻ Việt Nam. Ở châu Á - Thái Bình Dương khoảng 35% người trẻ cho biết đã giảm lượng tiêu thụ và 13% bỏ hẳn đồ uống có cồn. Nhiều người chuyển sang các lựa chọn low-alcohol (đồ uống có nồng độ cồn thấp) và zero-alcohol (đồ uống không cồn), như một cách dung hòa giữa nhu cầu giao tiếp và mong muốn giữ tỉnh táo. Theo Tổ chức nghiên cứu thị trường đồ uống toàn cầu (IWSR), sản lượng bia không cồn tăng trưởng 9%, trong khi bia truyền thống sụt giảm 1% trong năm 2025. IWSR khẳng định Gen Z là động lực chính tạo ra ""cuộc cách mạng 0 độ"" này. Một số khảo sát tiêu dùng toàn cầu khác ghi nhận 46% người trẻ khẳng định hoàn toàn ""không quan tâm"" đến việc dùng đồ uống có cồn. Xu hướng này tác động trực tiếp lên giới kinh doanh dịch vụ. Bà Chế Thị Hằng, chủ một quán bia hơn 20 năm tại phường Trường Vinh (Nghệ An) cho biết khoảng hai năm nay, khách trẻ vắng hẳn. Họ ít nhậu hơn trước, hiếm khi gọi nhiều bia và không còn xem quán bia là điểm hẹn, trong khi khách trung niên vẫn duy trì thói quen uống ở quán. ""Khách trẻ tuổi đến chủ yếu gọi bia để mượn cớ ăn mồi, trò chuyện một lúc rồi rời đi rất sớm"", bà Hằng kể. Trong các khảo sát tiêu dùng toàn cầu, khoảng 1/3 người trẻ ""nói không"" với rượu bia do lo ngại các tác động đến sức khỏe. Ảnh minh họa: Pexels Theo bà Linh Nguyễn, Giám đốc chiến lược công ty tư vấn Happiness Saigon với hơn 10 năm nghiên cứu dữ liệu và hành vi người tiêu dùng, đặc biệt ở nhóm Gen Y và Gen Z, chỉ ra ba lực đẩy chính phía sau xu hướng này. Trước hết là sự thay đổi của thị trường và lối sống. Không uống rượu bia ngày nay không còn là lựa chọn lạc lõng. Người trẻ vẫn tham gia trọn vẹn các cuộc gặp nhờ đồ uống không cồn, nồng độ cồn thấp cùng các trải nghiệm ẩm thực, giải trí đa dạng. Khi thị trường tạo ra đủ lựa chọn mang tính hòa nhập, rượu bia không còn giữ vai trò ""tấm vé"" ngoại giao. Bên cạnh đó là sự dịch chuyển trong hệ giá trị cá nhân. Nếu trước đây uống nhiều thường gắn với sự nhiệt tình và hòa đồng, thì với Gen Z, khả năng từ chối đúng lúc lại được xem là biểu hiện của sự trưởng thành. Họ ưu tiên ranh giới cá nhân, không sẵn sàng đánh đổi sự tỉnh táo và cảm giác kiểm soát để làm vừa lòng người khác. Cuối cùng là cách nhìn về các mối quan hệ. Một cuộc gặp gỡ chất lượng, theo người trẻ, không cần men rượu để tạo không khí. Khi niềm vui chỉ đến từ việc ép nhau uống, họ đặt câu hỏi về mức độ tôn trọng và chiều sâu kết nối. Vì vậy, nhiều người lựa chọn những hình thức giao tiếp ít rủi ro hơn, tập trung vào trò chuyện, trải nghiệm và sự hiện diện thật, thay vì dựa vào rượu bia. Thanh Phú, 24 tuổi, ngụ phường Phú Trung, TP HCM không còn xem việc từ chối rượu bia là rào cản xã giao. Anh không uống đơn giản vì không thích và không muốn rượu bia trở thành điều kiện mặc định của các mối quan hệ. Phú vẫn xuất hiện trong hầu hết các cuộc hẹn và nhận ra mọi người đã quen với việc tự chọn đồ uống phù hợp với bản thân. Đa số nói không với rượu, bia. Sếp của Phú sinh năm 1995, thỉnh thoảng rủ cả phòng đi ăn, trên bàn có bia nhưng tuyệt đối không ép. Đến lượt nâng ly, Phú thoải mái cụng bằng ly nước suối. Gặp đối tác lạ, anh nói thẳng mình không uống và xin phép dùng nước lọc. ""Cuộc vui vẫn diễn ra bình thường. Với tôi, niềm vui thực sự không bao giờ cần đến hơi men"", Phú khẳng định. Theo chuyên gia Linh Nguyễn việc Gen Z từ chối rượu bia buộc xã hội phải ""viết lại luật chơi"" trên bàn tiệc. Những lời mời cạn ly dần bớt đi tính thử thách, hơn thua. ""Rượu bia không biến mất, nhưng nó đang được trả về đúng vị trí: là một sự lựa chọn cá nhân, chứ không phải điều kiện bắt buộc để chứng minh sự thân tình"", chuyên gia Linh Nguyễn đúc kết. * Tên nhân vật trong bài đã đổi. TP HCM - Đang đi trên vỉa hè ở quận Tân Phú, Warren bất ngờ được mấy người đàn ông không quen biết chạy ra kéo tay, mời ngồi xuống nhậu cùng. Nguồn: [Link nguồn]Nguồn: [Link nguồn]"
c224af3825668af6cf8748e8691c4dcb,Cảnh cụ bà cô độc trong căn nhà rộng sau Tết khiến dân mạng rưng rưng,2026-02-25T22:00:00+00:00,24h,https://www.24h.com.vn/ban-tre-cuoc-song/canh-cu-ba-co-doc-trong-can-nha-rong-sau-tet-khien-dan-mang-rung-rung-c64a1740067.html,vi,ban-tre-cuoc-song,cụ bà|con cháu|người cao tuổi|sau tết|Tết nguyên đán|cô đơn,,"Lưu bài viết thành công Bạn có thể xem lại bài viết đã lưu ở trangTin bài đã lưu Clip cụ bà ngồi đơn côi ngày Tết khiến dân mạng không khỏi chạnh lòng. (Nguồn: @2030ratruong) Đoạn clip đang được lan tỏa trên mạng xã hội TikTok ghi lại hai khung cảnh trái ngược nhau: Những ngày Tết, con cháu đầy nhà, ngồi kín 3 - 4 mâm cỗ, khung cảnh náo nhiệt. Thế nhưng đến mùng 5 Tết, vẫn không gian đó, cụ bà ngồi thui thủi một mình, căn phòng trở nên rộng thênh thang, vắng lặng vì con cháu đã rời đi. Người đăng tải ghi chú thích: ""Thì ra, cái giá cho sự trưởng thành của chúng ta, đôi khi lại là nỗi cô đơn của người ở lại"". Chỉ dài 43 giây, clip nhanh chóng thu hút hàng triệu lượt xem và hàng trăm nghìn lượt tương tác, bình luận. Nhiều cư dân mạng cảm thấy buồn lòng khi chứng kiến sự cô đơn của người già sau Tết. ""Những ngày Tết ồn ào, náo nhiệt với 3 - 4 mâm cỗ đầy ắp tiếng cười nói của con cháu chẳng khác nào một giấc mơ đẹp. Thế nhưng mọi thứ lại tan đi quá nhanh khi mùng 5 đến""; ""Đối với người trẻ, hết Tết là bắt đầu của một hành trình mới, một năm làm việc đầy hy vọng. Còn đối với người già, đó lại là khởi đầu của chuỗi ngày dài chờ đợi mòn mỏi"". ""Có lẽ nỗi buồn lớn nhất của tuổi già không phải là sự thiếu thốn về vật chất mà chính là cảm giác cô đơn giữa chính căn nhà của mình sau khi con cháu rời đi""... Mai Phương bình luận: ""Ánh mắt thẫn thờ của cụ bà khi nhìn ra khoảng sân vắng là minh chứng rõ nhất cho việc niềm vui của người già đôi khi chỉ đơn giản là được nhìn thấy con cháu khỏe mạnh, vui vẻ quây quần bên mâm cơm. Mỗi dịp thấy tất cả con cháu rời đi, chắc chắn lòng bà lại buồn lắm"". Huyền Trang chia sẻ: ""Mong Tết đến thì lâu, còn đến rồi thì đi nhanh quá. Trong năm, nếu ai có điều kiện hãy về với bà nhiều hơn không chỉ chờ đến dịp Tết nữa. Nếu chúng ta chỉ coi Tết là dịp duy nhất để về, thì nỗi cô đơn của ông bà sẽ càng trở nên sâu sắc vì biết rằng phải đợi rất lâu nữa mới thấy cảnh đông vui"". Nhiều dân mạng xem clip lại nhớ đến ông bà của mình ở quê nhà. Bên cạnh đó, không ít dân mạng chia sẻ về nỗi lo cơm áo gạo tiền khiến người trẻ phải vội vã lên thành phố, xa gia đình. ""Quê không giữ nổi xác/ Phố không giữ nổi hồn/ Phố, nơi đi sinh tồn/ Quê, chốn về an yên. Chúng ta buộc phải rời xa mảnh đất chôn nhau cắt rốn, rời xa vòng tay của bà và những mâm cơm ấm cúng để đi tìm kiếm những cơ hội mới. May mắn với ai biết mình vẫn có nơi để về"", Thanh Phong viết. Bảo Quốc chia sẻ: ""Quê hương với bóng dáng người bà thui thủi trong bếp lại là nơi duy nhất ta cảm thấy được là chính mình. Chúng ta cứ mãi là những kẻ lữ hành đi mượn đất khách để gửi thân, rồi lại mượn những ngày Tết ngắn ngủi để tìm lại hạnh phúc đã đánh rơi nơi phố thị"". Nhiều người sau khi xem clip cũng kể về nỗi lòng nhớ quê hương của mình. Hồng Vân chia sẻ: ""Năm kia, ông mình mất. Năm sau thì bà mất. Năm nay, họ hàng cũng chẳng ai xum vầy khi không còn ông bà nữa. Mình bỗng chốc trở nên bơ vơ giữa khoảng trời kỷ niệm"". Thu Trang viết: ""Năm nay, lần đầu tiên họ nội nhà tôi xum vầy đầy đủ sau 7 năm. Nhiều người đi học, đi làm ở nước ngoài vừa mới trở về. Đến khi hết Tết, tôi bước lên xe mà không khỏi bị lụy. Cuộc đời không biết bao lần lại được như vậy nữa"". Tạm biệt những khoảnh khắc sum vầy, rời quê hương ra phố thị làm việc, con cái lại đau đáu lo nghĩ về những người cha, người mẹ nơi quê nhà. Nguồn: [Link nguồn]Nguồn: [Link nguồn]"
247b3e8465dec0692d5a6e3e6430833a,Trời sinh vận may: 4 con giáp luôn có quý nhân nâng đỡ trong đời,2026-02-25T17:01:00+00:00,24h,https://www.24h.com.vn/ban-tre-cuoc-song/troi-sinh-van-may-4-con-giap-luon-co-quy-nhan-nang-do-trong-doi-c64a1740065.html,vi,ban-tre-cuoc-song,con giáp|12 con giáp|tủ vi 12 con giáp,,"Lưu bài viết thành công Bạn có thể xem lại bài viết đã lưu ở trangTin bài đã lưu Dưới đây là 4 con giáp được xem là mang ""mệnh quý nhân"", càng trưởng thành càng dễ gặp cơ hội tốt trong cuộc sống. Nhờ sự hỗ trợ đúng thời điểm, con giáp Ngọ thường đạt kết quả cao hơn với ít công sức hơn, từ đó mở ra nhiều cơ hội thăng tiến trong tương lai. Ảnh minh họa Người tuổi Ngọ nổi tiếng với tính cách cởi mở, tích cực và tràn đầy năng lượng. Chính sự lạc quan này khiến họ dễ tạo thiện cảm với mọi người xung quanh, đặc biệt là trong môi trường làm việc. Khi đối diện áp lực hay rắc rối, con giáp Ngọ hiếm khi rơi vào trạng thái hoảng loạn. Họ giữ được sự bình tĩnh cần thiết để tìm hướng giải quyết, đồng thời cũng dễ nhận được sự hỗ trợ từ những người có kinh nghiệm hoặc năng lực vượt trội. Những ""quý nhân"" này thường xuất hiện đúng lúc, giúp họ tháo gỡ nút thắt và biến khủng hoảng thành cơ hội phát triển. Khả năng phản ứng nhanh giúp người tuổi Ngọ xử lý vấn đề hiệu quả, nhưng điều khiến họ đi xa hơn lại chính là thái độ biết ơn. Khi trân trọng những người từng giúp mình, họ vô tình tạo dựng được mạng lưới quan hệ bền vững, nền tảng quan trọng cho thành công lâu dài. Đối với con giáp Ngọ, đồng nghiệp và cấp trên không chỉ là cộng sự mà còn là tài sản quý giá. Nhờ sự hỗ trợ đúng thời điểm, họ thường đạt kết quả cao hơn với ít công sức hơn, từ đó mở ra nhiều cơ hội thăng tiến trong tương lai. Cảm giác luôn có người đồng hành, phía trước có người dẫn lối và phía sau có người nâng đỡ giúp con giáp Hợi giữ được niềm tin vào cuộc sống. Ảnh minh họa Người tuổi Hợi thường được xem là con giáp có vận may tự nhiên. Ngay từ khi sinh ra, họ đã mang theo nguồn năng lượng tích cực giúp bản thân dễ gặp người tốt trên đường đời. Mỗi khi rơi vào hoàn cảnh bất lợi, con giáp Hợi thường bất ngờ gặp được người dang tay giúp đỡ, giúp họ xoay chuyển tình thế hoặc tránh được những rủi ro lớn. Điều đặc biệt là vận may này không hoàn toàn đến từ nỗ lực, mà còn gắn liền với bản mệnh và tính cách hiền lành, chăm chỉ của họ. Dù đôi lúc cảm thấy mình gặp nhiều trở ngại hơn người khác, thực tế tuổi Hợi hiếm khi rơi vào bế tắc thực sự. Cảm giác luôn có người đồng hành, phía trước có người dẫn lối và phía sau có người nâng đỡ giúp họ giữ được niềm tin vào cuộc sống. Để gia tăng vận may, người tuổi Hợi nên duy trì các mối quan hệ tích cực, đặc biệt với những người thuộc nhóm Tam hợp như tuổi Mão và tuổi Mùi. Sự hòa hợp về tính cách giúp họ dễ nhận được sự chia sẻ và hỗ trợ chân thành. Ngược lại, khi tiếp xúc với các tuổi thuộc nhóm Tứ hành xung, nhất là tuổi Tỵ, người tuổi Hợi cần khéo léo hơn trong giao tiếp để tránh mâu thuẫn do khác biệt quan điểm. Việc lựa chọn những mối quan hệ phù hợp sẽ giúp họ tận hưởng cuộc sống nhẹ nhàng và thuận lợi hơn. Khi biết tìm đến đúng người và hợp tác đúng lúc, con giáp Thân có thể nhanh chóng cải thiện tình hình, thậm chí mở ra những cơ hội phát triển mới. Ảnh minh họa Con giáp Thân được biết đến với tinh thần bền bỉ và khả năng thích nghi mạnh mẽ. Dù đôi khi dễ mất tập trung hoặc thay đổi hứng thú nhanh, nhưng khi đứng trước thử thách lớn, họ lại thể hiện ý chí đáng kinh ngạc. Chính sự kiên cường này khiến những người xung quanh sẵn sàng hỗ trợ họ. Quý nhân của con giáp Thân không nhất thiết là người xuất chúng, mà thường là những cá nhân có chuyên môn riêng, bổ sung đúng phần họ còn thiếu. Khi biết tìm đến đúng người và hợp tác đúng lúc, con giáp Thân có thể nhanh chóng cải thiện tình hình, thậm chí mở ra những cơ hội phát triển mới. Những mối quan hệ hợp tác này giúp họ không chỉ vượt qua khó khăn mà còn xây dựng được con đường sự nghiệp bền vững hơn. Tinh thần cùng nhau tiến bộ và hỗ trợ lẫn nhau chính là chìa khóa giúp người tuổi Thân ngày càng trưởng thành, vững vàng trước biến động cuộc sống. Trong những giai đoạn khó khăn, con giáp Tuất thường gặp được người chỉ dẫn tận tình, có thể là người thân, bạn bè, đồng nghiệp hoặc thậm chí là người xa lạ. Ảnh minh họa Người tuổi Tuất mang trong mình sự chân thành và đáng tin cậy, điều khiến họ dễ được yêu quý và tin tưởng. Chính năng lượng tích cực này giúp họ thu hút nhiều sự giúp đỡ trên hành trình cuộc đời. Trong những giai đoạn khó khăn, con giáp Tuất thường gặp được người chỉ dẫn tận tình, có thể là người thân, bạn bè, đồng nghiệp hoặc thậm chí là người xa lạ. Những quý nhân này không chỉ giúp họ nhận ra vấn đề mà còn hỗ trợ nâng cao kỹ năng và định hướng phát triển lâu dài. Sự hỗ trợ đó mang lại lợi ích cả về sự nghiệp lẫn tài chính, đồng thời tạo chỗ dựa tinh thần quan trọng. Kinh nghiệm và sự khôn ngoan của những người đồng hành giống như ngọn hải đăng soi sáng con đường mà tuổi Tuất đang đi. Vì vậy, bài học lớn nhất dành cho con giáp Tuất là biết trân trọng các mối quan hệ xung quanh, bởi đôi khi chính những người bình thường nhất lại trở thành nguồn sức mạnh trong những thời điểm giông bão của cuộc đời. * Thông tin trong bài chỉ mang tính tham khảo. 4 con giáp nổi tiếng điềm tĩnh, không tranh đoạt với đời, luôn sống an nhiên nhưng lại gặt hái phúc khí và trở thành chỗ dựa đáng tin cậy cho mọi... Nguồn: [Link nguồn]Nguồn: [Link nguồn]"
bc8cee7db3b6719b5e1a81976d21a9ad,Phía sau đám cưới không cô dâu gây sốt ở Vĩnh Long,2026-02-25T11:00:00+00:00,24h,https://www.24h.com.vn/ban-tre-cuoc-song/phia-sau-dam-cuoi-khong-co-dau-gay-sot-o-vinh-long-c64a1739971.html,vi,ban-tre-cuoc-song,đám cưới|Vĩnh Long|không cô dâu|hai chàng trai|chuyện tình,,"Lưu bài viết thành công Bạn có thể xem lại bài viết đã lưu ở trangTin bài đã lưu Loạt hình ảnh, video ghi lại khoảnh khắc hạnh phúc trong đám cưới “không cô dâu” ở Vĩnh Long thu hút sự quan tâm đặc biệt của cộng đồng mạng thời gian qua. Video ghi lại khoảnh khắc đặc biệt trong đám cưới của hai chàng trai Việt - Mỹ thu hút 1,7 triệu lượt xem trên TikTok. Nguồn: Thông Nguyễn Phía sau đó là câu chuyện tình yêu bền bỉ, sẵn sàng vượt qua rào cản để đồng hành cùng nhau của hai chàng trai Việt – Mỹ: Lê Thanh Nhân Trần (thường được gọi là Nathan Tran, SN 1990, quê Vĩnh Long, hiện sống và làm việc tại Mỹ) và Ken Hamill (SN 1983, quốc tịch Mỹ). Nathan Tran cho hay, từ những năm học cấp ba, anh nhận ra bản thân có cảm xúc đặc biệt với người cùng giới. Tuy nhiên, áp lực học hành khiến anh quên đi cảm xúc cá nhân. “Cho đến khi sang Mỹ học và làm việc, tôi mới thực sự tỏ tường bản thân là ai và muốn gì. Tôi từng nói với mẹ chuyện này. Mẹ tôi chỉ bảo: ‘Con yêu ai cũng được, miễn con hạnh phúc’. Tôi nói thêm: ‘Lỡ người ta biết con trai mẹ thích người đồng giới rồi bàn tán thì sao?’. Mẹ tôi đáp: ‘Ai nói gì kệ họ, mẹ không quan tâm’. Giây phút ấy tôi biết, mình thật may mắn”, anh chia sẻ. Nathan Tran từng quen một vài người nhưng đến khi gặp Ken – người đàn ông tài giỏi, thông minh, tình yêu mới thực sự sâu đậm. Nathan Tran và Ken gặp nhau tại một phòng gym vào năm 2018. Ban đầu, họ chỉ chào hỏi bình thường như những người bạn mới quen. Màn cầu hôn lãng mạn của Ken và Nathan Tran Một thời gian sau đó, họ lại có duyên gặp lại. Lúc này, Nathan Tran mới biết Ken có những thành tích nổi bật trong học tập và sự nghiệp. Ở độ tuổi U40, Ken đã là tiến sĩ và có sự nghiệp nở rộ trong lĩnh vực y học. Ken cũng bị thu hút bởi tài năng và sự cầu tiến của Nathan Tran. Càng tiếp xúc, anh càng nhận ra chàng trai Việt là người có mục tiêu, đã quyết tâm làm việc gì là không bỏ cuộc. Cặp đôi ngưỡng mộ tài năng, ý chí của nhau, từ đó nảy sinh tình cảm đặc biệt. “Thời điểm dịch COVID-19 bùng nổ, chúng tôi có nhiều thời gian ở bên nhau. Nhiều người nói, dịch bệnh bùng phát, nhiều cặp đôi vì ở gần nhau quá nhiều nên nảy sinh mâu thuẫn rồi tan vỡ, nhưng chúng tôi thì ngược lại. Càng tiếp xúc, chúng tôi càng thấu hiểu và yêu thương nhau nhiều hơn”, Nathan Tran chia sẻ. Đám cưới của cặp đôi được tổ chức tại Mỹ vào tháng 10/2025 Năm 2022, cặp đôi mua một căn chung cư và chuyển về sống chung. Mùa hè năm 2024, tình cảm của họ tiến một bước dài sau màn cầu hôn bất ngờ và đầy lãng mạn của Ken. “Dịp đó, tôi công tác ở Pháp, còn Ken công tác ở Hàn. Ngay khi xong việc, Ken đã bay sang Pháp để tạo bất ngờ cho tôi. Khi chúng tôi ghé thăm tháp Eiffel, Ken quỳ xuống cầu hôn tôi. Chúng tôi chính thức xác định ở bên nhau dài lâu”, Nathan Tran chia sẻ. Đám cưới xúc động Cặp đôi tổ chức đám cưới trong sự ủng hộ và chúc phúc của hai bên gia đình. Tháng 10/2025, đám cưới được tổ chức tại Mỹ với sự tham dự của 150 khách mời. Bố mẹ Nathan Tran cũng sang chứng kiến khoảnh khắc hạnh phúc của con trai. Khoảnh khắc hạnh phúc của cặp đôi trong lễ cưới ở Việt Nam Tháng 2/2026, đám cưới được tổ chức tại Việt Nam với đầy đủ các nghi thức truyền thống. Bố mẹ, người thân, bạn bè của Ken cũng sang tham dự. “Tôi muốn cho Ken và gia đình anh ấy biết về đám cưới truyền thống của Việt Nam nên tổ chức mọi thứ rất chu toàn. Đám cưới có đầy đủ các nghi lễ như bê tráp cưới, làm lễ gia tiên, kính rượu hai bên ba mẹ... Trước đó, tôi giới thiệu và giải thích ý nghĩa của từng nghi lễ cho gia đình Ken biết. Mọi người rất háo hức được xem văn hóa cưới hỏi của người Việt”, Nathan Tran kể. Trong lễ cưới, sự háo hức, phấn khích được thể hiện rõ trên gương mặt của Ken và gia đình. Ken thích thú khi được khoác trên mình áo dài cưới. Bố mẹ của anh cũng chọn cho mình những bộ đồ lộng lẫy và phù hợp với không gian cưới hỏi để chúc phúc cho các con. Đám cưới được tổ chức theo nghi thức truyền thống của người Việt “Chúng tôi nhận được rất nhiều quà cưới. Trong đó, món quà khiến tôi xúc động nhất là sự hiện diện của hai bên ba mẹ. Sự chúc phúc chân thành của họ khiến chúng tôi thêm tự tin và trân trọng hạnh phúc của mình. Tôi nghĩ, trong cuộc đời mình không thể biết có bao nhiêu lần được chứng kiến khoảnh khắc gia đình, bạn bè sum vầy. Bởi vậy, mỗi khoảnh khắc trong đám cưới đều khiến tôi và Ken vô cùng xúc động”, Nathan Tran chia sẻ. Nathan Tran hiện là giám đốc phát triển kinh doanh cho công ty về vận tải biển, còn Ken là phó chủ tịch bộ phận nghiên cứu lâm sàng cho một công ty trong lĩnh vực y tế. Họ cùng vun vén tổ ấm hạnh phúc ở một thành phố náo nhiệt của Mỹ. Nathan Tran chia sẻ, điều họ hướng đến là một cuộc sống ngập tràn yêu thương, thấu hiểu, cả hai nghĩ cho nhau và nghĩ về hạnh phúc chung. Sau tất cả, “đám cưới không cô dâu” ở Vĩnh Long không chỉ là câu chuyện gây chú ý trên mạng xã hội mà còn là minh chứng cho một tình yêu đơm hoa nhờ được thấu hiểu. Với Nathan và Ken, hạnh phúc đơn giản là được nắm tay nhau, dưới sự chúc phúc trọn vẹn của những người thân yêu. Ảnh: NVCC Trước những luồng ý kiến trái chiều về đám cưới đắt đỏ, chú rể Gia Lai đã lên tiếng chia sẻ quan điểm của mình. Nguồn: [Link nguồn]Nguồn: [Link nguồn]"
b75e737b0e00be9caf41963112f3335f,"Ra mắt nhà bạn gái, chàng trai được 50 người thân xếp hàng chào đón",2026-02-25T08:00:00+00:00,24h,https://www.24h.com.vn/ban-tre-cuoc-song/ra-mat-nha-ban-gai-chang-trai-duoc-50-nguoi-than-xep-hang-chao-don-c64a1740074.html,vi,ban-tre-cuoc-song,ra mắt gia đình|bạn gái|Tết Bính Ngọ 2026|về quê ăn Tết|Hà Tĩnh,,"Lưu bài viết thành công Bạn có thể xem lại bài viết đã lưu ở trangTin bài đã lưu Cặp đôi tổ chức đám cưới trong sự chúc phúc của hai bên gia đình, người thân và bạn bè. Nguồn: [Link nguồn]Nguồn: [Link nguồn]"
c91aeb9d23dcb20136fb8679ac3839f4,"Người khôn ngoan thường giữ im lặng, người dại thường giữ cái tôi",2026-02-25T06:00:00+00:00,24h,https://www.24h.com.vn/ban-tre-cuoc-song/nguoi-khon-ngoan-thuong-giu-im-lang-nguoi-dai-thuong-giu-cai-toi-c64a1734775.html,vi,ban-tre-cuoc-song,người khôn ngoan,,"Lưu bài viết thành công Bạn có thể xem lại bài viết đã lưu ở trangTin bài đã lưu Trong đời sống và sự nghiệp, không ít người cho rằng nói nhiều, thể hiện mạnh mẽ mới là biểu hiện của năng lực. Thế nhưng, càng va chạm nhiều với thực tế, người ta càng nhận ra một nghịch lý: người khôn ngoan thường không vội lên tiếng. Họ chọn im lặng không phải vì yếu thế, mà vì hiểu rõ giá trị của lời nói và biết lúc nào nên dùng, lúc nào nên giữ. Im lặng, với người khôn ngoan, là một dạng bản lĩnh. Đó là khả năng ""nhẫn"" khi cần, ""lui"" đúng lúc, để giữ được sự tỉnh táo và chiều sâu nội tâm. Người thông minh có thể thắng trong một cuộc tranh luận, nhưng người khôn ngoan mới thắng được cả hành trình dài của cuộc đời. Im lặng, với người khôn ngoan, là một dạng bản lĩnh. Ảnh minh họa Không ai đủ thông minh để nhìn thấu mọi việc, cũng không ai đủ khôn ngoan để hiểu hết mọi nhân sinh. Càng hiểu điều đó, con người càng bớt vội vàng phán xét và tranh cãi. Người khôn ngoan hiểu rằng, lời nói đôi khi không làm sáng tỏ vấn đề mà chỉ khiến mâu thuẫn bị đẩy lên cao trào. Triết gia La Mã Marcus Tullius Cicero từng nói: ""Im lặng là một nghệ thuật lớn trong giao tiếp"". Con người chỉ mất vài năm để học nói, nhưng phải mất cả đời để học cách ngừng nói đúng lúc. Khi đã làm chủ được điều này, sự im lặng không còn là khoảng trống, mà trở thành sức mạnh. Với người khôn ngoan, im lặng là cách giữ năng lượng cho những việc quan trọng hơn, là phương thức bảo vệ bản thân trước những xung đột vô nghĩa và những cảm xúc tiêu cực. Người khôn ngoan hiểu rằng, lời nói đôi khi không làm sáng tỏ vấn đề mà chỉ khiến mâu thuẫn bị đẩy lên cao trào. Ảnh minh họa Có một câu chuyện trong Phật môn kể rằng, một người đàn ông giàu có và nổi tiếng đã từ bỏ danh lợi để xuất gia tu hành. Nhờ sống thanh bạch, nghiêm cẩn và luôn giúp đỡ mọi người, ông dần được tín đồ kính trọng và trở thành trụ trì của ngôi chùa. Khi danh tiếng lan xa, những lời đồn ác ý cũng xuất hiện. Có người cho rằng ông đi tu chỉ để chiếm đoạt tiền công đức. Các đệ tử tức giận, đi khắp nơi tranh cãi để minh oan cho sư phụ. Nhưng vị trụ trì vẫn giữ thái độ bình thản, không tranh luận, không thanh minh. Ông cho rằng, nếu lỗi thuộc về mình thì không cần nói, người đời sớm muộn cũng hiểu. Còn nếu không phải lỗi của mình, thì dù có nói xấu đến đâu cũng không thể làm tổn hại sự thật. Người khôn ngoan hiểu rằng, phản ứng trước thị phi chỉ khiến mọi chuyện từ nhỏ hóa lớn, còn im lặng lại khiến lời đồn tự mất đi sức sống. Quả đúng như vậy, khi các đệ tử ngừng tranh cãi và chỉ âm thầm làm việc thiện, tin đồn dần tan biến. Không ai còn tin vào những lời bịa đặt, bởi hành động đã thay lời nói. Không phải mọi cuộc tranh luận đều đáng để tham gia. Đặc biệt là khi đối diện với những người đã mang sẵn định kiến, lời nói chỉ trở thành chất xúc tác cho mâu thuẫn leo thang. Người khôn ngoan không dùng lời nói để thắng thua, mà dùng im lặng để giữ phẩm giá. Im lặng trong trường hợp này không phải là trốn tránh, mà là sự khinh thường cao nhất dành cho những kẻ ác ý. Khi không ai tiếp lời, những lời gièm pha sẽ tự lụi tàn. Lấy thiện cảm hóa nhân tâm, lấy bình thản đối đãi thị phi, đó là cách người khôn ngoan giữ cho tâm mình không bị xáo trộn. Sự khôn ngoan không chỉ thể hiện nơi công việc hay xã hội, mà còn hiện rõ trong đời sống gia đình. Một nhà văn từng kể về chuyến bay, nơi ông ngồi cạnh một cặp vợ chồng. Suốt hành trình, người vợ liên tục trách móc chồng vì lo lắng chuyện nhà cửa, còn người chồng chỉ lặng lẽ lắng nghe. Ông không phản bác, không giải thích, cũng không tỏ ra khó chịu. Khi được hỏi vì sao có thể kiên nhẫn như vậy, ông chỉ cười và nói rằng lời nói có thể là vũ khí, nhưng không ai dùng vũ khí để làm tổn thương người thân. Với ông, im lặng là tấm khiên, vừa bảo vệ mình, vừa bảo vệ người mình yêu thương. Trong gia đình, người khôn ngoan hiểu rằng thắng lý chưa chắc đã giữ được bình yên, nhưng im lặng đúng lúc lại có thể giữ được tình nghĩa lâu dài. Trong gia đình, người khôn ngoan hiểu rằng thắng lý chưa chắc đã giữ được bình yên. Ảnh minh họa Người càng khôn ngoan càng tiết chế lời nói. Họ không sợ thiệt trước mắt, không vội tranh phần đúng sai, mà tập trung giữ vững chuẩn mực đạo đức và sự bình thản trong tâm. Sau cùng, người giữ được sự im lặng đến cuối cùng không phải vì họ kém cỏi, mà vì họ đủ mạnh để không cần chứng minh bằng lời. Đó chính là bản lĩnh của người khôn ngoan – người có thể thành công cả trong đời thường lẫn sự nghiệp, và quan trọng hơn, giữ được sự an nhiên cho chính mình. Trong cuộc sống, sự khiêm tốn không chỉ là đức tính mà còn là nghệ thuật sống khôn ngoan. Nguồn: [Link nguồn]Nguồn: [Link nguồn]"
6817492af85a4366abfd88fe21ba0578,"Công ty thưởng Tết hàng trăm tỉ đồng, dân mạng chỉ biết… ước",2026-02-25T05:00:00+00:00,24h,https://www.24h.com.vn/ban-tre-cuoc-song/cong-ty-thuong-tet-hang-tram-ngan-ti-dong-dan-mang-chi-biet-uoc-c64a1740009.html,vi,ban-tre-cuoc-song,thưởng Tết|công ty|nhân viên|dân mạng,,"Lưu bài viết thành công Bạn có thể xem lại bài viết đã lưu ở trangTin bài đã lưu Chủ quán lẩu ở Tô Châu gây sốc khi chia sẻ toàn bộ lợi nhuận 532.000 nhân dân tệ (1,8 tỷ đồng) cho nhân viên trong dịp Tết. Nguồn: [Link nguồn]Nguồn: [Link nguồn]"
5c58f285f079739dcc7a21f61dae9878,Giới trẻ kiệt quệ tài chính vì gánh nặng tiền mừng tuổi,2026-02-25T04:00:00+00:00,24h,https://www.24h.com.vn/ban-tre-cuoc-song/gioi-tre-kiet-que-tai-chinh-vi-ganh-nang-tien-mung-tuoi-c64a1739937.html,vi,ban-tre-cuoc-song,Giới trẻ|tài chính|lì xì,,"Lưu bài viết thành công Bạn có thể xem lại bài viết đã lưu ở trangTin bài đã lưu Phong bao lì xì Tết Nguyên đán, hay còn gọi là hồng bao, vốn mang ý nghĩa truyền thống tốt đẹp nhằm gửi gắm sự may mắn. Tuy nhiên, cùng với mức thu nhập tăng cao cùng những kỳ vọng xã hội, giá trị của các món quà tiền mặt này không ngừng leo thang. Hiện tượng này vô tình biến một phong tục văn hóa thành một nỗi lo âu thường trực cho nhiều gia đình. Trên nền tảng phong cách sống ""Tiểu Hồng Thư"" (Xiaohongshu), chủ đề tiền lì xì đã thu hút hơn 2 tỷ lượt xem cùng gần 12 triệu lượt thảo luận. Xen lẫn sự háo hức của trẻ nhỏ là hàng loạt bài đăng chia sẻ sự lo lắng của người trưởng thành. Nhiều thanh niên Trung Quốc cho biết họ phải lên kế hoạch chi tiêu trước nhiều tháng trời nhằm chống chọi với sức ép tiền bạc mùa lễ hội. Một người dùng đến từ tỉnh Chiết Giang than thở rằng thế hệ sinh thập niên 1980 đang phải gánh chịu áp lực khổng lồ. Họ vừa phải biếu xén người lớn tuổi ngày một già yếu, lại vừa phải chuẩn bị những khoản tiền không nhỏ cho trẻ em. Đồng tình với quan điểm này, một người khác xót xa chia sẻ rằng các cặp vợ chồng sinh thập niên 1990 chưa có con rơi vào tình cảnh bất lợi nhất. Họ liên tục phải bỏ tiền ra tặng người khác nhưng không bao giờ nhận lại được bất cứ khoản nào. Tờ Quang Minh Nhật báo đã xuất bản một bài bình luận chỉ ra cội rễ của vấn đề. Cụ thể, áp lực tiền mừng tuổi xuất phát bởi những chuẩn mực ăn sâu bén rễ về sự có qua có lại cũng như lòng ái ngại mất thể diện. Để thiết lập tiêu chuẩn tặng quà ít gánh nặng, các gia đình cần chung tay đồng thuận rút lui khỏi cuộc chạy đua vật chất này. Một ""cây lì xì"" tại Bắc Kinh, Trung Quốc. Sixth Tone. Giữa hàng loạt lời than phiền, một đoạn video trên mạng xã hội Douyin ghi lại cảnh người đàn ông họ Trần ở tỉnh Quảng Đông phát phong bao 100 nhân dân tệ (khoảng 14 USD) cho 23 đứa cháu đã gây tiếng vang lớn. Đoạn clip quay ngày 17 tháng 2 cho thấy bọn trẻ tụ tập tại nhà anh để chúc Tết rồi nhận lì xì. Trả lời truyền thông, anh Trần khẳng định tại quê hương mình, phong bao đỏ chủ yếu mang ý nghĩa tượng trưng cho sự tốt lành chứ không dùng để đo đếm mức độ hào phóng. Sự giản dị đó nhanh chóng khơi dậy niềm ngưỡng mộ sâu sắc trên không gian mạng. Một ""Bảng tham khảo Quảng Đông"" lập tức được lan truyền rộng rãi, đề xuất mức tiền mừng tuổi tiêu chuẩn thật hợp lý. Trong đó, mức 100 nhân dân tệ dành cho gia đình ruột thịt, 50 nhân dân tệ cho họ hàng gần, thậm chí chỉ 5 nhân dân tệ cho hàng xóm. Đây được xem là khuôn mẫu hoàn hảo cho sự chừng mực. Chính quyền nhiều địa phương cũng bắt tay vào cuộc nhằm chính thức hóa phong trào này. Tại Khu Tự trị Dân tộc Choang Quảng Tây, huyện Long An đã ban hành đề xuất mang tên ""Lì xì nhỏ, Tấm lòng lớn"". Tài liệu kêu gọi người dân thống nhất trước số tiền tối đa, đồng thời ưu tiên các khoản tượng trưng thay vì phô trương hình thức. Huyện cũng khuyến khích các gia đình chuyển hướng khoản tiền này thành vốn đầu tư phát triển, chẳng hạn như mua sách giáo dục, đồ chơi cho trẻ nhỏ, mua vé tham quan bảo tàng, hay lập quỹ thực hành hỗ trợ đào tạo kỹ năng cho thanh niên. Cùng lúc đó, thành phố Bách Sắc thuộc Quảng Tây cũng đưa ra sáng kiến khuyến nghị mức trần lì xì không vượt quá 20 nhân dân tệ. Thành phố không khuyến khích việc mở rộng các vòng kết nối tặng quà, thay vào đó đề xuất những giải pháp thay thế ý nghĩa như tặng câu đối viết tay hay kể chuyện. Người trẻ tuổi được gợi ý đáp lễ bằng thời gian rảnh rỗi cùng sự giúp đỡ thiết thực thay vì cứ mãi trao đổi tiền mặt. Như lời kết của tờ Quang Minh Nhật báo, toàn xã hội phải cùng nhau ủng hộ một hệ tư tưởng coi trọng tình cảm hơn lợi ích vật chất. Vẻ đẹp đích thực của Tết Nguyên đán nằm ở khoảnh khắc cả gia đình quây quần ấm áp, chứ không nằm ở độ dày của phong bao đỏ hay sự đắt đỏ của những món quà. Theo: t/h Gần đây, khi số lượng người sử dụng ví điện tử ngày càng tăng, một số người còn gắn mã QR cho con cái để nhận tiền Tết từ người thân. Nguồn: [Link nguồn]Nguồn: [Link nguồn]"
3ab29da155fcb4cb4f0ce6638c53447a,"8 bí quyết chống nồm tại nhà không tốn tiền, ai cũng có thể làm được",2026-02-25T02:00:00+00:00,24h,https://www.24h.com.vn/ban-tre-cuoc-song/8-bi-quyet-chong-nom-tai-nha-khong-ton-tien-ai-cung-co-the-lam-duoc-c64a1739835.html,vi,ban-tre-cuoc-song,cách chống nồm không tốn tiền tại nhà|cách chống nồm bằng than hoa|cách chống nồm bằng nến thơm,,"Lưu bài viết thành công Bạn có thể xem lại bài viết đã lưu ở trangTin bài đã lưu Hiện tượng nồm ẩm ở miền Bắc thường xuất hiện vào giai đoạn giao mùa, đặc biệt là vào tháng 2 đến tháng 4 dương lịch. Nguyên nhân gây ra nồm chủ yếu khi có sự chênh lệch rõ rệt giữa nhiệt độ nền nhà và nhiệt độ không khí bên ngoài. Sau một thời gian dài chịu ảnh hưởng của thời tiết lạnh, khô, nền nhà và tường thường bị hạ nhiệt sâu. Khi khối không khí ấm, ẩm tràn vào, đặc biệt dưới tác động của gió nồm mang hơi ẩm từ biển thổi vào đất liền, độ ẩm trong không khí tăng cao đột ngột. Nồm ẩm khiến nước đọng trong nhà, nhiều ẩm mốc và vi khuẩn. Ảnh AI Do nhiệt độ sàn nhà vẫn thấp hơn nhiệt độ không khí, hơi nước trong không khí gặp bề mặt lạnh sẽ ngưng tụ, tạo thành lớp nước đọng trên nền nhà, tường và đồ vật. Sự kết hợp giữa độ ẩm cao và nền nhiệt thấp chưa kịp thích nghi chính là nguyên nhân trực tiếp gây ra tình trạng nồm ẩm kéo dài trong nhiều ngày. Thời tiết nồm ẩm kéo dài không chỉ gây bất tiện trong sinh hoạt mà còn tiềm ẩn nhiều rủi ro đối với sức khỏe. Khi độ ẩm không khí tăng cao, sàn nhà và các bề mặt thường xuyên đọng nước, trơn trượt, làm gia tăng nguy cơ té ngã, đặc biệt ở người cao tuổi và trẻ nhỏ. Các tác động của nồm ẩm. Độ ẩm cao cũng khiến lỗ chân lông bị bít, làm quá trình bài tiết qua da kém hiệu quả, gây cảm giác bức bối, mệt mỏi, đau nhức cơ thể. Bên cạnh đó, môi trường ẩm ướt tác động trực tiếp đến niêm mạc đường hô hấp, làm tăng nguy cơ tái phát hoặc bùng phát các bệnh mãn tính như viêm phế quản, viêm phổi, hen suyễn. Ngoài ra, điều kiện ẩm thấp tạo môi trường thuận lợi cho vi khuẩn và nấm mốc phát triển mạnh, từ đó làm gia tăng các bệnh về da và truyền nhiễm, ảnh hưởng không nhỏ đến sức khỏe cộng đồng trong những ngày nồm ẩm kéo dài. Không những thế, nồm ẩm cũng khiến cho đồ nội thất, đồ dùng điện tử dễ hỏng hóc. 1. Lau nhà bằng khăn khô Đây là cách đơn giản nhất, khăn khô sẽ thấm nước đọng trên nền nhà, tường gạch và các đồ nội thất. Trong mùa nồm, không nên lau nhà bằng khăn ướt vì càng làm tăng độ ẩm trong nhà, hơi nước không thể thoát được khiến bạn càng cảm thấy khó chịu. 2. Đóng kín cửa nhà Nhiều người có thói quen mở cửa để “lấy gió”, tuy nhiên trong những ngày nồm, không khí bên ngoài thường ẩm hơn trong nhà. Vì vậy, nên đóng kín cửa sổ, cửa ra vào, đặc biệt vào sáng sớm và tối muộn để tránh hơi ẩm tràn vào. Khi độ ẩm ngoài trời giảm (thường vào giữa trưa), có thể mở cửa để lưu thông không khí. Tuy nhiên, cần theo dõi độ ẩm thực tế để điều chỉnh linh hoạt. 3. Chống nồm bằng điều hoà hoặc máy hút ẩm Bật điều hòa ở chế độ “Dry” (hút ẩm) hoặc dùng máy hút ẩm là giải pháp hiệu quả giúp giảm độ ẩm trong không khí, hạn chế tình trạng sàn nhà đổ mồ hôi. Đây là biện pháp nhanh và ổn định nhất khi độ ẩm vượt ngưỡng 80–90%. 4. Sử dụng vôi sống Một trong những cách chống ẩm dân gian được nhiều gia đình áp dụng trong mùa nồm là sử dụng vôi sống để hút ẩm. Bạn có thể mua khoảng 10–15 kg vôi sống, cho vào thùng giấy hoặc thùng gỗ khô, sau đó đặt tại các vị trí dễ tích tụ độ ẩm như góc phòng, cạnh giường, tủ quần áo, chân bàn ghế hoặc sát tường. Khi thời tiết ẩm ướt xuất hiện, chỉ cần mở nắp thùng để vôi tiếp xúc với không khí, vôi sống sẽ phát huy tác dụng hút ẩm tự nhiên, giúp không gian khô ráo hơn. Tuy nhiên, do vôi sống có tính ăn mòn và có thể gây kích ứng da, cần đặt thùng ở nơi an toàn, tránh xa tầm tay trẻ nhỏ và vật nuôi. 5. Chống nồm bằng than hoa Cách chống nồm bằng than hoa. Ảnh AI Than hoa (than củi, than hoạt tính) hoàn toàn có khả năng hút ẩm hiệu quả và khử mùi hôi nhờ cấu trúc mao mạch rỗng như bọt biển. Đây là giải pháp tự nhiên, rẻ tiền, thường được dùng đặt ở góc phòng, tủ quần áo, hoặc nơi ẩm mốc để chống nồm, ngăn nấm mốc phát triển. Có thể phơi khô than dưới nắng để tái sử dụng nhiều lần. Lưu ý không nên đốt than vì khi đốt than, khí CO2 sẽ gây hại cho sức khỏe của các thành viên trong gia đình, và lửa sẽ nguy hiểm cho trẻ em nữa. 6. Trồng các loại cây hút ẩm trong nhà Các loại cây hút ẩm trong nhà tốt nhất bao gồm cây thường xuân, lưỡi hổ, lan ý, dương xỉ, trầu bà, và cọ cảnh. Những loại cây này có khả năng hấp thụ hơi ẩm qua lá và rễ, giúp giảm nấm mốc, thanh lọc không khí, rất thích hợp cho không gian ẩm ướt như nhà tắm, phòng bếp, đặc biệt trong mùa nồm. 7. Đốt nến thơm Chống nồm bằng nến thơm. Đốt nến thơm là một phương pháp hiệu quả để hút ẩm, khử mùi ẩm mốc và làm khô thoáng không gian trong những ngày trời nồm. Sức nóng từ nến giúp làm tăng nhiệt độ, giảm độ ẩm, đồng thời hương thơm tinh dầu giúp đánh bay mùi khó chịu. Nên chọn nến có mùi tự nhiên như chanh, sả, quế, lavender và đặt ở nơi ẩm cao. Dù hỗ trợ giảm ẩm nhất định, song nến thơm không phải là ""cứu cánh"" duy nhất. Để kiểm soát tình trạng nồm ẩm triệt để, người dân nên kết hợp linh hoạt việc đốt nến với các thiết bị chuyên dụng như máy hút ẩm, máy lọc không khí, đồng thời đảm bảo hệ thống thông gió trong nhà luôn vận hành khoa học. 8. Sử dụng nước nóng Những đồ dùng gia đình như đũa, muôi bằng tre, gỗ rất dễ bị mốc trong nhưng ngày ẩm. Bởi vậy sau khi rửa bát đĩa mỗi ngày, bạn hãy dùng nước nóng tráng lại lần cuối, phơi ráo hoặc xếp có khoảng cách để đồ dùng được khô, ráo đảm bảo vệ sinh. Nếu nhà có mấy sấy bát đĩa, đừng quên sử dụng chúng. Hình ảnh chủ nhà ở Phú Thọ giăng quần áo phơi giữa phòng khách rồi bật quạt trần để quần áo nhanh khô trong mùa nồm ẩm thu hút nhiều ý kiến trái... Nguồn: [Link nguồn]Nguồn: [Link nguồn]"
1b17d2571e1cd8482649ddcc8f171885,"TikToker Thắng Không Kịp dính ồn ào bạo hành gia đình, người trong cuộc lên tiếng",2026-02-25T00:38:40+00:00,24h,https://www.24h.com.vn/ban-tre-cuoc-song/tiktoker-thang-khong-kip-dinh-on-ao-bao-hanh-gia-dinh-nguoi-trong-cuoc-len-tieng-c64a1739939.html,vi,ban-tre-cuoc-song,Thắng Không Kịp|bạo hành gia đình|TikToker|phản ứng cộng đồng|bình luận xã hội,,"Lưu bài viết thành công Bạn có thể xem lại bài viết đã lưu ở trangTin bài đã lưu Thắng Không Kịp tên thật là Phùng Văn Thắng (sinh năm 1995), được biết đến là một nhà sáng tạo nội dung hoạt động chủ yếu trên nền tảng TikTok. Trước khi vướng ồn ào, anh sở hữu hàng trăm nghìn lượt theo dõi nhờ các video mang màu sắc hài hước, tình huống đời thường và những nội dung quảng bá sản phẩm. Trong quá trình hoạt động, Thắng Không Kịp từng hợp tác sản xuất nội dung quảng cáo cho một số nhãn hàng, trong đó có hệ thống bán lẻ thiết bị công nghệ H.H Mobile. Sự việc bắt đầu khi một đoạn video do người vợ cũ của Thắng, được gọi tắt là P.N., đăng tải lên mạng xã hội. Trong clip, hai người xảy ra tranh cãi gay gắt tại nhà. Đáng chú ý, khi P.N. đang bế con nhỏ trên tay, người đàn ông trong video đã có hành động vung tay đánh vào mặt người phụ nữ kèm theo lời lẽ xúc phạm. Hình ảnh này khiến nhiều người xem bàng hoàng và phẫn nộ. Chỉ trong vài giờ, đoạn clip đã được chia sẻ với tốc độ chóng mặt, thu hút hàng trăm nghìn lượt xem và bình luận. Không ít ý kiến lên án gay gắt hành vi bạo lực gia đình, đặc biệt trong bối cảnh nạn nhân đang bế con nhỏ, đồng thời kêu gọi cơ quan chức năng sớm vào cuộc làm rõ. (Ảnh cắt từ clip lan truyền trên mạng xã hội) Bên cạnh video, P.N. còn đăng tải một số hình ảnh cho thấy các vết thương trên cơ thể, khiến làn sóng chỉ trích đối với Thắng Không Kịp càng trở nên gay gắt. Trước áp lực dư luận, Thắng Không Kịp đã khóa/hạn chế hoạt động của các tài khoản mạng xã hội cá nhân. Tuy nhiên, đến ngày 24/2/2026, anh đã mở lại kênh TikTok và đăng tải lời xin lỗi công khai. Trong chia sẻ mới nhất, Thắng thừa nhận hành vi bộc phát trong lúc nóng giận là sai trái, đồng thời gửi lời xin lỗi tới cộng đồng mạng. Anh cho biết bản thân và P.N. đã ly hôn từ tháng 12/2025, từng trải qua nhiều mâu thuẫn trong quá trình chung sống, nhưng khẳng định điều đó không thể là lý do biện minh cho hành vi bạo lực. TikToker này cũng nói rằng mình có các bằng chứng liên quan đến toàn bộ sự việc nhưng sẽ không công khai để tránh làm tổn thương thêm người từng là vợ và là mẹ của con mình. Thắng Không Kịp cho biết sẽ tạm dừng hoạt động trên mạng xã hội một thời gian để nhìn lại bản thân và sẵn sàng làm việc với các cơ quan chức năng nếu được yêu cầu. Sau khi clip lan truyền, làn sóng phản đối không chỉ nhắm vào cá nhân Thắng Không Kịp mà còn lan sang các đơn vị từng hợp tác với anh. Trước sức ép dư luận, H.H Mobile đã ra thông báo chấm dứt hợp tác với TikToker này nhằm bảo vệ hình ảnh thương hiệu. Ở chiều ngược lại, người vợ cũ P.N. sau đó đã gỡ bỏ đoạn video gốc khỏi TikTok. Dù vậy, nhiều bản sao của clip vẫn tiếp tục xuất hiện trên các nền tảng mạng xã hội, khiến vụ việc chưa có dấu hiệu hạ nhiệt. Vụ việc của Thắng Không Kịp làm dấy lên nhiều tranh luận, từ vấn đề bạo lực gia đình, trách nhiệm của người có tầm ảnh hưởng trên mạng xã hội, cho đến ranh giới giữa đời tư cá nhân và hành vi vi phạm chuẩn mực đạo đức. Nhiều ý kiến cho rằng, dù hoàn cảnh gia đình có phức tạp đến đâu, hành vi bạo lực vẫn không thể chấp nhận và cần được xử lý nghiêm theo quy định pháp luật. Người phụ nữ bị đánh đã đăng tải hình ảnh lên mạng xã hội cho thấy các vết thương ở trán, tay, chân và nhiều vị trí khác trên cơ thể. Nguồn: [Link nguồn]Nguồn: [Link nguồn]"
98b49dc5925fd54651feafec0ba67cbf,Lao công đỡ bé trai 7 tuổi rơi từ độ cao 24 m,2026-02-24T22:00:00+00:00,24h,https://www.24h.com.vn/ban-tre-cuoc-song/lao-cong-do-be-trai-7-tuoi-roi-tu-do-cao-24-m-c64a1739734.html,vi,ban-tre-cuoc-song,Lao công|Chung cư|Rơi ngã|Nga,,"Lưu bài viết thành công Bạn có thể xem lại bài viết đã lưu ở trangTin bài đã lưu Khoảnh khắc bé trai rơi ngã và được lao công đỡ. Video: DM Sự việc xảy ra ngày 23/2 tại một tòa nhà trên phố Petrozavodskaya, thành phố Saint Petersburg. Video ghi lại cho thấy bé trai tên Sasha trượt khỏi bậu cửa sổ căn hộ tầng 7, tương đương độ cao khoảng 24 m. Hàng xóm phát hiện bé đứng chơi ở bậu cửa sổ nên hô hoán, yêu cầu em vào trong và tìm cách báo động. Tuy nhiên, bé không nghe thấy. Khairullo Ibadullayev, 37 tuổi, lao công tòa nhà, thấy đám đông tụ tập nên chạy tới. Khi bé rơi xuống, anh đứng ngay phía dưới và kịp thời đỡ lấy. Cả hai cùng ngã xuống đống tuyết. Ibadullayev đỡ bé trai rơi từ ban công tầng 7. Ảnh chụp màn hình Nam lao công cho biết sau cú va chạm, bé trai không thở. Anh lập tức ép tim ngoài lồng ngực cho đến khi nghe thấy tiếng thở trở lại. ""Nếu đứa trẻ ổn, tôi cũng sẽ ổn"", Ibadullayev nói. Bé được đưa vào bệnh viện và hiện điều trị tích cực trong tình trạng ổn định. Theo truyền thông địa phương, em bị gãy xương cẳng chân và một số chấn thương khác. Ibadullayev bị chấn thương vùng xương sườn nhưng có thể tự đi lại. Bé Sasha và mẹ. Ảnh: X Mẹ bé, Nadezhda Amrani, 47 tuổi, cho biết chỉ rời phòng trong thời gian ngắn. Khi quay lại, cô phát hiện cửa sổ mở và con trai không còn trong phòng. Nhà chức trách đang xem xét vụ việc. Lực lượng khẩn cấp cho biết căn hộ không lắp chốt chặn an toàn ở cửa sổ. Ibadullayev sang Nga làm việc cách đây bốn tháng để kiếm tiền hỗ trợ gia đình tại Uzbekistan. Ibadullayev là người Uzbekistan, đang làm lao công tại Nga. Ảnh: East 2 West News Trung Quốc - Bé trai 3 tuổi ở Hàng Châu bị rơi từ tầng 18 chung cư khi ở nhà một mình, may mắn sống sót nhờ được cây đỡ. Nguồn: [Link nguồn]Nguồn: [Link nguồn]"
02d249a5be66286cd59b7619914bddf3,"Bị mẹ chồng mắng chửi khi mới sinh, tôi quyết tâm làm một việc bà không ngờ",2026-02-24T23:00:00+00:00,24h,https://www.24h.com.vn/ban-tre-cuoc-song/bi-me-chong-mang-chui-khi-moi-sinh-toi-quyet-tam-lam-mot-viec-ba-khong-ngo-c64a1736503.html,vi,ban-tre-cuoc-song,mẹ chồng|mẹ chồng nàng dâu|sinh con|mẹ đẻ phương oanh mắng chửi con dâu|con dâu mới sinh|mẹ chồng xúc phạm con dâu|clip mẹ phương oanh mắng chửi con dâu|con dâu,,"Lưu bài viết thành công Bạn có thể xem lại bài viết đã lưu ở trangTin bài đã lưu Những ngày gần đây trên mạng xã hội lan truyền clip một bà mẹ chồng dùng những lời lẽ xúc phạm, mắng nhiếc con dâu thậm tệ khi cô ấy vừa mới sinh con. Tối hôm ấy khi xem xong clip, tôi thấy thật đồng cảm với người mẹ vừa mới sinh ấy, bởi 5 năm trước tôi cũng đã từng trải qua cảm giác như vậy. 5 năm trôi qua, con tôi nay đã sắp đi học lớp 1, thế nhưng những lời nói, ánh mắt ấy vẫn vẹn nguyên, ám ảnh tôi mãi. 5 năm trôi qua, tôi vẫn chưa thể quên được những lời mẹ chồng nói khi tôi vừa mới sinh (Ảnh minh họa, nguồn: AI) Ngày ấy, tôi vừa vượt cạn được 10 ngày. Cơ thể còn đau nhức, vết mổ chưa lành hẳn, lại thêm việc thức đêm ròng rã trông con khiến tôi kiệt sức. Chồng tôi khi đó đang vào đợt cao điểm của dự án, thường xuyên đi làm về muộn. Đêm đó, anh về nhà lúc gần 12 giờ khuya với gương mặt phờ phạc. Đúng lúc ấy, con lại quấy khóc vì đói. Thấy chồng vừa đặt cặp xuống, tôi khẽ nhờ anh pha bình sữa cho con vì quá đau vết mổ. Nhưng đúng lúc đó, mẹ chồng tôi từ phòng ngoài xộc thẳng vào. Bà không nhìn cháu, cũng chẳng hỏi han tôi nửa lời, mà chỉ nhìn chằm chằm vào con trai bà với ánh mắt xót xa rồi quay sang quát tháo tôi. Bà mắng tôi là hạng đàn bà ích kỷ, không biết thương chồng, chồng đi làm về đến nhà chưa kịp thở đã đè cưỡi lên cổ chồng. Có mỗi việc pha sữa cho con cũng không làm nổi, rằng tôi là thứ ăn bám, là thứ đàn bà không được giáo dục đến nơi đến chốn. Tôi sững sờ, nước mắt cứ thế trào ra. Tôi nghẹn ngào giải thích rằng mình đau quá, nhưng bà không dừng lại. Những từ ngữ nặng nề nhất như ""vô phúc"", ""hành hạ chồng"", ""lười biếng"" cứ thế tuôn ra từ miệng người tôi gọi là mẹ. Chồng tôi khi ấy vừa mệt vừa bất ngờ, anh có lên tiếng bênh vực tôi nhưng càng làm bà lồng lộn hơn. Đêm đó, tôi ôm con khóc nức nở. Nỗi đau thể xác không thấm tháp gì so với sự uất ức trong lòng. Những ngày sau đó, không khí gia đình trở nên ngột ngạt vô cùng. Những va chạm nhỏ nhặt trong cách chăm con, lời ăn tiếng nói hàng ngày khiến tôi rơi vào trạng thái trầm cảm. Tôi nhận ra, nếu cứ tiếp tục sống chung dưới một mái nhà mà không có sự thấu hiểu và tôn trọng tối thiểu, cuộc hôn nhân của mình sớm muộn cũng tan vỡ. Đầy một tháng sau sinh, tôi kiên quyết nói với chồng về việc ra ở riêng. Lúc đầu, anh ngần ngại vì sợ mang tiếng bất hiếu, sợ mẹ buồn. Nhưng khi thấy tôi gầy sọp đi, ánh mắt không còn sức sống, anh đã đồng ý. Chúng tôi thuê một căn phòng trọ nhỏ, bắt đầu cuộc sống tự lập với hai bàn tay trắng và một đứa trẻ đỏ hỏn. Năm năm qua, cuộc sống riêng dù có lúc vất vả về kinh tế, lúc con ốm đau hai vợ chồng phải thay nhau thức trắng, nhưng tôi thấy tâm mình bình yên. Chúng tôi vẫn về thăm bà, vẫn làm tròn bổn phận con cái, nhưng khoảng cách địa lý đã giúp giữ lại chút lịch sự cuối cùng giữa mẹ chồng và nàng dâu. Nghĩ lại, tôi không hối hận về quyết định ra riêng năm ấy. Đôi khi, sự tách biệt lại là liều thuốc duy nhất để cứu vãn một mối quan hệ đang bên bờ vực. Tôi cũng hiểu rằng, sự tôn trọng trong gia đình không nghiễm nhiên mà có, nó cần được thiết lập bằng ranh giới rõ ràng. Nghe những lời nói của con rể, mắt bố tôi đỏ lên. Ông quay sang nhìn tôi rồi lặng lẽ đi vào phòng đóng cửa. Nguồn: [Link nguồn]Nguồn: [Link nguồn]"
5092474b72ddf306120cddedf2e5bf15,"Nếu thuộc những con giáp này, chuyện tình cảm năm 2026 khó còn bình yên",2026-02-24T17:01:00+00:00,24h,https://www.24h.com.vn/ban-tre-cuoc-song/neu-thuoc-nhung-con-giap-nay-chuyen-tinh-cam-nam-2026-kho-con-binh-yen-c64a1739495.html,vi,ban-tre-cuoc-song,con giáp|12 con giáp|tử vi 12 con giáp,,"Lưu bài viết thành công Bạn có thể xem lại bài viết đã lưu ở trangTin bài đã lưu Dưới tác động của nguồn năng lượng mạnh mẽ từ năm Ngọ, các mối quan hệ không còn vận hành theo quán tính cũ mà buộc mỗi người phải nhìn lại cảm xúc thật của mình. Đây cũng là năm mà yếu tố ""đào hoa"" xuất hiện rõ rệt, đặc biệt với những con giáp dưới đây. Năm Ngựa Lửa lại mang đến những tình huống khó đoán, buộc con giáp Dậu phải thay đổi cách yêu và cách kết nối cảm xúc. Ảnh minh họa Người tuổi Dậu vốn coi trọng sự rõ ràng và ổn định trong các mối quan hệ, nhưng năm Ngựa Lửa lại mang đến những tình huống khó đoán, buộc họ phải thay đổi cách yêu và cách kết nối cảm xúc. Trong năm 2026, những người sinh năm 1981 hoặc 1993 có thể đứng trước bước ngoặt liên quan đến sự trung thực và kỳ vọng lẫn nhau. Các mối quan hệ tồn tại nhờ thói quen hơn là sự gắn bó cảm xúc dễ xuất hiện rạn nứt. Tuy vậy, đây cũng là cơ hội để con giáp Dậu xây dựng sự thân mật sâu sắc hơn nếu biết buông bớt nhu cầu kiểm soát và học cách lắng nghe đối phương. Bài học lớn của con giáp Dậu năm nay là sự linh hoạt không làm suy yếu tình yêu mà giúp mối quan hệ trưởng thành bền vững hơn. Các mối quan hệ mới trong năm mang màu sắc mãnh liệt và sâu sắc, dù đôi khi thách thức nhu cầu kiểm soát vốn có của con giáp Tỵ. Ảnh minh họa Người tuổi Tỵ thường tiếp cận tình yêu bằng sự thận trọng, nhưng năm 2026 lại đẩy nhanh nhịp độ cảm xúc một cách bất ngờ. Nhiều quyết định tình cảm có thể đến sớm hơn dự tính. Những người sinh năm 1977 hoặc 1989 dễ trải qua biến động liên quan đến hôn nhân, chia ly hoặc việc định nghĩa lại cam kết lâu dài. Những cảm xúc bị che giấu trước đây có xu hướng được bộc lộ, khiến mối quan hệ phải thay đổi theo hướng rõ ràng hơn. Các mối quan hệ mới trong năm mang màu sắc mãnh liệt và sâu sắc, dù đôi khi thách thức nhu cầu kiểm soát vốn có của con giáp Tỵ. Niềm tin trở thành yếu tố quyết định sự bền vững của tình yêu. Với con giáp Ngọ, đây có thể là năm của hôn nhân bất ngờ hoặc chia tay cũng bất ngờ không kém. Ảnh minh họa Bước vào đúng năm tuổi, người tuổi Ngọ trải qua giai đoạn mang tính cá nhân rất cao. Các mối quan hệ hiện tại sẽ được ""soi chiếu"" kỹ lưỡng khi họ cảm thấy nhu cầu sống thật với bản thân ngày càng mạnh mẽ. Những mối quan hệ lâu năm nhưng kìm hãm sự phát triển cá nhân có thể kết thúc bất ngờ. Song song với đó, các kết nối mới lại xuất hiện nhanh chóng và đầy cuốn hút. Với một số người, đây có thể là năm của hôn nhân bất ngờ hoặc chia tay cũng bất ngờ không kém. Người sinh năm 1978 và 1990 dễ đối diện với các quyết định liên quan đến gia đình hoặc cam kết lâu dài, trong khi những người sinh năm 2002 có xu hướng định nghĩa lại hoàn toàn quan điểm về tình yêu. Những mối quan hệ vượt qua được năm bản mệnh thường trở nên chân thật và bền chặt hơn. Con giáp Dần độc thân dễ bước vào những mối tình phát triển nhanh, đầy đam mê và mang cảm giác định mệnh. Ảnh minh họa Con giáp Dần vốn sống giàu cảm xúc, và năng lượng của năm Ngựa Lửa càng khuếch đại điều này. Trong năm 2026, họ khó chấp nhận những mối quan hệ mập mờ hoặc thiếu rõ ràng. Người sinh năm 1974 hoặc 1986 có thể phải đối diện với vấn đề niềm tin, quyền lực trong mối quan hệ hoặc định hướng tương lai. Những cuộc trò chuyện thẳng thắn, dù không dễ chịu, lại giúp tháo gỡ khúc mắc tồn tại lâu dài. Người độc thân dễ bước vào những mối tình phát triển nhanh, đầy đam mê và mang cảm giác định mệnh, dù không phải mối quan hệ nào cũng kéo dài lâu dài. Bài học của con giáp Dần trong năm nay là lựa chọn sự dũng cảm cảm xúc thay vì sự an toàn quen thuộc. Con giáp Mão độc thân dễ gặp những mối tình đến từ những người hoàn toàn khác ""gu"" quen thuộc. Ảnh minh họa Con giáp Mão đề cao sự ổn định và cảm giác an toàn, vì vậy năm Ngựa Lửa trở thành phép thử lớn đối với đời sống tình cảm của họ. Người sinh năm 1975 hoặc 1987 có thể rơi vào trạng thái giằng co giữa việc giữ hòa khí và nói ra cảm xúc thật. Những cảm xúc bị kìm nén lâu ngày có xu hướng bùng phát, buộc họ phải đối thoại thẳng thắn. Đặc biệt, người độc thân dễ gặp những mối tình đến từ những người hoàn toàn khác ""gu"" quen thuộc. Chính sự khác biệt này lại mang đến cơ hội chuyển hóa cảm xúc sâu sắc. Con giáp Mão nhận ra rằng sự hài hòa chỉ tồn tại khi đi cùng sự chân thành. Con giáp Thân độc thân dễ thu hút những đối tượng năng động, song các mối quan hệ cũng thay đổi nhanh nếu thiếu giao tiếp rõ ràng. Ảnh minh họa Với con giáp Thân, năm Ngựa Lửa mang đến sự khó lường trong các mối quan hệ. Tính cách linh hoạt và yêu tự do dễ va chạm với nhu cầu cam kết và sự rõ ràng trong tình cảm. Những người sinh năm 1980 hoặc 1992 có thể cảm thấy bồn chồn trong mối quan hệ lâu dài và bắt đầu tự hỏi liệu bản thân có đang đánh mất tự do cảm xúc hay không. Điều này có thể dẫn đến các quyết định thay đổi đột ngột, bao gồm chia tay hoặc điều chỉnh lại cam kết. Người độc thân dễ thu hút những đối tượng năng động, song các mối quan hệ cũng thay đổi nhanh nếu thiếu giao tiếp rõ ràng. Năm 2026 buộc con giáp Thân phải rời khỏi những kết nối hời hợt để hướng tới chiều sâu cảm xúc thực sự. * Thông tin trong bài chỉ mang tính tham khảo. Trong năm 2026, có những con giáp âm thầm nỗ lực, dùng sự tinh tế và trí tuệ cảm xúc để tạo dựng sự nghiệp vững vàng, đồng thời sở hữu một mái ấm hạnh... Nguồn: [Link nguồn]Nguồn: [Link nguồn]"
1b3a7391a47e06d69a11dc5017e5ad69,Hot girl Anh Thơ đấu vật với Hồng Sơn: Màn tỷ thí gây tranh cãi & ranh giới nhạy cảm,2026-02-26T17:05:00+00:00,24h,https://www.24h.com.vn/the-thao/hot-girl-anh-tho-dau-vat-voi-hong-son-man-ty-thi-gay-tranh-cai-ranh-gioi-nhay-cam-c101a1740135.html,vi,the-thao,dau vat hoi xuan|dau vat nhay cam|nhay cam dau vat|dau vat|vat|hong son|anh tho|the thao,,"Lưu bài viết thành công Bạn có thể xem lại bài viết đã lưu ở trangTin bài đã lưu Những trận đấu vật giữa nam - nữ mùa hội xuân đang gây tranh cãi trong dư luận. Đây là những cuộc đấu thể hiện sự bình đẳng giới và sức sống văn hóa, hay chỉ là chiêu trò để thu hút sự chú ý từ khán giả những ngày đầu xuân? Hãy cùng chúng tôi phân tích hiện tượng này, từ truyền thống thượng võ đến ranh giới nhạy cảm khi mọi khoảnh khắc đều có thể tạo nên những khoảnh khắc đáng nhớ. Video trận đấu gần đây giữa Hồng Sơn gặp Hòa ""Bưởi"" và Anh Thơ năm 2025 (Nguồn clip: Đào Hồng Sơn) Không khí tại các hội vật xuân 2026 đang nóng hơn bao giờ hết. Giữa thôn Đoài (Hoàn Sơn, Tiên Du), trong tiếng trống hội rộn ràng, Anh Thơ, cô gái 24 tuổi cao 1m72, được mệnh danh là “hot girl sới vật” đã xoay hông, khóa tay, tung cú “quăng 4 vó” gọn ghẽ. Chỉ trong khoảnh khắc, Đào Hồng Sơn, nhà vô địch JiuJitsu thế giới 2022, HCV SEA Games, biệt danh “Quỷ lùn”, đã bị hất văng khỏi thế trụ. Trận đấu mới đây giữa Hồng Sơn và Anh Thơ gây sốt mạng xã hội Nhưng điều làm trận tái đấu chiều 24/2/2026 không dừng lại ở một pha quật ngã đẹp mắt, mà là làn sóng tranh luận dữ dội sau đó, rằng đấu vật nam - nữ trong hội làng là tinh hoa giao lưu thượng võ, hay đang chạm tới một ranh giới nhạy cảm? Cú quăng làm “nổ” mạng xã hội Thực tế, Anh Thơ không phải cái tên xa lạ. Trong những năm gần đây, cô đã gây tiếng vang khi liên tiếp đánh bại nhiều trai làng lực lưỡng tại hội Vịa (Long Biên), Thọ Đa (Kim Nỗ), rồi Đa Hội (Từ Sơn). Ở mỗi sới vật, hình ảnh cô gái trẻ tự tin bước vào vòng đấu giữa những nam đối thủ mạnh mẽ đã tạo nên sức hút đặc biệt. Thế nhưng, cuộc đối đầu với Hồng Sơn mới thực sự đưa câu chuyện lên một nấc thang khác. Năm ngoái, Anh Thơ từng thắng anh và thua ở lễ hội đầu xuân. Năm nay, “Quỷ lùn” tái xuất, khiến khán giả háo hức như chờ một trận derby đúng nghĩa. Kết quả vẫn không đổi. Anh Thơ một lần nữa giành phần thắng bằng kỹ thuật khóa tay xoay hông sắc bén, cho thấy sự tiến bộ rõ rệt về thể lực lẫn bản lĩnh thi đấu. Video trận đấu nhanh chóng lan truyền trên Facebook, YouTube, TikTok, thu về hàng triệu lượt xem. Va chạm cơ thể: Thượng võ hay “gai góc” thời đại công nghệ? Vật truyền thống vốn sinh ra từ lễ hội cầu mùa, nơi người dân rèn luyện sức khỏe và thể hiện tinh thần thượng võ. Luật chơi đơn giản, làm đối thủ ngã lưng chạm đất. Không hạng cân khắt khe, không sàn đấu hiện đại, không ánh đèn sân khấu. Chỉ có thảm vật, tiếng trống, và vòng người cổ vũ. Trong truyền thống ấy, nam - nữ cùng tham gia không phải điều xa lạ. Tuy nhiên, khi trận đấu nam - nữ được đặt dưới ống kính điện thoại, quay chậm từng pha khóa tay, từng cú ôm ghì, câu chuyện lập tức trở nên “nóng” hơn. Trên mạng xã hội, luồng ý kiến chia làm nhiều hướng. Một bộ phận đông đảo ủng hộ, xem Anh Thơ là biểu tượng nữ quyền hiện đại, phá vỡ định kiến “phái yếu”. Họ ca ngợi sự tự tin, kỹ thuật và tinh thần thi đấu sòng phẳng của cô. Nhưng cũng có ý kiến lo ngại về tính nhạy cảm, cho rằng những pha va chạm cơ thể dễ bị cắt ghép, bình luận lệch lạc, thậm chí bị khai thác theo hướng phản cảm. Trang phục thi đấu gọn gàng, bó sát để thuận tiện vận động, vốn là lựa chọn chuyên môn lại trở thành đề tài soi mói. Những bình luận mang tính trêu đùa, thậm chí dung tục, xuất hiện xen lẫn lời khen ngợi. Văn hóa hội làng bình dị, khi bước vào không gian mạng, không còn chỉ là câu chuyện của làng nữa. Có nên đặt ra luật riêng cho đấu nam - nữ? Hiện nay, vật truyền thống không phân chia hạng cân nghiêm ngặt như thi đấu Olympic. Tính giao lưu được đặt lên hàng đầu. Đại diện các ban tổ chức cũng nhiều lần khẳng định đây là hoạt động vui hội, tự nguyện tham gia, không mang tính chuyên nghiệp hay ép buộc. Tuy vậy, trước sức nóng dư luận, một số ý kiến chuyên gia đề xuất cần những điều chỉnh mềm dẻo, giới hạn thời gian, tăng cường trọng tài giám sát, quy định rõ về an toàn để hạn chế chấn thương và tranh cãi. Câu hỏi đặt ra là liệu việc siết luật có làm mất đi bản sắc tự nhiên của vật làng, nơi sự phóng khoáng và tinh thần “đấu cho vui, thắng thua là chuyện hội”? Nếu cấm hoàn toàn nam - nữ so tài, sới vật có còn giữ được sự hấp dẫn đặc biệt đã khiến hàng triệu người theo dõi? Nhưng nếu buông lỏng trong bối cảnh mạng xã hội bùng nổ, liệu có vô tình đẩy những người trong cuộc vào vòng xoáy bình phẩm thiếu kiểm soát? Phải thừa nhận rằng những màn so tài nam - nữ thường tạo ra sức hút đặc biệt cho vật hội làng Khi truyền thống gặp hiện đại Điều đáng chú ý là chính những người trong cuộc lại giữ thái độ rất điềm tĩnh. Anh Thơ chia sẻ cô coi mọi đối thủ như anh em, thắng thua chỉ để vui hội. Hồng Sơn cũng nhìn nhận trận đấu là cơ hội giao lưu, không hề có hiềm khích. Cả hai đều bước lên sới với tinh thần thượng võ, và rời sới trong sự tôn trọng. Ở góc độ xã hội, có thể thấy phần lớn khán giả ủng hộ sự tồn tại của những trận đấu như vậy, coi đó là biểu hiện của sức sống văn hóa. Một bộ phận nhỏ bày tỏ lo ngại về tính nhạy cảm, trong khi nhiều người trung lập cho rằng không nên thổi phồng vấn đề. Rốt cuộc, câu chuyện Anh Thơ - Hồng Sơn phản ánh sự va chạm giữa hai thế giới, truyền thống làng xã và thời đại số. Khi mỗi cú quăng, mỗi pha khóa tay đều có thể trở thành clip triệu view, trách nhiệm không chỉ nằm ở sới vật, mà còn ở cách cộng đồng tiếp nhận và bình luận. Có lẽ, thay vì đặt vấn đề theo hướng loại trừ, điều cần thiết là tìm điểm cân bằng. Đấu vật nam - nữ trong hội làng, nếu được tổ chức an toàn và giữ đúng tinh thần thượng võ, vẫn là một hình thức giao lưu văn hóa giàu bản sắc. Điều cần kiểm soát không phải là những cú quật trên thảm, mà là những lời bình luận lệch chuẩn ngoài không gian mạng. Mời các bạn đón đọc phần tiếp theo về câu chuyện của nữ đô Hòa “Bưởi” sẽ tiếp tục đặt ra câu hỏi: Bình đẳng giới trên sới vật là giá trị thực chất, hay đang dần trở thành chiêu hút đám đông vào sáng 28/2! Arsenal - Chelsea 01.03 Dự đoán tỷ số trận đấu.Cơ hội trúng ngay 500.000 đồng!!! (Tin thể thao, tin đấu vật) Hot-girl Anh Thơ quật ngã “Quỷ lùn” Hồng Sơn tại sới vật thôn Đoài, tạo nên màn so tài kịch tính, rộn ràng giữa mùa hội... Nguồn: [Link nguồn]Nguồn: [Link nguồn]"
3b3af4e3aed1094229e6a71cf5f11550,"“Quỷ lùn” Hồng Sơn bị vợ véo tai, cho ngủ gầm giường vì vật với hotgirl Anh Thơ",2026-02-25T17:05:00+00:00,24h,https://www.24h.com.vn/the-thao/quy-lun-hong-son-bi-vo-veo-tai-cho-ngu-gam-giuong-vi-vat-voi-hotgirl-anh-tho-c101a1740031.html,vi,the-thao,dao hong son|dau vat hong son|hong son|hong son bjj|hong son vo dich|anh tho|dau vat anh tho|the thao,,"Lưu bài viết thành công Bạn có thể xem lại bài viết đã lưu ở trangTin bài đã lưu Video Hồng Sơn bị vợ ""xử đẹp"" khi lên sới vật với Anh Thơ (Nguồn clip: Đào Hồng Sơn) Không chỉ thua trên sới vật, “Quỷ lùn” Đào Hồng Sơn còn bị… “xử đẹp” ngay tại nhà. Sau màn so tài rộn ràng cùng hotgirl làng vật Anh Thơ ở hội vật thôn Đoài (Hoàn Sơn, Tiên Du, Bắc Ninh) dịp mùng 8 Tết 2026, nhà vô địch Jujitsu thế giới khiến dân mạng cười nghiêng ngả khi tiết lộ bị vợ véo tai, cho ngủ gầm giường. Hồng Sơn bị vợ véo tai khi đấu vật với Anh Thơ. Ảnh Đào Hồng Sơn Thua trên thảm, thắng… tiếng cười Giữa không khí tưng bừng mùa lễ hội đầu xuân, sới vật thôn Đoài chiều 24/2 nóng lên bởi màn đối đầu giữa “hotgirl sới vật” Anh Thơ (sinh năm 2002, cao 1m72) và Đào Hồng Sơn, chàng trai Triều Khúc cao chưa đầy 1m5 nhưng nhanh nhẹn, gan lì. Ngay từ đầu, Hồng Sơn chủ động di chuyển thấp, áp sát nhanh để tìm thời cơ móc chân. Có khoảnh khắc anh khiến khán giả ồ lên khi suýt quật được đối thủ. Tuy nhiên, với lợi thế thể hình và cân nặng vượt trội, Anh Thơ chờ đúng thời điểm, xoay hông khóa tay rồi tung cú quăng “4 vó” đẹp mắt, nhấc bổng “Quỷ lùn” khỏi mặt thảm trong tiếng reo hò vang dội. Trận đấu khép lại với chiến thắng cho Anh Thơ. Cả hai bắt tay vui vẻ, đúng tinh thần giao lưu hội làng. Nhiều khán giả nhận xét nữ đô vật năm nay thi đấu chững chạc hơn, ra đòn chắc tay và chọn thời điểm phản công hợp lý. Bị vợ véo tai, cho ngủ gầm giường Nếu trên sới vật, Hồng Sơn đã thua, thì trên mạng xã hội anh lại tiếp tục trở thành tâm điểm bởi màn đối đáp hài hước với bà xã. Sau khi vật xong 1 hiệp với Anh Thơ, Hồng Sơn hóm hỉnh viết rằng mình “vật với nam nhiều rồi, nay đổi kỹ thuật sang vật với Anh Thơ cho mới”. Tuy nhiên, cô vợ xinh đẹp lập tức vào cuộc, véo tai cảnh cáo và nhắn nhủ đầy quyền lực: “Vật tiếp là về ngủ gầm giường!”. Màn tung hứng này nhanh chóng thu hút hàng nghìn bình luận rôm rả. Người trêu: “Đang tìm hiểu đối thủ mà vợ không cho”, người nhắc khéo: “Nhờn vợ dễ xanh cỏ lắm nha em”, hay hài hước hơn: “Thấy gái đẹp là phải úp mặt vào tường!”. Cũng có ý kiến chọc vui về chênh lệch thể hình: “Sơn không đủ cho Thơ xỉa răng”, hay “Cậu em được 1m5 không nhỉ?”. Tuy nhiên, phần lớn đều giữ tinh thần vui vẻ, coi đây là màn giao lưu đầu xuân đậm chất hội làng. Trước những lời trêu chọc, Hồng Sơn vẫn giữ phong độ hài hước, không quên “nịnh vợ” và hẹn ngày tái đấu trong tiếng cười. Arsenal - Chelsea 01.03 Dự đoán tỷ số trận đấu.Cơ hội trúng ngay 500.000 đồng!!! (Tin thể thao, tin đấu vật) Hot-girl Anh Thơ quật ngã “Quỷ lùn” Hồng Sơn tại sới vật thôn Đoài, tạo nên màn so tài kịch tính, rộn ràng giữa mùa hội... Nguồn: [Link nguồn]Nguồn: [Link nguồn]"
f3a9fc43f0e6f7988e7a0a2d67693a05,Video tennis Zverev - Kecmanovic: Điểm nhấn 2 loạt tie-break (Acapulco Open),2026-02-26T03:18:00+00:00,24h,https://www.24h.com.vn/the-thao/video-tennis-zverev-kecmanovic-diem-nhan-2-loat-tie-break-acapulco-open-c101a1740247.html,vi,the-thao,thể thao 24h,,"Lưu bài viết thành công Bạn có thể xem lại bài viết đã lưu ở trangTin bài đã lưu Đã 7 năm kể từ khi Kecmanovic có lần duy nhất đánh bại Zverev và 3 năm từ lần cuối hai tay vợt gặp nhau. Cuộc đụng độ diễn ra ở Mexico diễn ra trong lúc Zverev vừa có quãng nghỉ 3 tuần sau hành trình tại Australian Open, và có vẻ tay vợt người Đức chưa được nhuyễn lắm trong các pha xử lý của mình. Kecmanovic Mặc dù Kecmanovic mắc tận 3 lỗi kép chỉ trong set 1, Zverev đánh hỏng tương đối nhiều dù khả năng dàn xếp tình huống của anh vẫn tốt hơn đối thủ người Serbia. Khác biệt ở set này đến ở các tình huống điểm break, 2 lần Kecmanovic có cơ hội bẻ game anh đều tận dụng được ngay, giúp tay vợt 26 tuổi thắng 6-3 ở set 1. Set 2 diễn ra cân bằng hơn nhưng Kecmanovic vẫn có 2 cơ hội break ở ván 5, may cho Zverev là tay vợt này lại đánh hỏng và set đấu rốt cuộc phải vào tie-break. Khi tỷ số đang là 3-3, Zverev có những pha phản công từ vạch baseline rất hay để ghi 4 điểm liên tiếp và giành chiến thắng 7-3. Set 3 cũng có kịch bản gần như giống hệt set 2 và cũng phải vào loạt tie-break để phân thắng bại. Sau khi hai bên chia nhau 8 điểm đầu, Zverev mắc liên tiếp 3 pha đánh lỗi, trong đó có 2 tình huống anh đánh không qua lưới ở tư thế không thực sự khó, giúp Kecmanovic có được thắng lợi 7-4. Đánh bạiAlexander Zverevsau 2 giờ 37 phút, Kecmanovic sẽ gặp Térence Atmane ở tứ kết. Alexander Zverev 3-6, 7-6 (7-3), 6-7 (4-7) Miomir Kecmanovic 17 Aces 13 2 Lỗi kép 3 71% Tỷ lệ giao bóng 1 66% 79% Giao bóng 1 ăn điểm 81% 54% Giao bóng 2 ăn điểm 63% 1/3 Điểm Break 2/4 43 Điểm Winner 36 34 Lỗi đánh hỏng 27 11/17 Điểm trên lưới 11/14 94 Tổng số điểm 103 Arsenal - Chelsea 01.03 Dự đoán tỷ số trận đấu.Cơ hội trúng ngay 500.000 đồng!!! (Vòng 2 đơn nam Dubai Open) Sau khi phải ngược dòng để thắng trước cùng đối thủ ở đầu tháng này, Medvedev lần này đã không để trận đấu phải kéo dài. Nguồn: [Link nguồn]Nguồn: [Link nguồn]"
9b6d016ef43ef7ecf880eaf96d0eb7a7,"Lão tướng Tiến Minh 1 ngày đấu 2 trận giải quốc tế, gặp hạt giống số 1 kết quả ra sao?",2026-02-25T17:03:00+00:00,24h,https://www.24h.com.vn/the-thao/lao-tuong-tien-minh-1-ngay-dau-2-tran-giai-quoc-te-gap-hat-giong-so-1-ket-qua-ra-sao-c101a1740151.html,vi,the-thao,tien minh cau long|tin tuc cau long|cau long viet nam|tay vot nguyen tien minh|tien minh dau hat giong|cau long quoc te|tien minh so tai hat giong|tien minh thi dau 2 tran 1 ngay|huyen thoai tien minh,,"Lưu bài viết thành công Bạn có thể xem lại bài viết đã lưu ở trangTin bài đã lưu 🎉Thắng thần tốc để vào vòng chính Ở lượt trận quyết định của vòng loại giải Singapore International Challenge 2026 diễn ra trưa ngày 25/2, Nguyễn Tiến Minh (hạng 263 thế giới) đã có chiến thắng chóng vánh trước tài năng 18 tuổi người Úc Kong Teck Joon (hạng 497 thế giới). Tiến Minh tạo nên màn so tài hấp dẫn với hạt giống số 1 của giải Cả 2 set đấu diễn ra theo cùng một kịch bản khi Kong Teck Joon chỉ làm khó được Tiến Minh ở những phút đầu. Bằng kinh nghiệm dày dặn, lão tướng 43 tuổi nhanh chóng bắt bài được lối chơi của đối thủ trẻ để tạo nên thế trận áp đảo, thắng 2 set với cùng tỉ số 21-13 sau 35 phút thi đấu. Kết quả này giúp Tiến Minh ghi tên mình vào vòng chính của giải. ✊So tài hạt giống số 1 người Malaysia Chỉ ít giờ sau chiến thắng trước Kong Teck Joon, Nguyễn Tiến Minh tiếp tục ra sân thi đấu. Lần này, đối thủ của anh là Sholeh Aidil, tay vợt người Malaysia đang xếp hạng 46 thế giới và cũng là hạt giống số 1 của giải. Sức mạnh của Sholeh Aidil đã được chứng minh khi tay vợt này từng thắng áo đảo Nguyễn Hải Đăng (hạng 68 thế giới) bằng tỉ số 21-8 trong 2 set đấu. Bước vào trận đấu, Sholeh Aidil nhập cuộc đầy hưng phấn, xử lý các đường cầu với tốc độ cao để vượt lên, thắng 21-15 trong set đầu. Sang hiệp 2, sau khi bị đối thủ dẫn 2-7, Tiến Minh thi đấu đầy nỗ lực để rút ngắn tỉ số chỉ còn 14-15. Cao trào của trận đấu diễn ra khi Tiến Minh cứu thành công match point để san hòa cách biệt 20-20. Trong thế trận giằng co đầy hấp dẫn, Sholeh Aidil vẫn là người tận dụng tốt hơn để thắng 25-23, qua đó thắng chung cuộc 2-0. Dù dừng bước, việc Tiến Minh gây ra rất nhiều khó khăn cho Sholeh Aidil vẫn xứng đáng nhận nhiều lời khen, nhất là khi lão tướng 43 tuổi đã phải thi đấu liên tục 2 trận trong 1 ngày. ⚡Đức Phát, Hải Đăng mở màn ra sao? Cũng ở ngày thi đấu này, 2 đại diện đơn nam còn lại của Việt Nam cũng ra quân. Lê Đức Phát để thua 15-21 và 17-21 trước Dhruv Negi (Ấn Độ). Trong khi đó, Nguyễn Hải Đăng thắng kịch tính Raghu Mariswamy (Ấn Độ, hạng 184 thế giới) với tỉ số 21-14, 16-21 và 21-12 sau 3 set để giành quyền đi tiếp vào vòng 32. Singapore International Challenge 2026 diễn ra từ 24/2 đến ngày 1/3 có tổng tiền thưởng 30.000USD(khoảng 800 triệu đồng), trong đó nhà vô địch nhận 2400 USD. Đây được xem là giải đấu phù hợp cho các tay vợt muốn tích lũy điểm nhằm cải thiện vị trí trên bảng xếp hạng BWF. (Tin thể thao, tin bi-a) Hoàng “Sao” vô địch Premier League Pool 2026, lập ba cột mốc lịch sử, đưa bi-a Việt Nam và châu Á lên đỉnh cao thế giới. Nguồn: [Link nguồn]Nguồn: [Link nguồn]"
c0a3641bb10eb9b0cfe93d81c77f827a,"Mayweather, Mike Tyson và “Nữ hoàng UFC” tái xuất chấn động võ đài năm 2026",2026-02-25T17:03:00+00:00,24h,https://www.24h.com.vn/the-thao/mayweather-mike-tyson-va-nu-hoang-ufc-tai-xuat-chan-dong-vo-dai-nam-2026-c101a1739779.html,vi,the-thao,tai xuat chan dong|chan dong vo dai|tai xuat dinh cao|tai xuat thuong dai|vo thuat|boxing|the thao,,"Lưu bài viết thành công Bạn có thể xem lại bài viết đã lưu ở trangTin bài đã lưu Năm 2026 đang biến làng võ thuật thế giới thành một sân khấu của ký ức, nơi những huyền thoại tưởng như đã thuộc về quá khứ bất ngờ tái xuất. Từ boxing đến MMA, các siêu sao một thời trở lại để thi đấu, như để chứng minh, trong thời đại streaming và giải trí toàn cầu, giá trị thương hiệu đôi khi còn lớn hơn cả đai vô địch. Tâm điểm của cơn địa chấn ấy là Floyd Mayweather Jr, Mike Tyson, Manny Pacquiao và biểu tượng MMA nữ Ronda Rousey. Huyền thoại cùng tái xuất năm 2026 Mayweather - Tyson: Cuộc va chạm của hai thế hệ Theo các nguồn tin quốc tế, Mayweather (49 tuổi) và Tyson (59 tuổi) đang hoàn tất các điều khoản cho một trận exhibition (giao hữu, biểu diễn) dự kiến diễn ra trong nửa đầu năm 2026. Địa điểm chưa được công bố chính thức, nhưng giới quảng bá xác nhận đây sẽ là sự kiện phát trực tuyến toàn cầu, nhắm tới thị trường Bắc Mỹ, Trung Đông và châu Phi. ""Tay đấm thép"" Tyson đã quay lại tập luyện cường độ cao, cho thấy quyết tâm không đơn thuần là biểu diễn. Trong khi đó, Mayweather xem trận đấu này như bước đệm truyền thông trước khi trở lại thi đấu chuyên nghiệp. ""Tay đấm thép"" Tyson (bên phải), 60 tuổi vẫn quyết thượng đài Mayweather (bên trái, 49 tuổi) Về chuyên môn, đây không còn là câu chuyện đỉnh cao tốc độ và thể lực. Đó là màn đối thoại giữa hai phong cách từng thống trị hai thời kỳ, Tyson với sức mạnh hủy diệt, Mayweather với nghệ thuật phòng ngự hoàn hảo. Nhưng điều thực sự khiến trận đấu hấp dẫn lại nằm ở giá trị thương mại. Chỉ riêng tên tuổi của họ đã đủ bảo chứng hàng triệu lượt xem trả phí. Mayweather - Pacquiao: “Trận thế kỷ” viết lại? Nếu Tyson là khúc dạo đầu, thì màn tái đấu giữa Mayweather và Pacquiao mới là đỉnh cao cảm xúc. 11 năm sau “Fight of the Century” 2015, trận đấu tạo ra hơn 400 triệuUSDdoanh thu và 4,6 triệu lượt mua PPV, kỷ lục lịch sử quyền Anh, hai huyền thoại chuẩn bị gặp lại nhau tại The Sphere ở Las Vegas vào tháng 9/2026. Trận đấu năm 2015 kết thúc bằng chiến thắng tính điểm cho Mayweather. Pacquiao khi đó chịu nhiều tranh cãi vì vấn đề chấn thương vai. Lần tái ngộ này, theo các nguồn tin Mỹ, được tổ chức theo thể thức thi đấu chuyên nghiệp đủ 12 hiệp. Trận tái đấu được chờ đợi dự kiến diễn ra vào tháng 9/2026 Không còn đai vô địch, không còn danh hiệu pound-for-pound bị đe dọa. Nhưng điều họ sở hữu là lịch sử. Và trong ngành công nghiệp giải trí thể thao, lịch sử chính là tài sản sinh lời bền vững nhất. Các chuyên gia tài chính thể thao dự báo doanh thu trận tái đấu có thể tiệm cận hoặc vượt mốc 500 triệu USD nếu mô hình phát sóng trực tuyến toàn cầu và vé hạng sang được triển khai tối ưu. The Sphere, với công nghệ trình chiếu LED nhập vai, hứa hẹn biến trận đấu thành một “siêu sự kiện trải nghiệm”, chứ không đơn thuần là boxing. Ronda Rousey: “Nữ hoàng UFC” trở lại Ở mặt trận MMA, cú sốc không kém đến từ sự tái xuất của Ronda Rousey. Cựu vô địch bantamweight, người từng mở ra kỷ nguyên vàng cho MMA nữ, dự kiến trở lại lồng sắt trong năm 2026. Theo truyền thông Mỹ, Rousey đang đàm phán cho một super-fight với Gina Carano, biểu tượng tiên phong của MMA nữ. Trận đấu nhiều khả năng diễn ra tại Intuit Dome, California, theo thể thức chuyên nghiệp đầy đủ. Rousey (bên trái) và Gina Carano (bên phải) đều có thể coi là hai huyền thoại làng võ Khác với các exhibition boxing, đây được định hướng là trận đấu MMA thực thụ, găng 4oz (113g), 5 hiệp, luật tiêu chuẩn. Nếu thành hiện thực, đây có thể trở thành sự kiện MMA nữ có lượng người xem cao nhất lịch sử. Rousey từng rời UFC sau thất bại liên tiếp và chuyển hướng sang WWE. Sự trở lại lần này không chỉ là câu chuyện thể thao, mà còn là phép thử về sức hút thương hiệu cá nhân sau một thập kỷ. Điểm chung của tất cả những màn tái xuất này là sự kết hợp giữa võ thuật và nền tảng phát trực tuyến toàn cầu. Boxing và MMA đang bước vào kỷ nguyên nơi exhibition, super-fight và yếu tố giải trí được đặt ngang hàng, thậm chí cao hơn yếu tố chuyên môn thuần túy. Và khi ký ức được đóng gói bằng công nghệ sân khấu hiện đại, phát sóng toàn cầu và chiến lược thương mại thông minh, năm 2026 hoàn toàn có thể trở thành năm có tổng doanh thu các trận đấu thể thao cao nhất lịch sử. Arsenal - Chelsea 01.03 Dự đoán tỷ số trận đấu.Cơ hội trúng ngay 500.000 đồng!!! (Tin thể thao, tin võ thuật) Mike Tyson bất ngờ “nổ phát súng” khi tuyên bố sẽ hạ đo ván Floyd Mayweather trong trận đấu biểu diễn dự kiến tháng 3 tại... Nguồn: [Link nguồn]Nguồn: [Link nguồn]"
14c4e94370c3a9314d4fe1866e7fc202,VTV Bình Điền Long An – Supreme Chonburi: Cửa hẹp cho tấm vé châu Á,2026-02-26T01:25:07+00:00,24h,https://www.24h.com.vn/the-thao/vtv-binh-dien-long-an-supreme-chonburi-cua-hep-cho-tam-ve-chau-a-c101a1740231.html,vi,the-thao,VTV Bình Điền Long An,,"Lưu bài viết thành công Bạn có thể xem lại bài viết đã lưu ở trangTin bài đã lưu 17 giờ ngày 26-2 tại Bangkok (Thái Lan), VTV Bình Điền Long An sẽ bước vào trận đấu có ý nghĩa quyết định khi chạm trán đại diện chủ nhà Supreme Chonburi trong khuôn khổ SAVA Club Volleyball Championship. Đây là cuộc cạnh tranh trực tiếp cho tấm vé duy nhất đại diện khu vực Đông Nam Á dự AVC Women's Champions League 2026 – sân chơi danh giá nhất cấp CLB của bóng chuyền nữ châu Á. Trận đấu ""sinh tử"" của VTV Bình Điền Long An và Supreme Chonburi Tính chất ""một mất, một còn"" khiến màn so tài này trở nên đặc biệt căng thẳng. Không có cơ hội sửa sai, không có lượt về. Đội thắng sẽ đại diện khu vực góp mặt ở đấu trường châu lục, trong khi đội còn lại buộc phải dừng bước ngay trước ngưỡng cửa lớn. Chính vì vậy, yếu tố bản lĩnh và khả năng kiểm soát áp lực sẽ đóng vai trò then chốt. VTV Bình Điền Long An bước vào trận đấu trong bối cảnh quỹ thời gian chuẩn bị không nhiều. Do lịch tranh tài được xác nhận khá sát ngày diễn ra trận đấu, đội bóng của HLV Ngọc Hoa phải điều chỉnh kế hoạch tập luyện, rút ngắn kỳ nghỉ Tết để kịp duy trì nhịp độ chuyên môn. Toàn đội hội quân sớm, tập luyện với cường độ cao nhằm hoàn thiện đội hình và các phương án chiến thuật trước khi lên đường sang Thái Lan ngày 24-2. VTV Bình Điền Long An và chuyến làm khách đầu năm đầy thách thức Điểm tích cực là 100% vận động viên đều có mặt đầy đủ, duy trì nền tảng thể lực ổn định sau giai đoạn nghỉ ngắn. Tinh thần tập luyện được đánh giá cao khi các cầu thủ chủ động giữ chế độ sinh hoạt, dinh dưỡng hợp lý trong dịp Tết. Điều đó giúp ban huấn luyện không mất quá nhiều thời gian cho giai đoạn tái thích nghi mà có thể tập trung ngay vào các bài tập chuyên môn. Tuy nhiên, thử thách dành cho đại diện Việt Nam không hề nhỏ. Supreme Chonburi có lợi thế sân nhà, quen thuộc điều kiện thi đấu và nhận được sự cổ vũ của khán giả Bangkok. Trong một trận đấu loại trực tiếp, lợi thế tâm lý từ khán đài có thể tạo ra khác biệt, đặc biệt ở những thời điểm then chốt như cuối set đấu. VTV Bình Điền Long An quyết lách qua khe cửa hẹp tại Bangkok Về chuyên môn, nhiều khả năng trận đấu sẽ được định đoạt bởi khả năng phát bóng gây áp lực và sự ổn định trong khâu bước một. Nếu VTV Bình Điền Long An kiểm soát tốt nhịp độ, hạn chế lỗi cá nhân và duy trì sự gắn kết trong hệ thống phòng ngự – phản công, cơ hội tạo bất ngờ là hoàn toàn khả thi. Ngược lại, chỉ một vài thời điểm chệch choạc cũng có thể khiến cục diện xoay chiều nhanh chóng. Trận đấu tại Bangkok không chỉ là màn tranh vé dự AVC Women's Champions League 2026 mà còn là thước đo bản lĩnh của VTV Bình Điền Long An ở đấu trường khu vực. Trước sức ép lớn, điều đại diện Việt Nam cần nhất là sự tỉnh táo và niềm tin vào sự chuẩn bị của chính mình. Khi tính chất quyết định được đẩy lên cao nhất, đội bóng nào giữ được sự điềm tĩnh, nhịp độ lẫn trái tim nóng sẽ nắm lợi thế trong cuộc đua tranh suất vé duy nhất. (Tin thể thao, tin bóng chuyền) Lý Thị Luyến khiến fan Thái Lan tranh cãi về chiều cao. VTV Bình Điền Long An tiếp tục gặp khó trước thềm đấu CLB Thái... Nguồn: [Link nguồn]Nguồn: [Link nguồn]"
00567769d5526b618f938642135013bb,Giải Vô địch quốc gia Marathon - Báo Tiền Phong 2026 được tính huy chương Đại hội Thể thao toàn quốc,2026-02-26T01:24:11+00:00,24h,https://www.24h.com.vn/the-thao/giai-vo-dich-quoc-gia-marathon-bao-tien-phong-2026-duoc-tinh-huy-chuong-dai-hoi-the-thao-toan-quoc-c101a1740229.html,vi,the-thao,Marathon|Báo Tiền Phong|đại hội thể thao|huy chương|nha trang|quốc gia,,"Lưu bài viết thành công Bạn có thể xem lại bài viết đã lưu ở trangTin bài đã lưu Theo công văn được Cục Thể dục Thể thao Việt Nam ban hành trên cơ sở phê duyệt của lãnh đạo Bộ Văn hóa, Thể thao và Du lịch, Cục Thể dục Thể thao Việt Nam thống nhất giao Báo Tiền Phong phối hợp với tỉnh Khánh Hòa tổ chức giải đấu. Một điểm đáng chú ý trong văn bản là việc đồng ý công nhận thành tích 2 nội dung marathon nam và nữ của mùa giải năm 2026 vào bảng tổng sắp huy chương môn điền kinh tại Đại hội Thể thao toàn quốc lần thứ X diễn ra vào cuối năm. Điều này đồng nghĩa với việc các vận động viên tranh tài cự ly 42,195km tại Nha Trang không chỉ hướng tới danh hiệu Quốc gia mà còn trực tiếp cạnh tranh huy chương Đại hội, sự kiện thể thao lớn nhất cả nước theo chu kỳ 4 năm. Với quyết định này, tên gọi chính thức của sự kiện cũng được điều chỉnh cho phù hợp với tình hình thực tế là ""Giải Vô địch quốc gia Marathon - Báo Tiền Phong lần thứ 67 năm 2026"", dự kiến diễn ra từ ngày 27 đến 29/3/2026 tại thành phố Nha Trang, tỉnh Khánh Hòa. Về kinh phí tổ chức, nguồn lực được bảo đảm từ Báo Tiền Phong và Ủy ban nhân dân tỉnh Khánh Hòa. Cục Thể dục Thể thao Việt Nam đề nghị đơn vị chủ trì phối hợp chặt chẽ với Sở Văn hóa và Thể thao tỉnh Khánh Hòa, Liên đoàn Điền kinh Việt Nam và các đơn vị liên quan để hoàn thiện kế hoạch chi tiết, bảo đảm giải đấu diễn ra an toàn, đúng quy định chuyên môn. Trải qua 67 lần tổ chức kể từ năm 1958, Giải Vô địch quốc gia Marathon do Báo Tiền Phong khởi xướng và duy trì đã trở thành một biểu tượng của điền kinh Việt Nam. Việc đổi tên lần này không làm thay đổi bản chất hay giá trị truyền thống của giải, mà phản ánh sự điều chỉnh phù hợp với định hướng quản lý và hệ thống thi đấu quốc gia trong năm diễn ra Đại hội Thể thao toàn quốc. (Tin thể thao) Hà Thị Hậu đón Tết theo cách đặc biệt, muốn nâng cao thứ hạng của bản thân cũng như chạy trail Việt Nam trên thế giới. Nguồn: [Link nguồn]Nguồn: [Link nguồn]"
4fbddef3f0820967850d2a97d21a334b,Nóng nhất thể thao tối 26/2: Tay vợt Đông Nam Á đáng xem hơn Gauff và Sabalenka,2026-02-25T17:16:00+00:00,24h,https://www.24h.com.vn/the-thao/nong-nhat-the-thao-sang-26-2-pacquiao-de-ra-dieu-khoan-cho-tran-tai-dau-mayweather-c101a1740132.html,vi,the-thao,thể thao 24h,,"Lưu bài viết thành công Bạn có thể xem lại bài viết đã lưu ở trangTin bài đã lưu Tay vợt Đông Nam Á có sức hút lớn hơn Gauff và Sabalenka Trong podcast có tên ""Nothing Major"", Steve Johnson và Sam Querrey đã đưa ra bình luận về sức hút của tay vợt trẻ người Philippines Alexandra Eala. Querrey hỏi: ""Liệu Alexandra Eala có phải tay vợt nữ có sút hút lớn nhất hiện tại không? Cô ấy còn nổi tiếng hơn cả Gauff và Sabalenka chứ"". Johnson đáp lại: ""Đúng vậy, thật điên rồ. Cô ấy đang tạo ra hiệu ứng tương tự như Joao Fonseca đã làm được ở làng quần vợt nam năm ngoái. Giống như mọi sân đấu khác, ở Australia, khán đài chật kín người, rồi ở Dubai cũng vậy. Thật điên rồ, thật phi thường. Lượng khán giả mà cô ấy đang thu hút trên toàn thế giới hiện nay thật không thể tin được. Cả thế giới đều muốn được chứng kiến ​​cô ấy thi đấu. Eala đã từng lên trang bìa tạp chí Vogue, và hiện tại cô ấy cũng đang thi đấu rất tốt. Nếu cô ấy giành được Grand Slam, thì đó sẽ là sự kiện lớn nhất thế giới"". Pacquiao đề ra điều khoản cho trận tái đấu Mayweather Sau khi Manny Pacquiao và Floyd Mayweather đạt được thỏa thuận tái đấu vào tháng 9 tới, truyền thông Mỹ cho biết phía Pacquiao là bên đã đề xuất thể thức và điều khoản trận đấu boxing. Theo đó hai tay đấm sẽ thi đấu ở hạng cân 66kg và thi đấu trong tối thiểu 10 hiệp. Tận đấu sẽ được chiếu trên Netflix và hai tay đấm sẽ thỏa thuận thêm về tỷ lệ ăn chia doanh thu phát sóng, bên cạnh thù lao ""cứng"" 50 triệu USD/người. Mayweather - Pacquiao sẽ ít nhất đút túi 50 triệuUSDthù lao cho trận tái đấu vào tháng 9 Giảitennisở Mexico phải tăng cường cảnh sát Giải WTA 500 tổ chức tại Merida, Mexico đã phải tăng cường lực lượng an ninh để bảo đảm an toàn cho các tay vợt lẫn khán giả tới xem. Mặc dù giải này diễn ra ở miền Đông Mexico và tránh xa khỏi khu vực xảy ra bạo lực những ngày qua giữa quân đội nước này với các băng đảng ma túy, chính quyền bang Yucatan đã tăng cường số lượng cảnh sát phục vụ lên gấp 3 lần với số cảnh sát bổ sung được điều đến cả các khách sạn mà các tay vợt cư trú. Verstappen nhiều khả năng sẽ rời Red Bull Tin tức tại Hà Lan cho hay với việc Max Verstappen đang tính chia tay đường đua F1 trong những năm tới, khả năng rất cao là ngôi sao này sẽ không gia hạn hợp đồng với đội đua Red Bull. Đáng chú ý là trong hợp đồng có điều khoản cho phép Verstappen rời Red Bull trước thời hạn nếu anh về đích từ thứ 3 trở xuống trên BXH chung cuộc của F1 mùa giải 2026, tức trước khi nghỉ đua anh vẫn có thể chuyển sang một đội đua khác. Sếp UFC bác bỏ tin sự kiện Nhà Trắng đổi ngày Chủ tịch UFC Dana White đã lên tiếng sau khi xuất hiện thông tin sự kiện UFC Nhà Trắng sẽ đổi sang ngày 26/6 tới. Dana White tái khẳng định sự kiện sẽ diễn ra trong ngày 14/6 như kế hoạch ban đầu, đó cũng là ngày sinh nhật của Tổng thống Mỹ Donald Trump. (Tin thể thao) Huyền thoại làng quần vợt Adriano Panatta tin rằng Sinner không hề gặp khủng hoảng phong độ giống như nhiều người đang nghĩ. Nguồn: [Link nguồn]Nguồn: [Link nguồn]"
cc320926f5666ae451a43d48d21d8edf,Bảng xếp hạng tennis mới nhất,2026-02-25T20:45:01+00:00,24h,https://www.24h.com.vn/the-thao/bang-xep-hang-tennis-tong-hop-2022-moi-nhat-c101a1335388.html,vi,the-thao,bang xep hang tennis|bang xep hang tennis hom nay|xep hang tennis|tennis|the thao,,"Lưu bài viết thành công Bạn có thể xem lại bài viết đã lưu ở trangTin bài đã lưu Xem Thêm Xem Thêm Xem Thêm Xem Thêm Xem Thêm Xem Thêm Xem Thêm Xem thêm Lịch thi đấu Xem thêm Kết quả thi đấu (Tin thể thao, tin tennis) Giải Cincinnati Open 2025 hứa hẹn hấp dẫn với sự trở lại của Sinner và Alcaraz, trong khi nhánh đấu đưa họ vào lộ trình... Nguồn: [Link nguồn]Nguồn: [Link nguồn]"
e1b8ed74b7bbdbf1449a9c832b22031b,Kết quả thi đấu các giải tennis 2026 mới nhất,2026-02-25T20:45:01+00:00,24h,https://www.24h.com.vn/the-thao/ket-qua-thi-dau-cac-giai-tennis-mua-giai-2022-moi-nhat-c101a1335390.html,vi,the-thao,ket qua thi dau tennis|ket qua tennis|ket qua|tennis|the thao,,"Lưu bài viết thành công Bạn có thể xem lại bài viết đã lưu ở trangTin bài đã lưu Tổng hợp Thứ sáu Thứ bảy Chủ nhật Thứ hai Thứ ba Thứ tư Thứ năm Thứ sáu Thứ bảy Chủ nhật Thứ hai Thứ ba Thứ tư Thứ năm Hôm nay Đang cập nhật Đang cập nhật Đang cập nhật Đang cập nhật Đang cập nhật Đang cập nhật Đang cập nhật Đang cập nhật Đang cập nhật Đang cập nhật Đang cập nhật Đang cập nhật Đang cập nhật Đang cập nhật Đang cập nhật Đang cập nhật Đang cập nhật Đang cập nhật Đang cập nhật Đang cập nhật Đang cập nhật Đang cập nhật Đang cập nhật Đang cập nhật Đang cập nhật Đang cập nhật Đang cập nhật Đang cập nhật Đang cập nhật Đang cập nhật Đang cập nhật Đang cập nhật Đang cập nhật Đang cập nhật Đang cập nhật Đang cập nhật Đang cập nhật Đang cập nhật Đang cập nhật Đang cập nhật Đang cập nhật Đang cập nhật Đang cập nhật Đang cập nhật Đang cập nhật Đang cập nhật Đang cập nhật Đang cập nhật Đang cập nhật Đang cập nhật Đang cập nhật Xem thêm Lịch thi đấu Xem thêm Bảng xếp hạng (Tin thể thao, tin tennis) Djokovic vắng mặt tại Cincinnati Masters, tăng cơ hội cho Sinner và Alcaraz gặp nhau ở chung kết. Nguồn: [Link nguồn]Nguồn: [Link nguồn]"
504f9119debf290758bfb3b9c9e67972,Lịch thi đấu thể thao hôm nay mới nhất: Nóng tennis ATP 500,2026-02-25T20:46:00+00:00,24h,https://www.24h.com.vn/the-thao/lich-thi-dau-the-thao-hom-nay-moi-nhat-c101a908602.html,vi,the-thao,lich thi dau the thao|lich thi dau the thao trong ngay|the thao,,"Lưu bài viết thành công Bạn có thể xem lại bài viết đã lưu ở trangTin bài đã lưu Thời gian Trận đấu Trực tiếp Tennis ATP 500 -Dubai Championships - tứ kết Thứ năm, 26/02/2026 17:00 On Sports 19:00 On Sports 22:00 On Sports 23:30 On Sports Tennis ATP 500 -MexicanOpen- vòng 2 Thứ năm, 26/02/2026 07:00 Alexander Zverev Miomir Kecmanovic On Sports 07:00 Dalibor Svrcina Flavio Cobolli On Sports 07:00 Terence Atmane Rafael Jodar On Sports 08:30 Brandon Nakashima Patrick Kypson On Sports 08:30 Frances Tiafoe Aleksandar Kovacevic On Sports 08:30 Wu Yibing Sho Shimabukuro On Sports 10:00 Mattia Bellucci Alejandro Davidovich Fokina On Sports 10:00 Valentin Vacherot Gael Monfils On Sports Tennis ATP 250 -Chile Open- vòng 2 Thứ năm, 26/02/2026 Thứ sáu, 27/02/2026 Tennis WTA 500 -Merida Open Akron- vòng 2 Thứ năm, 26/02/2026 03:00 Magda Linette Victoria Jimenez Kasintseva 04:30 Emiliana Arango Marie Bouzkova 07:00 Katie Boulter Maria Osorio 08:30 Cristina Bucsa Marina Stakusic Tennis WTA 250 -Austin Open- vòng 2 Thứ năm, 26/02/2026 01:00 Kamilla Rakhimova Oksana Selekhmeteva 01:00 Rebeka Masarova Whitney Osuigwe 02:30 Nikola Bartunkova Taylor Townsend 08:30 Yue Yuan Dalma Galfi Cập nhập mới và nhanh nhất lịch thi đấu các giải tennis trong ngày. Nguồn: [Link nguồn]Nguồn: [Link nguồn]"
a9a692ca96091073532d511f026be93a,Lịch trực tiếp tennis và link trực tiếp hôm nay: Xem ATP 500 kênh nào?,2026-02-25T20:46:00+00:00,24h,https://www.24h.com.vn/the-thao/lich-truc-tiep-tennis-va-link-xem-truc-tiep-hom-nay-moi-nhat-c101a1178572.html,vi,the-thao,lich truc tiep tennis hom nay|lich truc tiep the thao|truc tiep the thao hom nay|the thao|truc tiep|tennis,,"Lưu bài viết thành công Bạn có thể xem lại bài viết đã lưu ở trangTin bài đã lưu Thời gian Trận đấu Trực tiếp Tennis ATP 500 -Dubai Championships - tứ kết Thứ năm, 26/02/2026 17:00 On Sports 19:00 On Sports 22:00 On Sports 23:30 On Sports Tennis ATP 500 -MexicanOpen- vòng 2 Thứ năm, 26/02/2026 07:00 Alexander Zverev Miomir Kecmanovic On Sports 07:00 Dalibor Svrcina Flavio Cobolli On Sports 07:00 Terence Atmane Rafael Jodar On Sports 08:30 Brandon Nakashima Patrick Kypson On Sports 08:30 Frances Tiafoe Aleksandar Kovacevic On Sports 08:30 Wu Yibing Sho Shimabukuro On Sports 10:00 Mattia Bellucci Alejandro Davidovich Fokina On Sports 10:00 Valentin Vacherot Gael Monfils On Sports Tennis ATP 250 -Chile Open- vòng 2 Thứ năm, 26/02/2026 Thứ sáu, 27/02/2026 Tennis WTA 500 -Merida Open Akron- vòng 2 Thứ năm, 26/02/2026 03:00 Magda Linette Victoria Jimenez Kasintseva 04:30 Emiliana Arango Marie Bouzkova 07:00 Katie Boulter Maria Osorio 08:30 Cristina Bucsa Marina Stakusic Tennis WTA 250 -Austin Open- vòng 2 Thứ năm, 26/02/2026 01:00 Kamilla Rakhimova Oksana Selekhmeteva 01:00 Rebeka Masarova Whitney Osuigwe 02:30 Nikola Bartunkova Taylor Townsend 08:30 Yue Yuan Dalma Galfi (Lịch thi đấu thể thao) Cập nhật chi tiết lịch đấu các môn thể thao hấp dẫn trên toàn thế giới. Nguồn: [Link nguồn]Nguồn: [Link nguồn]"
08c9ab5d3a4a715a320ea56350411f60,LỊCH THI ĐẤU LIVESCORE TENNIS HÔM NAY: Hấp dẫn tennis ATP 500,2026-02-25T20:46:00+00:00,24h,https://www.24h.com.vn/the-thao/lich-thi-dau-livescore-tennis-hom-nay-c101a386333.html,vi,the-thao,lich thi dau tennis|lich thi dau quan vot|lich thi dau tenni trong ngay|tennis|ATP|WTA|BXH tennis|video tennis|Grand Slam|quan vot|tay vot|the thao|tin thể thao|bao the thao|the thao 24h|tinthethao|bao,,Lưu bài viết thành công Bạn có thể xem lại bài viết đã lưu ở trangTin bài đã lưu Tổng hợp Thứ sáu Thứ bảy Chủ nhật Thứ hai Thứ ba Thứ tư Thứ năm Hôm nay Thứ bảy Chủ nhật Thứ hai Thứ ba Thứ tư Thứ năm Thứ sáu Đang cập nhật Đang cập nhật Đang cập nhật Đang cập nhật Đang cập nhật Đang cập nhật Đang cập nhật Đang cập nhật Đang cập nhật Đang cập nhật Đang cập nhật Đang cập nhật Đang cập nhật Đang cập nhật Đang cập nhật Đang cập nhật Đang cập nhật Đang cập nhật Đang cập nhật Đang cập nhật Đang cập nhật Đang cập nhật Đang cập nhật Đang cập nhật Đang cập nhật Đang cập nhật Đang cập nhật Đang cập nhật Đang cập nhật Đang cập nhật Đang cập nhật Đang cập nhật Đang cập nhật Đang cập nhật Đang cập nhật Đang cập nhật Đang cập nhật Đang cập nhật Đang cập nhật Đang cập nhật Đang cập nhật Đang cập nhật Đang cập nhật Đang cập nhật Đang cập nhật Đang cập nhật Đang cập nhật Đang cập nhật Đang cập nhật Đang cập nhật Đang cập nhật Đang cập nhật Đang cập nhật Đang cập nhật Đang cập nhật Đang cập nhật Đang cập nhật Đang cập nhật Đang cập nhật Đang cập nhật Đang cập nhật Đang cập nhật Đang cập nhật Đang cập nhật Xem thêm Kết quả thi đấu Xem thêm Bảng xếp hạng (Lịch thi đấu thể thao) Cập nhật chi tiết lịch đấu các môn thể thao hấp dẫn trên toàn thế giới. Nguồn: [Link nguồn]Nguồn: [Link nguồn]
85b879317b0a1c3bbd84228fe2c77519,Video tennis Medvedev - Wawrinka: Màn tái đấu một chiều (Dubai Open),2026-02-25T11:57:00+00:00,24h,https://www.24h.com.vn/the-thao/video-tennis-medvedev-wawrinka-man-tai-dau-mot-chieu-dubai-open-c101a1740134.html,vi,the-thao,thể thao 24h,,"Lưu bài viết thành công Bạn có thể xem lại bài viết đã lưu ở trangTin bài đã lưu Medvedev và Wawrinka gặp lại nhau ở Dubai chỉ chưa đầy 1 tháng sau khi Medvedev thắng ngược trước lão tướng người Thụy Sĩ tại Rotterdam. Tay vợt người Nga đã có khởi đầu rất thuận lợi khi bẻ game thành công ở ván 2, Wawrinka đối mặt 2 điểm break và chỉ cứu điểm đầu tiên sau một cú giao tốt, trước khi mất break vì cú đánh chéo sân ra ngoài. Daniil Medvedev Wawrinka càng đuối hơn và mất break lần nữa ở ván 5. Anh vẫn đòi lại được 1 break sau khi Medvedev mắc lỗi kép và thua trong một pha Wawrinka lên lưới, nhưng Medvedev bẻ thêm 1 break nữa ở ván 7 để giành chiến thắng 6-2 sau set 1. Medvedev đoạt break ngay đầu set 2, nhưng ngay sau đó Wawrinka đòi lại break sau một pha đánh dọc dây ấn tượng. Set đấu này tưởng như sẽ ngang ngửa hơn, nhưng đến ván 7, Wawrinka từ thế dẫn 30-15 đã đánh lỗi 3 lần liên tiếp và mất break. Medvedev thừa thế đoạt thêm một break nữa để giành chiến thắng 6-3. Đánh bại Wawrinka 6-2 6-3 sau 1 giờ 15 phút, chỉ bằng một nửa so với trận đấu tại Rotterdam, Medvedev sẽ vào vòng 3 và đối đầu người thắng của cặp đấu giữa Karen Khachanov và Jensen Brooksby. Daniil Medvedev 6-2, 6-3 Stan Wawrinka 7 Aces 4 6 Lỗi kép 4 65% Tỷ lệ giao bóng 1 52% 74% Giao bóng 1 ăn điểm 71% 48% Giao bóng 2 ăn điểm 33% 6/11 Điểm Break 2/7 107 Tổng số điểm 87 Arsenal - Chelsea 01.03 Dự đoán tỷ số trận đấu.Cơ hội trúng ngay 500.000 đồng!!! (Tin thể thao, tin tennis) Medvedev tái ngộ Wawrinka, Draper chạm trán Rinderknech ở vòng 2 Dubai 2026, bên cạnh đó Zverev chơi trận tiếp theo ở... Nguồn: [Link nguồn]Nguồn: [Link nguồn]"
552f3b6f36e5e3942989b418e4911dd8,Cực sốc: Nam đô vật bay người đạp thẳng vào mặt người phụ nữ xinh đẹp,2026-02-25T09:00:00+00:00,24h,https://www.24h.com.vn/the-thao/cuc-soc-nam-do-vat-bay-nguoi-dap-thang-vao-mat-nguoi-phu-nu-xinh-dep-c101a1740020.html,vi,the-thao,cu soc the thao|cu soc dau vat|dau vat my|my wwe|the thao,,"Lưu bài viết thành công Bạn có thể xem lại bài viết đã lưu ở trangTin bài đã lưu Video toàn bộ diễn biến gây sốc ở đấu vật Mỹ Một khoảnh khắc gây sốc đã làm rúng động làng đấu vật Mỹ khi một nữ khán giả bất ngờ trở thành “nạn nhân” của cú đá kinh hoàng ngay bên sàn đài. Sự việc vừa diễn ra tại sự kiện của House of Glory (HOG) ở New York, khiến khán giả tại chỗ lẫn cộng đồng mạng bàng hoàng. Nữ khán giả xinh đẹp bất ngờ phải nhận cú đạp cực mạnh từ nam đô vật Cú đạp gây sốc giữa màn selfie lãng mạn Trận đấu tâm điểm của đêm diễn là màn so tài giữa Charles Mason và Andrade, ngôi sao từng thi đấu tại WWE và hiện là gương mặt nổi bật của All Elite Wrestling (AEW). Giữa trận, Andrade tiếp tục xây dựng hình tượng hào hoa khi tiến xuống khu vực khán đài, cầm điện thoại của một nữ khán giả xinh đẹp để quay video selfie (tự chụp bản thân). Cô gái tỏ ra vô cùng thích thú khi được thần tượng trực tiếp tương tác. Nhưng chỉ một tích tắc sau khi trả lại điện thoại, Charles Mason bất ngờ lao đến từ ngoài khung hình và tung cú đá cực mạnh trúng thẳng vào mặt cô gái. Một bình luận viên hét lên: “Oh my God!”, còn khán giả xung quanh chết lặng trước pha tấn công táo bạo và đầy tranh cãi. Phản ứng phẫn nộ và cái kết bất ngờ Chứng kiến hành động quá khích của đối thủ, Andrade lập tức nổi giận, đáp trả bằng một cú “Yakuza kick” (cú đá thẳng cực mạnh bằng bàn chân vào mặt hoặc ngực đối thủ) rồi dồn ép Mason trên sàn đấu. Không dừng lại ở đó, anh còn bước qua rào chắn để trấn an nữ khán giả đang bật khóc vì hoảng loạn. Hình ảnh cô gái ôm mặt giữa vòng vây đám đông nhanh chóng lan truyền trên mạng xã hội. Người hâm mộ chia rẽ quan điểm, có người lo lắng cho sự an toàn của cô, số khác lại nghi ngờ đây là tình huống được dàn dựng theo kịch bản. Theo các báo cáo tại chỗ, cô gái không gặp chấn thương nghiêm trọng và thậm chí còn mỉm cười khi được Andrade ôm an ủi. Trận đấu sau đó tiếp tục và Andrade giành chiến thắng bằng đòn pinfall (đè ngửa đối thủ xuống sàn). Dù đấu vật chuyên nghiệp vốn nổi tiếng với những màn va chạm kịch tính, sự cố lần này vẫn làm dấy lên tranh luận về mức độ an toàn ở khu vực khán đài, nơi ranh giới giữa biểu diễn và thực tế đôi khi trở nên mong manh hơn bao giờ hết. Arsenal - Chelsea 01.03 Dự đoán tỷ số trận đấu.Cơ hội trúng ngay 500.000 đồng!!! (Tin thể thao, tin đấu vật) Hot-girl Anh Thơ quật ngã “Quỷ lùn” Hồng Sơn tại sới vật thôn Đoài, tạo nên màn so tài kịch tính, rộn ràng giữa mùa hội... Nguồn: [Link nguồn]Nguồn: [Link nguồn]"
915d7f5ffb33610f8972caa408bec474,"Hoàng Sao vô địch giải thế giới, làm 3 điều chưa từng có cho bi-a châu Á",2026-02-25T06:00:00+00:00,24h,https://www.24h.com.vn/the-thao/hoang-sao-vo-dich-giai-the-gioi-lam-3-dieu-chua-tung-co-cho-bi-a-chau-a-c101a1739833.html,vi,the-thao,hoang sao bi-a|bi-a hoang|duong quoc hoang|quoc hoang|bi-a|billiards|the thao,,"Lưu bài viết thành công Bạn có thể xem lại bài viết đã lưu ở trangTin bài đã lưu Video ván quyết định, giúp Hoàng ""Sao"" vô địch: Bi-a đỉnh cao thế giới vừa chứng kiến một cột mốc lịch sử. Dương Quốc Hoàng, thường được gọi Hoàng “Sao” đăng quang tại Premier League Pool 2026, giải đấu được ví như “Ngoại hạng Anh” của làng pool. Ngoài chiếc cúp, tay cơ Quảng Ninh còn chạm tới 3 điều chưa từng có cho bi-a châu Á. Á quân Ruiz (bên trái) và cái bắt tay thừa nhận tài năng của nhà vô địch Hoàng ""Sao"" Hai cột mốc lịch sử cho châu Á Premier League Pool thuộc hệ thống Matchroom World Nineball Tour, nơi quy tụ những tay cơ hàng đầu thế giới, thi đấu theo thể thức vòng tròn tính điểm khắc nghiệt, đòi hỏi sự ổn định gần như tuyệt đối. Tại Premier League Pool 2026, Hoàng “Sao” đã tạo nên 2 kỳ tích khi trở thành cơ thủ châu Á đầu tiên vô địch Premier League Pool, và là tay cơ đầu tiên của khu vực giữ ngôi đầu bảng từ Stage 2 đến hết giải và bước lên bục đăng quang. Ở trận chung kết, anh đánh bại nhà vô địch thế giới người Tây Ban Nha Francisco Sanchez Ruiz với tỷ số 7-3. Đó không phải chiến thắng sít sao dựa vào khoảnh khắc, mà là màn trình diễn kiểm soát thế trận, bản lĩnh và chuẩn xác. Tên anh giờ đây đứng chung bảng vàng với những nhà vô địch như Shane Van Boening hay Moritz Neuhausen, nhưng mang ý nghĩa đặc biệt hơn: lần đầu tiên lá cờ Việt Nam và châu Á được khắc lên chiếc cúp danh giá này. Trước Premier League Pool 2026, Hoàng “Sao” từng vô địch Scottish Open 2024. Nếu danh hiệu tại Scotland là bước ngoặt khẳng định tài năng, thì chức vô địch Premier League Pool là lời khẳng định tài năng thực sự. Giải đấu này không cho phép một tay cơ chỉ “nóng tay” trong một buổi tối. Họ phải duy trì phong độ qua nhiều ngày, đối đầu liên tục các đối thủ hàng đầu thế giới. Việc Hoàng giữ ngôi đầu bảng từ Stage 2 cho đến chung kết cho thấy anh đã vượt qua ngưỡng “hiện tượng” để bước vào hàng ngũ tinh hoa thực thụ của tour. Lên ảnh bìa Matchroom, cột mốc thứ ba lẫy lừng châu Á Ngoài hai kỷ lục kể trên, Hoàng “Sao” còn tạo nên một dấu ấn truyền thông, được cập nhật làm ảnh bìa trang chủ Matchroom Pool. Hình ảnh Hoàng ""Sao"" xuất hiện trên trang bìa Matchroom Pool Đây là điều đặc biệt nếu nhìn lại lịch sử trang Facebook chính thức của Matchroom Pool (khoảng 150.000 người theo dõi). Trong nhiều năm qua, ảnh bìa của họ gần như chỉ dành cho các ngôi sao phương Tây như Joshua Filler, Fedor Gorst, Shane Van Boening hay nhà vô địch thế giới Francisco Sánchez Ruiz, hoặc những sự kiện lớn như World Pool Masters, Derby City Classic. Các cơ thủ châu Á, kể cả những tên tuổi như Ko Pin Yi hay các đại diện Philippines và Việt Nam, thường chỉ xuất hiện ở bài đăng thông thường, hiếm khi được đặt ở vị trí hình ảnh trang trọng nhất của trang. Vì vậy, việc Hoàng “Sao” xuất hiện ở ảnh bìa không đơn thuần là thay đổi giao diện. Đó là sự công nhận về tầm ảnh hưởng, sức hút và giá trị thương hiệu mà anh mang lại cho hệ thống. Cộng đồng mạng Việt Nam lập tức bùng nổ với những bình luận đầy tự hào như: - “Lên ảnh bìa luôn, quá xứng đáng!” - “Tự hào Việt Nam, Hoàng ""Sao"" quá đỉnh”. - “Đẳng cấp và bản lĩnh, xứng đáng là lá cờ đầu bi-a Việt”. - “Lần đầu tiên thấy cơ thủ Việt đứng ở vị trí này trên Matchroom”. Nhiều người gọi vui anh là “Thái tử Matchroom”. Arsenal - Chelsea 01.03 Dự đoán tỷ số trận đấu.Cơ hội trúng ngay 500.000 đồng!!! (Tin thể thao, tin bi-a) Dương Quốc Hoàng vô địch Premier League Pool 2026 tại Mỹ, ghi dấu ấn bằng màn nhảy bi, gót má đỉnh cao khiến thế giới thán... Nguồn: [Link nguồn]Nguồn: [Link nguồn]"
8b5d03ce27e52f00e9c538f4687014fd,"Tennis đỉnh cao thế giới: Medvedev chạm trán Wawrinka, Zverev phô diễn sức mạnh",2026-02-25T04:08:00+00:00,24h,https://www.24h.com.vn/the-thao/tennis-dinh-cao-the-gioi-medvedev-cham-tran-wawrinka-draper-tim-lai-dinh-cao-c101a1739990.html,vi,the-thao,tennis dinh cao|dinh cao quan vot|quan vot hom nay|nhan dinh tennis|nhan dinh the thao|the thao,,"Lưu bài viết thành công Bạn có thể xem lại bài viết đã lưu ở trangTin bài đã lưu Daniil Medvedev - Stan Wawrinka: Khoảng 17h, 25/2 (vòng 2 đơn nam Dubai Championships 2026) Cuộc đối đầu giữa Daniil Medvedev và Stan Wawrinka tại vòng 2 Dubai 2026 là màn tái ngộ của hai nhà vô địch Grand Slam thuộc hai thế hệ khác nhau. Một bên là tay vợt Nga đang duy trì vị thế trong nhóm hạt giống hàng đầu, một bên là lão tướng Thụy Sĩ vẫn bền bỉ tìm kiếm thêm những khoảnh khắc huy hoàng ở tuổi 40. Medvedev (bên trái) so tài với Wawrinka (bên phải) lần thứ 6 Medvedev vào vòng này sau chiến thắng gọn gàng 6-1, 6-3 trước Shang Juncheng. Tay vợt người Nga cho thấy khả năng điều tiết nhịp độ và phòng ngự phản công đặc trưng trên mặt sân cứng, thứ vũ khí từng giúp anh lên ngôi Grand Slam và nhiều danh hiệu Masters. Ở chiều ngược lại, Wawrinka vượt qua Benjamin Hassan 7-5, 6-3 bằng kinh nghiệm và những cú trái một tay đầy uy lực. Dù tốc độ không còn như đỉnh cao, “Stanimal” vẫn cực kỳ nguy hiểm nếu có nhịp đánh ổn định từ cuối sân. Thành tích đối đầu đang nghiêng nhẹ về Medvedev với tỷ số 3-2. Lần chạm trán gần nhất tại Rotterdam năm ngoái, tay vợt Nga lội ngược dòng thắng 6-7, 6-4, 6-1. Kịch bản đó phản ánh rõ tương quan hiện tại, Wawrinka đủ khả năng gây khó khăn trong một set, nhưng Medvedev thường chiếm ưu thế về thể lực và độ bền trong các loạt bóng dài. Dự đoán kết quả: Daniil Medvedev thắng sau 3 set. Arthur Rinderknech - Jack Draper: Khoảng 23h30, 25/2 (vòng 2 đơn nam Dubai Championships 2026) Jack Draper tiếp tục hành trình tái xuất sau chấn thương bằng cuộc chạm trán Arthur Rinderknech, tay vợt Pháp giàu thể lực và không ngại va chạm trên mặt sân cứng. Draper vừa có trận thắng đầu tiên ở ATP Tour kể từ US Open năm ngoái khi vượt qua đồng hương Quentin Halys 7-6, 6-3. Tay vợt số một Vương quốc Anh cho thấy bản lĩnh ở loạt tie-break set đầu trước khi tăng tốc ở set hai. Trước đó, anh cũng có màn trình diễn tích cực tại Davis Cup, cho thấy thể trạng đang dần ổn định. Draper đang tìm lại phong độ sau chấn thương Ở phía bên kia, Rinderknech (hạng 31 thế giới) phải lội ngược dòng trước Fabian Marozsan với tỷ số 3-6, 6-3, 6-4. Sở hữu cú giao bóng nặng và khả năng đánh thuận tay uy lực, tay vợt người Pháp luôn nguy hiểm nếu duy trì được tỷ lệ giao bóng một cao. Hai tay vợt từng gặp nhau một lần vào năm 2022 và Draper thắng 6-3, 6-4. Kịch bản đó có thể lặp lại nếu tay vợt Anh kiểm soát tốt những game giao bóng và không bị kéo vào các loạt bóng dài, nơi Rinderknech thường tận dụng sức mạnh thể chất. Yếu tố then chốt nằm ở thể lực của Draper. Đây mới là giải đấu đầu tiên của anh sau thời gian dài vắng mặt, và khả năng duy trì cường độ ở các trận liên tiếp sẽ bị thử thách. Nếu sung sức, Draper có đủ hỏa lực từ cuối sân lẫn khả năng trả giao bóng để tạo khác biệt. Dự đoán kết quả: Jack Draper thắng 2-0. Alexander Zverev - Miomir Kecmanovic: Khoảng 7h, 26/2 (vòng 2 đơn nam Mexican Open) Tâm điểm vòng 2 tại ATP 500 Mexican Open sẽ là cuộc chạm trán giữa hạt giống hàng đầuAlexander Zverev(hạng 4 ATP) và tay vợt Serbia Miomir Kecmanovic (hạng 84 thế giới). Trên mặt sân cứng ngoài trời đặc trưng của Acapulco, nơi bóng đi nhanh, nảy thấp và rất ưu ái những tay vợt giao bóng uy lực, Zverev rõ ràng đang nắm lợi thế lớn cả về đẳng cấp lẫn phong độ. Zverev đang chơi tốt trên mặt sân cứng Zverev bước vào giải với vị thế ứng viên vô địch. Lối chơi của tay vợt người Đức dựa trên nền tảng giao bóng cực mạnh (thường xuyên đạt vận tốc trên 210 km/h), khả năng kiểm soát bóng từ cuối sân bằng những cú trái hai tay uy lực và đặc biệt là sự cải thiện đáng kể ở khâu giao bóng hai, điểm yếu từng khiến anh trả giá trong quá khứ. Trên mặt sân cứng, Zverev luôn duy trì tỷ lệ giữ game cao nhờ khả năng cứu break-point tốt và thi đấu bền bỉ trong các loạt bóng bền. Ở chiều ngược lại, Kecmanovic là mẫu tay vợt có nền tảng kỹ thuật ổn định, di chuyển linh hoạt và phản công khá tốt từ baseline (vạch cuối sân). Tuy nhiên, vấn đề của tay vợt Serbia nằm ở khả năng tạo đột biến trước các đối thủ có hỏa lực mạnh. Khi đối đầu những tay vợt top đầu sở hữu giao bóng vượt trội, Kecmanovic thường gặp khó trong việc giành break, đồng thời chịu áp lực lớn ở các game cầm giao bóng của mình. Với thứ hạng hiện tại và phong độ thiếu ổn định ở các giải ATP gần đây, anh bị đánh giá thấp hơn rõ rệt. Nếu Zverev duy trì tỷ lệ giao bóng một trên 65% và hạn chế lỗi kép, anh nhiều khả năng sẽ kiểm soát hoàn toàn thế trận bằng những pha điều bóng nặng về hai góc sân, buộc Kecmanovic phải phòng ngự liên tục. Cơ hội để tay vợt Serbia tạo bất ngờ chỉ đến nếu anh trả giao bóng tốt và kéo Zverev vào các loạt bóng bền, khai thác những thời điểm đối thủ mất tập trung. Dự đoán kết quả: Zverev thắng 2-0. Lịch thi đấutennisngày 25, và sáng 26/2 Thời gian Trận đấu Trực tiếp Tennis ATP 500 -Dubai Championships - vòng 2 Thứ tư, 25/02/2026 17:00 Daniil Medvedev Stan Wawrinka On Sports 17:00 Jenson Brooksby Karen Khachanov On Sports 18:30 Pablo Carreno Busta Jiri Lehecka On Sports 19:00 Felix Auger-Aliassime Giovanni Mpetshi Perricard On Sports 20:00 Tallon Griekspoor Alexander Bublik On Sports 22:00 Andrey Rublev Ugo Humbert On Sports 22:00 Jakub Mensik Alexei Popyrin On Sports 23:30 Arthur Rinderknech Jack Draper On Sports Tennis ATP 500 -MexicanOpen- vòng 2 Thứ năm, 26/02/2026 07:00 Alexander Zverev Miomir Kecmanovic On Sports 07:00 Dalibor Svrcina Flavio Cobolli On Sports 07:00 Terence Atmane Rafael Jodar On Sports 08:30 Brandon Nakashima Patrick Kypson On Sports 08:30 Frances Tiafoe Aleksandar Kovacevic On Sports 08:30 Wu Yibing Sho Shimabukuro On Sports 10:00 Mattia Bellucci Alejandro Davidovich Fokina On Sports 10:00 Valentin Vacherot Gael Monfils On Sports Tennis ATP 250 -Chile Open- vòng 2 Thứ tư, 25/02/2026 23:00 Camilo Ugo Carabelli Yannick Hanfmann Thứ năm, 26/02/2026 01:00 Francisco Comesana Andrea Pellegrino 02:30 Dino Prizmic Vilius Gaubas 06:00 Mariano Navone Luciano Darderi Tennis WTA 500 -Merida Open Akron- vòng 2 Thứ năm, 26/02/2026 03:00 Magda Linette Victoria Jimenez Kasintseva 04:30 Emiliana Arango Marie Bouzkova 07:00 Katie Boulter Maria Osorio 08:30 Cristina Bucsa Marina Stakusic Tennis WTA 250 -Austin Open- vòng 2 Thứ năm, 26/02/2026 01:00 Kamilla Rakhimova Oksana Selekhmeteva 01:00 Rebeka Masarova Whitney Osuigwe 02:30 Nikola Bartunkova Taylor Townsend 08:30 Yue Yuan Dalma Galfi Arsenal - Chelsea 01.03 Dự đoán tỷ số trận đấu.Cơ hội trúng ngay 500.000 đồng!!! (Tin thể thao, nhận định tennis) Medvedev tái ngộ tay vợt Trung Quốc tại Dubai, Zverev trở lại ở Acapulco sau cú sốc Melbourne. Loạt trận ATP 500 ngày... Nguồn: [Link nguồn]Nguồn: [Link nguồn]"
a60ed0a51925b83b776efcd6358704e6,"Hot girl Anh Thơ hất tung 4 vó hạ Quỷ lùn Hồng Sơn, fan xôn xao về đô vật gợi cảm",2026-02-25T03:00:00+00:00,24h,https://www.24h.com.vn/the-thao/hot-girl-anh-tho-hat-tung-4-vo-ha-quy-lun-hong-son-fan-xon-xao-ve-do-vat-goi-cam-c101a1739865.html,vi,the-thao,hotgirl vat anh tho|anh tho vat|anh tho vat hoi lang|vat hoi lang|the thao,,"Lưu bài viết thành công Bạn có thể xem lại bài viết đã lưu ở trangTin bài đã lưu Video màn so tài giữa Hồng Sơn - Anh Thơ (Nguồn clip: Đào Hồng Sơn) Giữa không khí tưng bừng của mùa lễ hội đầu xuân 2026, khi các sới vật làng quê miền Bắc rộn rã tiếng trống hội, một trận đấu đặc biệt tại thôn Đoài (Hoàn Sơn, Tiên Du, Bắc Ninh) đã khiến người xem vừa hồi hộp, vừa thích thú. “Hot-girl sới vật” Anh Thơ đối đầu “Quỷ lùn” Đào Hồng Sơn, màn so tài không chỉ là câu chuyện thắng thua, mà còn phản chiếu nét đẹp văn hóa và tinh thần thượng võ của hội làng Việt. Trận đấu căng thẳng giữa Hồng Sơn và Anh Thơ tại Bắc Ninh, chiều 24/2 Sới vật vào hội và màn tái xuất được chờ đợi Năm mới 2026 đã sang, khắp các làng quê từ Bắc Ninh, Hà Nội đến các tỉnh đồng bằng Bắc Bộ lại rực rỡ cờ hoa. Sới vật, linh hồn của nhiều lễ hội truyền thống thu hút đông đảo đô vật phong trào lẫn chuyên nghiệp về tranh tài, giao lưu. Những ngày qua, khán giả liên tục bắt gặp các gương mặt quen thuộc như Hà Văn Hiếu, Zakhar và đặc biệt là Đào Hồng Sơn, nhà vô địch Jujitsu thế giới với biệt danh “Quỷ lùn”. Tuy nhiên, phải đến chiều 24/2, khi Anh Thơ xuất hiện, bầu không khí tại sới vật thôn Đoài, Bắc Ninh chiều 24/2 thật sự bùng nổ. Sinh năm 2002, cao 1m72, Anh Thơ từ lâu đã trở thành cái tên “gây sốt” mỗi mùa hội. Không chỉ sở hữu ngoại hình nổi bật, cô còn khiến người xem nể phục khi sẵn sàng so tài với cả đối thủ nam. Mỗi bước chân của cô lên thảm đấu luôn kéo theo ánh nhìn chờ đợi, hôm nay cô sẽ gặp ai, và liệu có thêm một “cú sốc” nào xảy ra? Câu trả lời đến nhanh hơn mong đợi, khi đối thủ bên kia chiến tuyến là Đào Hồng Sơn, chàng trai Triều Khúc cao chưa đầy 1m5 nhưng nổi tiếng với kỹ thuật lắt léo và tinh thần gan lì. Đô vật Hồng Sơn chia sẻ về trận đấu Cú quăng “4 vó” và tiếng cười rộn rã Trận đấu mở màn bằng những pha thăm dò đầy toan tính. Hồng Sơn di chuyển thấp, áp sát nhanh, tìm cách đánh vào trọng tâm đối thủ. Anh Thơ giữ khoảng cách, tận dụng lợi thế sải tay và cân nặng. Có lúc, “Quỷ lùn” khiến cả sới vật ồ lên khi suýt quật ngã đối phương bằng một pha móc chân bất ngờ. Nhưng kinh nghiệm và sự mềm mại giúp Anh Thơ đứng vững. Cô chờ đúng khoảnh khắc Hồng Sơn lao vào, xoay hông, khóa tay và tung cú quăng “4 vó” ngược ra sau đầy uy lực. Khoảnh khắc ấy, thân hình nhỏ bé của nhà vô địch thế giới bị nhấc bổng khỏi mặt thảm trong tiếng reo hò vang dội. Một pha xử lý vừa đẹp mắt, vừa đậm chất hội làng. Sau trận, cả hai đều mệt nhoài. Anh Thơ chủ động đỡ đối thủ dậy, còn Hồng Sơn nở nụ cười sảng khoái. Khán giả không chỉ được chứng kiến một pha vật mãn nhãn, mà còn nhận về tràng cười giòn tan. Tối cùng ngày, “Quỷ lùn” hài hước chia sẻ trên mạng xã hội về thất bại này và hẹn ngày tái đấu. Bởi lễ hội còn dài, sới vật còn đông, và duyên nợ giữa họ có thể chưa dừng lại. Về phía khán giả, những tràng pháo tay và tiếng bàn tán râm ran sau trận đấu gần như đều nghiêng về Anh Thơ. Nhiều người nhận xét cô thi đấu chững chạc hơn hẳn so với các mùa hội trước, ra đòn chắc tay và biết chọn thời điểm phản công. Có ý kiến cho rằng năm nay Anh Thơ tăng thêm thể lực lẫn cân nặng, nền tảng vững vàng hơn nên Hồng Sơn khó lòng xoay chuyển thế trận như thường thấy. Tuy vậy, cũng không ít khán giả cho rằng “Quỷ lùn” dường như chưa bung hết sở trường kỹ thuật, phần vì tính chất giao lưu của hội làng, phần vì muốn giữ sức cho những sới đấu tiếp theo. Những luồng ý kiến trái chiều ấy càng khiến câu chuyện về trận đấu thêm sôi nổi, và vô hình trung làm màn so tài giữa Anh Thơ và Hồng Sơn trở thành đề tài được nhắc tới nhiều nhất trong những ngày hội xuân. Arsenal - Chelsea 01.03 Dự đoán tỷ số trận đấu.Cơ hội trúng ngay 500.000 đồng!!! (Tin thể thao, tin đấu vật) Thu An tái xuất Cổ Loa 2026, thắng liền ba trận hạng 50kg, vừa xinh đẹp như “thần tiên tỷ tỷ” vừa thi đấu đầy bản lĩnh. Nguồn: [Link nguồn]Nguồn: [Link nguồn]"
352203136d72c0c27519366816c87250,Vua phá lưới V-League 2025/26: Các chân sút nội “lép vế”,2026-02-26T17:20:17+00:00,24h,https://www.24h.com.vn/bong-da/vua-pha-luoi-v-league-2025-26-cac-chan-sut-noi-lep-ve-c48a1740404.html,vi,trang-chu,vua phá lưới V League|danh sách vua phá lưới V League|vua phá lưới V League mới nhất|hoàng đức|alan|hoàng đức vua phá lưới|cầu thủ alan,,"Lưu bài viết thành công Bạn có thể xem lại bài viết đã lưu ở trangTin bài đã lưu Danh sách vua phá lướiV League2025/26 nhận được nhiều sự chú ý của người hâm mộ khi các chân sút nội đang cho thấy sự thiếu hiệu quả. Hoàng Đức là cầu thủ nội duy nhất lọt vào nhóm 9 cầu thủ ghi bàn nhiều nhấtV-Leaguetính đến thời điểm hiện tại. Alan (trái) ghi 5 bàn chỉ trong hai trận gần nhất tại V-League (Ảnh: Đức Minh) Cầu thủ đang dẫn đầu danh sách vua phá lưới V-League sau giai đoạn lượt đi là Alan (CAHN) với 13 bàn. Alan đang có phong độ rất cao thời gian gần đây khi ghi 5 bàn trong hai trận gần nhất với cú hattrick vào lưới Ninh Bình, gần nhất là cú đúp vào lưới Thanh Hoá. Hai cầu thủ đứng sau đều bị bỏ khá xa là Friday (Ninh Bình FC) và Lucao (Thể Công Viettel) khi đã ghi được 7 bàn. Đứng sau nhóm dẫn đầu vẫn là hai ngoại binh gồm Joel Tagueu (Hải Phòng) và Leo Artur (CAHN) với 6 pha lập công. Hoàng Đức (Ninh Bình FC) là cầu thủ nội duy nhất lọt vào nhóm những cầu thủ ghi nhiều bàn nhất V-League với 5 pha lập công. Các cầu thủ còn lại cũng có 5 bàn tại V-League mùa này là Daniel Floro (Hà Nội FC), Gustavo Henrique (Ninh Bình FC) và Olaha (SLNA). Hai tiền đạo nội được kỳ vọng khá nhiều là Tuấn Hải (Hà Nội FC) và Tiến Linh (CA TP.HCM) đều chưa có được phong độ cao. Cả hai mới ghi được 3 bàn thắng tại V-League mùa này. Xem LPBank V.League 1-2025/26 trực tiếp và trọn vẹn trên FPT Play, tại https://fptplay.vn CLB Nam Định đang trải qua giai đoạn sa sút nghiêm trọng tại V-League 2025/2026 khi đã 7 tháng liền không biết đến chiến thắng. Nhà đương kim vô địch... Nguồn: [Link nguồn]Nguồn: [Link nguồn]"
354cda24a7d8eabe4f5c3c6038192c2e,Tuyển Futsal nữ Việt Nam vào bán kết giải Đông Nam Á,2026-02-26T17:19:26+00:00,24h,https://www.24h.com.vn/bong-da/tuyen-futsal-nu-viet-nam-vao-ban-ket-giai-dong-nam-a-c48a1740394.html,vi,trang-chu,ĐT futsal Việt Nam|bán kết,,"Lưu bài viết thành công Bạn có thể xem lại bài viết đã lưu ở trangTin bài đã lưu Chiều 26/2, đội tuyển futsal nữ Australia và Philippines kết thúc trận đấu với tỷ số hoà 1-1. Kết quả này giúp futsal nữ Việt Nam giành quyền vào bán kết giải Đông Nam Á. Trước đó, thầy trò huấn luyện viên Nguyễn Đình Hoàng đánh bại Myanmar với tỷ số 5-2, trong khi Philippines không thể tạo ra bất ngờ trước Australia. Độituyển Việt Namxếp thứ hai tại bảng B và sẽ gặp đội đầu bảng A ở bán kết. Ở lượt trận cuối vòng bảng diễn ra chiều 26/2 tại Nakhon Ratchasima (Thái Lan), thầy trò HLV Nguyễn Đình Hoàng bước vào trận đấu với Myanmar trong tình thế buộc phải giành chiến thắng để nuôi hy vọng đi tiếp. Dù kiểm soát thế trận ngay từ đầu, đội tuyển futsal nữ Việt Nam lại bất ngờ nhận bàn thua ở phút 8. Không nao núng, họ liên tục tấn công. Nguyệt Vi và Biện Thị Hằng thay nhau dứt điểm nhưng thiếu một chút may mắn khi bóng hoặc bị thủ môn Sandar Soe hóa giải, hoặc tìm đến khung gỗ. Nỗ lực của tuyển Việt Nam cuối cùng được đền đáp ở phút 17 khi Nguyệt Vi thoát xuống nhanh từ tình huống đá biên và dứt điểm cận thành, quân bình tỷ số 1-1. Tuy nhiên, chỉ ít phút sau, Myanmar lại vươn lên dẫn 2-1 sau pha dứt điểm cận thành của Lwin Lwin Thet, khép lại hiệp đấu đầu tiên với lợi thế cho đối thủ. Đội tuyển futsal nữ Việt Nam giành chiến thắng then chốt ở lượt trận cuối bảng B Giải futsal nữ Đông Nam Á 2026. (Nguồn: Changseuk) Bước sang hiệp 2, đội tuyển futsal nữ Việt Nam chơi bùng nổ. Phút 21, Nguyệt Vi cướp bóng rồi tự mình đá bồi thành công, san bằng tỷ số 2-2. Chỉ một phút sau, Thùy Trang căng ngang thuận lợi để Biện Thị Hằng dứt điểm chính xác, giúp Việt Nam lần đầu vượt lên dẫn trước. Có được lợi thế, các học trò của HLV Nguyễn Đình Hoàng kiểm soát hoàn toàn thế trận. Phút 27, Biện Thị Hằng tiếp tục ghi bàn thắng nâng tỷ số lên 4-2 sau pha phối hợp ăn ý cùng Thùy Trang. Ở những phút cuối, Myanmar buộc phải chơi power-play nhằm tìm bàn gỡ. Dù tạo ra một số tình huống nguy hiểm, trong đó có cú sút dội xà ngang ở phút 32, họ vẫn không thể xuyên thủng hàng phòng ngự Việt Nam. Thủ môn Thùy Linh cũng có pha cứu thua quan trọng ở phút 38 để bảo toàn cách biệt. Chiến thắng 5-2 trước Myanmar giúp đội tuyển futsal nữ Việt Nam kết thúc vòng bảng với 6 điểm sau 3 trận. Kết quả trận đấu còn lại của bảng B đã đưa thầy trò HLV Nguyễn Đình Hoàng vào bán kết với vị trí nhì bảng. Giải vô địch futsal nữ Đông Nam Á 2026 quy tụ 7 đội tuyển gồm Thái Lan, Việt Nam, Indonesia, Malaysia, Myanmar, Australia và Philippines, diễn ra từ ngày 24/2 đến 2/3 tại Thái Lan. (Bảng B futsal nữ Đông Nam Á) ĐT futsal nữ Việt Nam có màn trình diễn đỉnh cao trước Myanmar, đặc biệt trong hiệp hai. Nguồn: [Link nguồn]Nguồn: [Link nguồn]"
6c91b960734247e3502f17b886d1c9f5,Hai trọng tài FIFA Thái Lan điều hành trận derby Thủ đô giữa Thể Công - Viettel và Hà Nội,2026-02-26T17:19:35+00:00,24h,https://www.24h.com.vn/bong-da/hai-trong-tai-fifa-thai-lan-dieu-hanh-tran-derby-thu-do-giua-the-cong-viettel-va-ha-noi-c48a1740397.html,vi,trang-chu,Trọng tài|FIFA|Thái Lan|V.League|Derby|Hà Nội|Viettel,,"Lưu bài viết thành công Bạn có thể xem lại bài viết đã lưu ở trangTin bài đã lưu Trọng tài Songkran Bunmeekiart. Cụ thể, trọng tài chính là ông Songkran Bunmeekiart (sinh năm 1990), trong khi trọng tài VAR là ông Mongkolchai Pechsri (sinh năm 1981). Một người sẽ trực tiếp cầm còi trên sân, người còn lại phụ trách phòng VAR, tạo thành tổ trọng tài ngoại cho trận cầu đáng chú ý này. Ông Songkran Bunmeekiart từng nhiều lần làm nhiệm vụ tạiV.League. Ở mùa giải 2024/25, ông bắt chính trận SHB Đà Nẵng gặp Quảng Nam tại vòng 23. Trước đó, vị “vua áo đen” người Thái Lan cũng được mời điều hành các trận đấu tại mùa giải 2022 (vòng 22, TP.HCM gặp SHB Đà Nẵng) và mùa giải 2023 (Công An Hà Nội chạm trán Hà Nội FC). Việc đã quen với môi trường và nhịp độ thi đấu tại Việt Nam được xem là lợi thế giúp ông kiểm soát tốt những tình huống căng thẳng. Trọng tài Mongkolchai Pechsri Trong khi đó, Mongkolchai Pechsri là trọng tài giàu kinh nghiệm, từng nhiều năm làm nhiệm vụ tại V.League từ các mùa 2016 và 2017. Ở mùa 2024/25, ông đảm nhiệm vai trò VAR trận Đông Á Thanh Hóa gặp Thể Công - Viettel tại vòng 19. Ông cũng từng tham gia điều hành trận TP.HCM gặp SHB Đà Nẵng tại vòng 10 V.League 2023. Sự am hiểu môi trường bóng đá Việt Nam, đặc biệt là áp lực trong các trận derby, là yếu tố quan trọng để đảm bảo tính chuẩn xác của các quyết định VAR. Đây là trận đấu thứ hai tại LPBank V.League 1-2025/26 được điều hành bởi tổ trọng tài nước ngoài. Trước đó, ở vòng 13, trận CLB Công an Hà Nội gặp CLB Ninh Bình trên sân Hàng Đẫy được điều hành bởi trọng tài chính Razlan Joffri Bin Ali và trọng tài VAR Mohamad Kamil Zakaria Bin Ismail (Malaysia). Việc tiếp tục mời trọng tài ngoại cho các trận cầu đinh cho thấy quyết tâm nâng cao chất lượng điều hành, hướng tới sự minh bạch và công bằng trong giai đoạn quan trọng của mùa giải. Xem LPBank V.League 1-2025/26 trực tiếp & trọn vẹn trên FPT Play, tại https://fptplay.vn Liên đoàn bóng đá châu Á (AFC) công bố án phạt đối với Liên đoàn bóng đá Việt Nam và tiền đạo Nguyễn Đình Bắc. Nguồn: [Link nguồn]Nguồn: [Link nguồn]"
